ISO-10303-21;
HEADER;
FILE_DESCRIPTION((''),'2;1');
FILE_NAME('B78310P8078A002-T2988_SW0001','2021-11-18T',('EA6875'),(''),
'CREO PARAMETRIC BY PTC INC, 2015480','CREO PARAMETRIC BY PTC INC, 2015480','');
FILE_SCHEMA(('CONFIG_CONTROL_DESIGN','GEOMETRIC_VALIDATION_PROPERTIES_MIM'));
ENDSEC;
DATA;
#18=DIRECTION('',(0.E0,0.E0,1.E0));
#19=VECTOR('',#18,8.E-1);
#20=CARTESIAN_POINT('',(-2.4E0,2.4E0,-5.6E0));
#21=LINE('',#20,#19);
#22=DIRECTION('',(1.E0,0.E0,0.E0));
#23=VECTOR('',#22,4.8E0);
#24=CARTESIAN_POINT('',(-2.4E0,2.4E0,-4.8E0));
#25=LINE('',#24,#23);
#26=DIRECTION('',(0.E0,0.E0,-1.E0));
#27=VECTOR('',#26,8.E-1);
#28=CARTESIAN_POINT('',(2.4E0,2.4E0,-4.8E0));
#29=LINE('',#28,#27);
#30=DIRECTION('',(-1.E0,0.E0,0.E0));
#31=VECTOR('',#30,4.7E0);
#32=CARTESIAN_POINT('',(2.35E0,2.4E0,-5.6E0));
#33=LINE('',#32,#31);
#34=DIRECTION('',(0.E0,-1.E0,0.E0));
#35=VECTOR('',#34,3.15E0);
#36=CARTESIAN_POINT('',(-2.35E0,5.55E0,-5.6E0));
#37=LINE('',#36,#35);
#38=DIRECTION('',(1.E0,1.776356839400E-14,0.E0));
#39=VECTOR('',#38,5.E-2);
#40=CARTESIAN_POINT('',(-2.4E0,5.55E0,-5.6E0));
#41=LINE('',#40,#39);
#42=DIRECTION('',(0.E0,1.E0,0.E0));
#43=VECTOR('',#42,3.15E0);
#44=CARTESIAN_POINT('',(-2.4E0,2.4E0,-5.6E0));
#45=LINE('',#44,#43);
#46=DIRECTION('',(-1.E0,0.E0,0.E0));
#47=VECTOR('',#46,5.E-2);
#48=CARTESIAN_POINT('',(-2.35E0,2.4E0,-5.6E0));
#49=LINE('',#48,#47);
#50=DIRECTION('',(0.E0,1.E0,0.E0));
#51=VECTOR('',#50,4.E-1);
#52=CARTESIAN_POINT('',(-2.35E0,2.E0,-5.6E0));
#53=LINE('',#52,#51);
#54=DIRECTION('',(0.E0,0.E0,-1.E0));
#55=VECTOR('',#54,8.E-1);
#56=CARTESIAN_POINT('',(-2.35E0,2.E0,-4.8E0));
#57=LINE('',#56,#55);
#58=DIRECTION('',(0.E0,0.E0,1.E0));
#59=VECTOR('',#58,8.E-1);
#60=CARTESIAN_POINT('',(-2.35E0,-2.E0,-5.6E0));
#61=LINE('',#60,#59);
#62=DIRECTION('',(0.E0,1.E0,0.E0));
#63=VECTOR('',#62,4.E-1);
#64=CARTESIAN_POINT('',(-2.35E0,-2.4E0,-5.6E0));
#65=LINE('',#64,#63);
#66=DIRECTION('',(0.E0,1.E0,0.E0));
#67=VECTOR('',#66,5.E-1);
#68=CARTESIAN_POINT('',(-2.35E0,-6.05E0,-5.6E0));
#69=LINE('',#68,#67);
#70=DIRECTION('',(0.E0,0.E0,-1.E0));
#71=VECTOR('',#70,5.7E0);
#72=CARTESIAN_POINT('',(-2.35E0,-6.05E0,1.E-1));
#73=LINE('',#72,#71);
#74=DIRECTION('',(0.E0,1.E0,0.E0));
#75=VECTOR('',#74,2.3E0);
#76=CARTESIAN_POINT('',(-2.35E0,-8.35E0,1.E-1));
#77=LINE('',#76,#75);
#78=DIRECTION('',(0.E0,0.E0,1.E0));
#79=VECTOR('',#78,7.7E0);
#80=CARTESIAN_POINT('',(-2.35E0,-8.35E0,-7.6E0));
#81=LINE('',#80,#79);
#82=CARTESIAN_POINT('',(-2.35E0,-7.85E0,-7.6E0));
#83=DIRECTION('',(-1.E0,0.E0,0.E0));
#84=DIRECTION('',(0.E0,0.E0,-1.E0));
#85=AXIS2_PLACEMENT_3D('',#82,#83,#84);
#87=DIRECTION('',(0.E0,-1.E0,0.E0));
#88=VECTOR('',#87,1.57E1);
#89=CARTESIAN_POINT('',(-2.35E0,7.85E0,-8.1E0));
#90=LINE('',#89,#88);
#91=CARTESIAN_POINT('',(-2.35E0,7.85E0,-7.6E0));
#92=DIRECTION('',(-1.E0,0.E0,0.E0));
#93=DIRECTION('',(0.E0,1.E0,0.E0));
#94=AXIS2_PLACEMENT_3D('',#91,#92,#93);
#96=DIRECTION('',(0.E0,0.E0,-1.E0));
#97=VECTOR('',#96,7.7E0);
#98=CARTESIAN_POINT('',(-2.35E0,8.35E0,1.E-1));
#99=LINE('',#98,#97);
#100=DIRECTION('',(0.E0,1.E0,0.E0));
#101=VECTOR('',#100,2.3E0);
#102=CARTESIAN_POINT('',(-2.35E0,6.05E0,1.E-1));
#103=LINE('',#102,#101);
#104=DIRECTION('',(0.E0,0.E0,1.E0));
#105=VECTOR('',#104,5.7E0);
#106=CARTESIAN_POINT('',(-2.35E0,6.05E0,-5.6E0));
#107=LINE('',#106,#105);
#108=DIRECTION('',(0.E0,1.E0,0.E0));
#109=VECTOR('',#108,5.E-1);
#110=CARTESIAN_POINT('',(-2.35E0,5.55E0,-5.6E0));
#111=LINE('',#110,#109);
#112=DIRECTION('',(-1.E0,0.E0,0.E0));
#113=VECTOR('',#112,4.7E0);
#114=CARTESIAN_POINT('',(2.35E0,2.E0,-5.6E0));
#115=LINE('',#114,#113);
#116=DIRECTION('',(0.E0,1.E0,0.E0));
#117=VECTOR('',#116,5.E-1);
#118=CARTESIAN_POINT('',(2.35E0,5.55E0,-5.6E0));
#119=LINE('',#118,#117);
#120=DIRECTION('',(0.E0,0.E0,1.E0));
#121=VECTOR('',#120,5.7E0);
#122=CARTESIAN_POINT('',(2.35E0,6.05E0,-5.6E0));
#123=LINE('',#122,#121);
#124=DIRECTION('',(0.E0,1.E0,0.E0));
#125=VECTOR('',#124,2.3E0);
#126=CARTESIAN_POINT('',(2.35E0,6.05E0,1.E-1));
#127=LINE('',#126,#125);
#128=DIRECTION('',(0.E0,0.E0,-1.E0));
#129=VECTOR('',#128,7.7E0);
#130=CARTESIAN_POINT('',(2.35E0,8.35E0,1.E-1));
#131=LINE('',#130,#129);
#132=CARTESIAN_POINT('',(2.35E0,7.85E0,-7.6E0));
#133=DIRECTION('',(1.E0,0.E0,0.E0));
#134=DIRECTION('',(0.E0,0.E0,-1.E0));
#135=AXIS2_PLACEMENT_3D('',#132,#133,#134);
#137=DIRECTION('',(0.E0,-1.E0,0.E0));
#138=VECTOR('',#137,1.57E1);
#139=CARTESIAN_POINT('',(2.35E0,7.85E0,-8.1E0));
#140=LINE('',#139,#138);
#141=CARTESIAN_POINT('',(2.35E0,-7.85E0,-7.6E0));
#142=DIRECTION('',(1.E0,0.E0,0.E0));
#143=DIRECTION('',(0.E0,-1.E0,0.E0));
#144=AXIS2_PLACEMENT_3D('',#141,#142,#143);
#146=DIRECTION('',(0.E0,0.E0,1.E0));
#147=VECTOR('',#146,7.7E0);
#148=CARTESIAN_POINT('',(2.35E0,-8.35E0,-7.6E0));
#149=LINE('',#148,#147);
#150=DIRECTION('',(0.E0,1.E0,0.E0));
#151=VECTOR('',#150,2.3E0);
#152=CARTESIAN_POINT('',(2.35E0,-8.35E0,1.E-1));
#153=LINE('',#152,#151);
#154=DIRECTION('',(0.E0,0.E0,-1.E0));
#155=VECTOR('',#154,5.7E0);
#156=CARTESIAN_POINT('',(2.35E0,-6.05E0,1.E-1));
#157=LINE('',#156,#155);
#158=DIRECTION('',(0.E0,1.E0,0.E0));
#159=VECTOR('',#158,5.E-1);
#160=CARTESIAN_POINT('',(2.35E0,-6.05E0,-5.6E0));
#161=LINE('',#160,#159);
#162=DIRECTION('',(0.E0,1.E0,0.E0));
#163=VECTOR('',#162,4.E-1);
#164=CARTESIAN_POINT('',(2.35E0,-2.4E0,-5.6E0));
#165=LINE('',#164,#163);
#166=DIRECTION('',(0.E0,0.E0,1.E0));
#167=VECTOR('',#166,8.E-1);
#168=CARTESIAN_POINT('',(2.35E0,-2.E0,-5.6E0));
#169=LINE('',#168,#167);
#170=DIRECTION('',(0.E0,0.E0,-1.E0));
#171=VECTOR('',#170,8.E-1);
#172=CARTESIAN_POINT('',(2.35E0,2.E0,-4.8E0));
#173=LINE('',#172,#171);
#174=DIRECTION('',(0.E0,1.E0,0.E0));
#175=VECTOR('',#174,4.E-1);
#176=CARTESIAN_POINT('',(2.35E0,2.E0,-5.6E0));
#177=LINE('',#176,#175);
#178=DIRECTION('',(0.E0,-1.E0,0.E0));
#179=VECTOR('',#178,3.15E0);
#180=CARTESIAN_POINT('',(2.35E0,5.55E0,-5.6E0));
#181=LINE('',#180,#179);
#182=DIRECTION('',(-1.E0,0.E0,-7.105427357601E-14));
#183=VECTOR('',#182,5.E-2);
#184=CARTESIAN_POINT('',(2.4E0,2.4E0,-5.6E0));
#185=LINE('',#184,#183);
#186=DIRECTION('',(0.E0,-1.E0,0.E0));
#187=VECTOR('',#186,3.15E0);
#188=CARTESIAN_POINT('',(2.4E0,5.55E0,-5.6E0));
#189=LINE('',#188,#187);
#190=DIRECTION('',(1.E0,0.E0,7.105427357601E-14));
#191=VECTOR('',#190,5.E-2);
#192=CARTESIAN_POINT('',(2.35E0,5.55E0,-5.6E0));
#193=LINE('',#192,#191);
#194=DIRECTION('',(0.E0,-1.E0,0.E0));
#195=VECTOR('',#194,3.05E0);
#196=CARTESIAN_POINT('',(2.4E0,8.6E0,-5.6E0));
#197=LINE('',#196,#195);
#198=DIRECTION('',(0.E0,0.E0,-1.E0));
#199=VECTOR('',#198,6.E-1);
#200=CARTESIAN_POINT('',(2.4E0,5.55E0,-5.E0));
#201=LINE('',#200,#199);
#202=DIRECTION('',(0.E0,0.E0,1.E0));
#203=VECTOR('',#202,1.E0);
#204=CARTESIAN_POINT('',(4.6E0,8.6E0,-6.E0));
#205=LINE('',#204,#203);
#206=DIRECTION('',(0.E0,0.E0,-1.E0));
#207=VECTOR('',#206,6.E-1);
#208=CARTESIAN_POINT('',(2.4E0,8.6E0,-5.E0));
#209=LINE('',#208,#207);
#210=DIRECTION('',(-6.975647374413E-2,0.E0,9.975640502598E-1));
#211=VECTOR('',#210,2.506104745203E0);
#212=CARTESIAN_POINT('',(2.574817029859E0,8.6E0,-8.1E0));
#213=LINE('',#212,#211);
#214=CARTESIAN_POINT('',(4.6E0,7.6E0,-5.E0));
#215=DIRECTION('',(0.E0,0.E0,1.E0));
#216=DIRECTION('',(1.E0,0.E0,0.E0));
#217=AXIS2_PLACEMENT_3D('',#214,#215,#216);
#219=DIRECTION('',(0.E0,-1.E0,0.E0));
#220=VECTOR('',#219,1.52E1);
#221=CARTESIAN_POINT('',(5.6E0,7.6E0,-5.E0));
#222=LINE('',#221,#220);
#223=CARTESIAN_POINT('',(4.6E0,-7.6E0,-5.E0));
#224=DIRECTION('',(0.E0,0.E0,1.E0));
#225=DIRECTION('',(0.E0,-1.E0,0.E0));
#226=AXIS2_PLACEMENT_3D('',#223,#224,#225);
#228=DIRECTION('',(-1.E0,0.E0,0.E0));
#229=VECTOR('',#228,2.2E0);
#230=CARTESIAN_POINT('',(4.6E0,-8.6E0,-5.E0));
#231=LINE('',#230,#229);
#232=DIRECTION('',(0.E0,1.E0,0.E0));
#233=VECTOR('',#232,3.05E0);
#234=CARTESIAN_POINT('',(2.4E0,-8.6E0,-5.E0));
#235=LINE('',#234,#233);
#236=DIRECTION('',(-1.E0,0.E0,0.E0));
#237=VECTOR('',#236,4.8E0);
#238=CARTESIAN_POINT('',(2.4E0,-5.55E0,-5.E0));
#239=LINE('',#238,#237);
#240=DIRECTION('',(0.E0,-1.E0,0.E0));
#241=VECTOR('',#240,3.05E0);
#242=CARTESIAN_POINT('',(-2.4E0,-5.55E0,-5.E0));
#243=LINE('',#242,#241);
#244=DIRECTION('',(-1.E0,0.E0,0.E0));
#245=VECTOR('',#244,3.2E0);
#246=CARTESIAN_POINT('',(-2.4E0,-8.6E0,-5.E0));
#247=LINE('',#246,#245);
#248=DIRECTION('',(0.E0,1.E0,0.E0));
#249=VECTOR('',#248,1.62E1);
#250=CARTESIAN_POINT('',(-5.6E0,-8.6E0,-5.E0));
#251=LINE('',#250,#249);
#252=CARTESIAN_POINT('',(-4.6E0,7.6E0,-5.E0));
#253=DIRECTION('',(0.E0,0.E0,1.E0));
#254=DIRECTION('',(0.E0,1.E0,0.E0));
#255=AXIS2_PLACEMENT_3D('',#252,#253,#254);
#257=DIRECTION('',(1.E0,0.E0,0.E0));
#258=VECTOR('',#257,2.2E0);
#259=CARTESIAN_POINT('',(-4.6E0,8.6E0,-5.E0));
#260=LINE('',#259,#258);
#261=DIRECTION('',(0.E0,-1.E0,0.E0));
#262=VECTOR('',#261,3.05E0);
#263=CARTESIAN_POINT('',(-2.4E0,8.6E0,-5.E0));
#264=LINE('',#263,#262);
#265=DIRECTION('',(1.E0,0.E0,0.E0));
#266=VECTOR('',#265,4.8E0);
#267=CARTESIAN_POINT('',(-2.4E0,5.55E0,-5.E0));
#268=LINE('',#267,#266);
#269=DIRECTION('',(0.E0,1.E0,0.E0));
#270=VECTOR('',#269,3.05E0);
#271=CARTESIAN_POINT('',(2.4E0,5.55E0,-5.E0));
#272=LINE('',#271,#270);
#273=DIRECTION('',(1.E0,0.E0,0.E0));
#274=VECTOR('',#273,2.2E0);
#275=CARTESIAN_POINT('',(2.4E0,8.6E0,-5.E0));
#276=LINE('',#275,#274);
#277=DIRECTION('',(0.E0,-1.E0,0.E0));
#278=VECTOR('',#277,5.2E0);
#279=CARTESIAN_POINT('',(3.6E0,2.6E0,-5.E0));
#280=LINE('',#279,#278);
#281=CARTESIAN_POINT('',(2.6E0,2.6E0,-5.E0));
#282=DIRECTION('',(0.E0,0.E0,-1.E0));
#283=DIRECTION('',(0.E0,1.E0,0.E0));
#284=AXIS2_PLACEMENT_3D('',#281,#282,#283);
#286=DIRECTION('',(-1.E0,0.E0,0.E0));
#287=VECTOR('',#286,5.2E0);
#288=CARTESIAN_POINT('',(2.6E0,3.6E0,-5.E0));
#289=LINE('',#288,#287);
#290=CARTESIAN_POINT('',(-2.6E0,2.6E0,-5.E0));
#291=DIRECTION('',(0.E0,0.E0,-1.E0));
#292=DIRECTION('',(-1.E0,0.E0,0.E0));
#293=AXIS2_PLACEMENT_3D('',#290,#291,#292);
#295=DIRECTION('',(0.E0,1.E0,0.E0));
#296=VECTOR('',#295,5.2E0);
#297=CARTESIAN_POINT('',(-3.6E0,-2.6E0,-5.E0));
#298=LINE('',#297,#296);
#299=CARTESIAN_POINT('',(-2.6E0,-2.6E0,-5.E0));
#300=DIRECTION('',(0.E0,0.E0,-1.E0));
#301=DIRECTION('',(0.E0,-1.E0,0.E0));
#302=AXIS2_PLACEMENT_3D('',#299,#300,#301);
#304=DIRECTION('',(1.E0,0.E0,0.E0));
#305=VECTOR('',#304,5.2E0);
#306=CARTESIAN_POINT('',(-2.6E0,-3.6E0,-5.E0));
#307=LINE('',#306,#305);
#308=CARTESIAN_POINT('',(2.6E0,-2.6E0,-5.E0));
#309=DIRECTION('',(0.E0,0.E0,-1.E0));
#310=DIRECTION('',(1.E0,0.E0,0.E0));
#311=AXIS2_PLACEMENT_3D('',#308,#309,#310);
#313=DIRECTION('',(0.E0,0.E0,1.E0));
#314=VECTOR('',#313,1.E0);
#315=CARTESIAN_POINT('',(5.6E0,7.6E0,-6.E0));
#316=LINE('',#315,#314);
#317=DIRECTION('',(0.E0,0.E0,1.E0));
#318=VECTOR('',#317,1.E0);
#319=CARTESIAN_POINT('',(5.6E0,-7.6E0,-6.E0));
#320=LINE('',#319,#318);
#321=CARTESIAN_POINT('',(4.6E0,7.6E0,-6.E0));
#322=DIRECTION('',(0.E0,0.E0,-1.E0));
#323=DIRECTION('',(0.E0,1.E0,0.E0));
#324=AXIS2_PLACEMENT_3D('',#321,#322,#323);
#326=DIRECTION('',(1.E0,0.E0,0.E0));
#327=VECTOR('',#326,1.2E0);
#328=CARTESIAN_POINT('',(3.4E0,8.6E0,-6.E0));
#329=LINE('',#328,#327);
#330=DIRECTION('',(0.E0,1.E0,0.E0));
#331=VECTOR('',#330,1.72E1);
#332=CARTESIAN_POINT('',(3.4E0,-8.6E0,-6.E0));
#333=LINE('',#332,#331);
#334=DIRECTION('',(-1.E0,0.E0,0.E0));
#335=VECTOR('',#334,1.2E0);
#336=CARTESIAN_POINT('',(4.6E0,-8.6E0,-6.E0));
#337=LINE('',#336,#335);
#338=CARTESIAN_POINT('',(4.6E0,-7.6E0,-6.E0));
#339=DIRECTION('',(0.E0,0.E0,-1.E0));
#340=DIRECTION('',(1.E0,0.E0,0.E0));
#341=AXIS2_PLACEMENT_3D('',#338,#339,#340);
#343=DIRECTION('',(0.E0,-1.E0,0.E0));
#344=VECTOR('',#343,1.52E1);
#345=CARTESIAN_POINT('',(5.6E0,7.6E0,-6.E0));
#346=LINE('',#345,#344);
#347=DIRECTION('',(0.E0,0.E0,-1.E0));
#348=VECTOR('',#347,2.1E0);
#349=CARTESIAN_POINT('',(3.4E0,8.6E0,-6.E0));
#350=LINE('',#349,#348);
#351=DIRECTION('',(0.E0,1.E0,0.E0));
#352=VECTOR('',#351,1.72E1);
#353=CARTESIAN_POINT('',(2.574817029859E0,-8.6E0,-8.1E0));
#354=LINE('',#353,#352);
#355=DIRECTION('',(-1.E0,0.E0,0.E0));
#356=VECTOR('',#355,8.251829701412E-1);
#357=CARTESIAN_POINT('',(3.4E0,-8.6E0,-8.1E0));
#358=LINE('',#357,#356);
#359=DIRECTION('',(0.E0,-1.E0,0.E0));
#360=VECTOR('',#359,1.72E1);
#361=CARTESIAN_POINT('',(3.4E0,8.6E0,-8.1E0));
#362=LINE('',#361,#360);
#363=DIRECTION('',(1.E0,0.E0,0.E0));
#364=VECTOR('',#363,8.251829701412E-1);
#365=CARTESIAN_POINT('',(2.574817029859E0,8.6E0,-8.1E0));
#366=LINE('',#365,#364);
#367=DIRECTION('',(0.E0,0.E0,1.E0));
#368=VECTOR('',#367,1.E0);
#369=CARTESIAN_POINT('',(4.6E0,-8.6E0,-6.E0));
#370=LINE('',#369,#368);
#371=DIRECTION('',(0.E0,0.E0,-1.E0));
#372=VECTOR('',#371,2.1E0);
#373=CARTESIAN_POINT('',(3.4E0,-8.6E0,-6.E0));
#374=LINE('',#373,#372);
#375=DIRECTION('',(-6.975647374413E-2,0.E0,9.975640502598E-1));
#376=VECTOR('',#375,2.506104745203E0);
#377=CARTESIAN_POINT('',(2.574817029859E0,-8.6E0,-8.1E0));
#378=LINE('',#377,#376);
#379=DIRECTION('',(0.E0,0.E0,1.E0));
#380=VECTOR('',#379,6.E-1);
#381=CARTESIAN_POINT('',(2.4E0,-8.6E0,-5.6E0));
#382=LINE('',#381,#380);
#383=DIRECTION('',(0.E0,-1.E0,0.E0));
#384=VECTOR('',#383,3.05E0);
#385=CARTESIAN_POINT('',(2.4E0,-5.55E0,-5.6E0));
#386=LINE('',#385,#384);
#387=DIRECTION('',(0.E0,0.E0,-1.E0));
#388=VECTOR('',#387,6.E-1);
#389=CARTESIAN_POINT('',(2.4E0,-5.55E0,-5.E0));
#390=LINE('',#389,#388);
#391=DIRECTION('',(-1.E0,0.E0,0.E0));
#392=VECTOR('',#391,4.7E0);
#393=CARTESIAN_POINT('',(2.35E0,-5.55E0,-5.6E0));
#394=LINE('',#393,#392);
#395=DIRECTION('',(-1.E0,0.E0,0.E0));
#396=VECTOR('',#395,4.7E0);
#397=CARTESIAN_POINT('',(2.35E0,-6.05E0,-5.6E0));
#398=LINE('',#397,#396);
#399=DIRECTION('',(-1.E0,0.E0,0.E0));
#400=VECTOR('',#399,4.7E0);
#401=CARTESIAN_POINT('',(2.35E0,-6.05E0,1.E-1));
#402=LINE('',#401,#400);
#403=DIRECTION('',(-1.E0,0.E0,0.E0));
#404=VECTOR('',#403,4.7E0);
#405=CARTESIAN_POINT('',(2.35E0,-8.35E0,1.E-1));
#406=LINE('',#405,#404);
#407=DIRECTION('',(1.E0,0.E0,0.E0));
#408=VECTOR('',#407,4.7E0);
#409=CARTESIAN_POINT('',(-2.35E0,-8.35E0,-7.6E0));
#410=LINE('',#409,#408);
#411=DIRECTION('',(1.E0,0.E0,0.E0));
#412=VECTOR('',#411,4.7E0);
#413=CARTESIAN_POINT('',(-2.35E0,7.85E0,-8.1E0));
#414=LINE('',#413,#412);
#415=DIRECTION('',(1.E0,0.E0,0.E0));
#416=VECTOR('',#415,4.7E0);
#417=CARTESIAN_POINT('',(-2.35E0,-7.85E0,-8.1E0));
#418=LINE('',#417,#416);
#419=DIRECTION('',(1.E0,0.E0,0.E0));
#420=VECTOR('',#419,4.7E0);
#421=CARTESIAN_POINT('',(-2.35E0,8.35E0,-7.6E0));
#422=LINE('',#421,#420);
#423=DIRECTION('',(-1.E0,0.E0,0.E0));
#424=VECTOR('',#423,4.7E0);
#425=CARTESIAN_POINT('',(2.35E0,8.35E0,1.E-1));
#426=LINE('',#425,#424);
#427=DIRECTION('',(-1.E0,0.E0,0.E0));
#428=VECTOR('',#427,4.7E0);
#429=CARTESIAN_POINT('',(2.35E0,6.05E0,1.E-1));
#430=LINE('',#429,#428);
#431=DIRECTION('',(-1.E0,0.E0,0.E0));
#432=VECTOR('',#431,4.7E0);
#433=CARTESIAN_POINT('',(2.35E0,6.05E0,-5.6E0));
#434=LINE('',#433,#432);
#435=DIRECTION('',(-1.E0,0.E0,0.E0));
#436=VECTOR('',#435,4.7E0);
#437=CARTESIAN_POINT('',(2.35E0,5.55E0,-5.6E0));
#438=LINE('',#437,#436);
#439=DIRECTION('',(0.E0,1.E0,0.E0));
#440=VECTOR('',#439,3.05E0);
#441=CARTESIAN_POINT('',(-2.4E0,5.55E0,-5.6E0));
#442=LINE('',#441,#440);
#443=DIRECTION('',(0.E0,0.E0,-1.E0));
#444=VECTOR('',#443,6.E-1);
#445=CARTESIAN_POINT('',(-2.4E0,5.55E0,-5.E0));
#446=LINE('',#445,#444);
#447=DIRECTION('',(0.E0,1.E0,0.E0));
#448=VECTOR('',#447,3.05E0);
#449=CARTESIAN_POINT('',(-2.4E0,-8.6E0,-5.6E0));
#450=LINE('',#449,#448);
#451=DIRECTION('',(0.E0,0.E0,-1.E0));
#452=VECTOR('',#451,6.E-1);
#453=CARTESIAN_POINT('',(-2.4E0,-5.55E0,-5.E0));
#454=LINE('',#453,#452);
#455=DIRECTION('',(6.975647374413E-2,0.E0,9.975640502598E-1));
#456=VECTOR('',#455,2.506104745203E0);
#457=CARTESIAN_POINT('',(-2.574817029859E0,-8.6E0,-8.1E0));
#458=LINE('',#457,#456);
#459=CARTESIAN_POINT('',(-5.1E0,-8.6E0,-7.6E0));
#460=DIRECTION('',(0.E0,-1.E0,0.E0));
#461=DIRECTION('',(-1.E0,0.E0,0.E0));
#462=AXIS2_PLACEMENT_3D('',#459,#460,#461);
#464=DIRECTION('',(0.E0,0.E0,-1.E0));
#465=VECTOR('',#464,6.E-1);
#466=CARTESIAN_POINT('',(-2.4E0,-8.6E0,-5.E0));
#467=LINE('',#466,#465);
#468=DIRECTION('',(0.E0,1.E0,0.E0));
#469=VECTOR('',#468,1.72E1);
#470=CARTESIAN_POINT('',(-2.574817029859E0,-8.6E0,-8.1E0));
#471=LINE('',#470,#469);
#472=DIRECTION('',(1.E0,9.687070706189E-14,0.E0));
#473=VECTOR('',#472,8.251829701412E-1);
#474=CARTESIAN_POINT('',(-3.4E0,8.6E0,-8.1E0));
#475=LINE('',#474,#473);
#476=DIRECTION('',(0.E0,1.E0,0.E0));
#477=VECTOR('',#476,1.61E1);
#478=CARTESIAN_POINT('',(-3.4E0,-7.5E0,-8.1E0));
#479=LINE('',#478,#477);
#480=DIRECTION('',(1.E0,0.E0,0.E0));
#481=VECTOR('',#480,1.7E0);
#482=CARTESIAN_POINT('',(-5.1E0,-7.5E0,-8.1E0));
#483=LINE('',#482,#481);
#484=DIRECTION('',(0.E0,1.E0,0.E0));
#485=VECTOR('',#484,1.1E0);
#486=CARTESIAN_POINT('',(-5.1E0,-8.6E0,-8.1E0));
#487=LINE('',#486,#485);
#488=DIRECTION('',(-1.E0,0.E0,0.E0));
#489=VECTOR('',#488,2.525182970141E0);
#490=CARTESIAN_POINT('',(-2.574817029859E0,-8.6E0,-8.1E0));
#491=LINE('',#490,#489);
#492=DIRECTION('',(0.E0,0.E0,1.E0));
#493=VECTOR('',#492,1.E0);
#494=CARTESIAN_POINT('',(-4.6E0,8.6E0,-6.E0));
#495=LINE('',#494,#493);
#496=DIRECTION('',(0.E0,-1.945533681248E-14,-1.E0));
#497=VECTOR('',#496,2.1E0);
#498=CARTESIAN_POINT('',(-3.4E0,8.6E0,-6.E0));
#499=LINE('',#498,#497);
#500=DIRECTION('',(6.975647374413E-2,0.E0,9.975640502598E-1));
#501=VECTOR('',#500,2.506104745203E0);
#502=CARTESIAN_POINT('',(-2.574817029859E0,8.6E0,-8.1E0));
#503=LINE('',#502,#501);
#504=DIRECTION('',(0.E0,0.E0,1.E0));
#505=VECTOR('',#504,6.E-1);
#506=CARTESIAN_POINT('',(-2.4E0,8.6E0,-5.6E0));
#507=LINE('',#506,#505);
#508=DIRECTION('',(0.E0,0.E0,1.E0));
#509=VECTOR('',#508,1.E0);
#510=CARTESIAN_POINT('',(-5.6E0,7.6E0,-6.E0));
#511=LINE('',#510,#509);
#512=DIRECTION('',(0.E0,0.E0,-1.E0));
#513=VECTOR('',#512,2.6E0);
#514=CARTESIAN_POINT('',(-5.6E0,-8.6E0,-5.E0));
#515=LINE('',#514,#513);
#516=DIRECTION('',(0.E0,1.E0,0.E0));
#517=VECTOR('',#516,1.1E0);
#518=CARTESIAN_POINT('',(-5.6E0,-8.6E0,-7.6E0));
#519=LINE('',#518,#517);
#520=CARTESIAN_POINT('',(-5.1E0,-7.5E0,-7.6E0));
#521=DIRECTION('',(0.E0,1.E0,0.E0));
#522=DIRECTION('',(0.E0,0.E0,-1.E0));
#523=AXIS2_PLACEMENT_3D('',#520,#521,#522);
#525=DIRECTION('',(1.E0,0.E0,0.E0));
#526=VECTOR('',#525,2.2E0);
#527=CARTESIAN_POINT('',(-5.6E0,-7.5E0,-6.5E0));
#528=LINE('',#527,#526);
#529=DIRECTION('',(0.E0,0.E0,-1.E0));
#530=VECTOR('',#529,1.1E0);
#531=CARTESIAN_POINT('',(-5.6E0,-7.5E0,-6.5E0));
#532=LINE('',#531,#530);
#533=CARTESIAN_POINT('',(-3.4E0,-7.E0,-6.5E0));
#534=DIRECTION('',(-1.E0,0.E0,0.E0));
#535=DIRECTION('',(0.E0,-1.E0,0.E0));
#536=AXIS2_PLACEMENT_3D('',#533,#534,#535);
#538=DIRECTION('',(0.E0,0.E0,-1.E0));
#539=VECTOR('',#538,1.6E0);
#540=CARTESIAN_POINT('',(-3.4E0,-7.5E0,-6.5E0));
#541=LINE('',#540,#539);
#542=CARTESIAN_POINT('',(-5.6E0,-7.E0,-6.5E0));
#543=DIRECTION('',(1.E0,0.E0,0.E0));
#544=DIRECTION('',(0.E0,0.E0,1.E0));
#545=AXIS2_PLACEMENT_3D('',#542,#543,#544);
#547=CARTESIAN_POINT('',(-4.6E0,7.6E0,-6.E0));
#548=DIRECTION('',(0.E0,0.E0,-1.E0));
#549=DIRECTION('',(-1.E0,0.E0,0.E0));
#550=AXIS2_PLACEMENT_3D('',#547,#548,#549);
#552=DIRECTION('',(0.E0,1.E0,0.E0));
#553=VECTOR('',#552,1.46E1);
#554=CARTESIAN_POINT('',(-5.6E0,-7.E0,-6.E0));
#555=LINE('',#554,#553);
#556=DIRECTION('',(1.E0,0.E0,0.E0));
#557=VECTOR('',#556,2.2E0);
#558=CARTESIAN_POINT('',(-5.6E0,-7.E0,-6.E0));
#559=LINE('',#558,#557);
#560=DIRECTION('',(0.E0,-1.E0,0.E0));
#561=VECTOR('',#560,1.56E1);
#562=CARTESIAN_POINT('',(-3.4E0,8.6E0,-6.E0));
#563=LINE('',#562,#561);
#564=DIRECTION('',(1.E0,-3.404683942184E-14,0.E0));
#565=VECTOR('',#564,1.2E0);
#566=CARTESIAN_POINT('',(-4.6E0,8.6E0,-6.E0));
#567=LINE('',#566,#565);
#568=DIRECTION('',(0.E0,-1.E0,0.E0));
#569=VECTOR('',#568,3.15E0);
#570=CARTESIAN_POINT('',(-2.35E0,-2.4E0,-5.6E0));
#571=LINE('',#570,#569);
#572=DIRECTION('',(1.E0,0.E0,0.E0));
#573=VECTOR('',#572,5.E-2);
#574=CARTESIAN_POINT('',(-2.4E0,-2.4E0,-5.6E0));
#575=LINE('',#574,#573);
#576=DIRECTION('',(0.E0,1.E0,0.E0));
#577=VECTOR('',#576,3.15E0);
#578=CARTESIAN_POINT('',(-2.4E0,-5.55E0,-5.6E0));
#579=LINE('',#578,#577);
#580=DIRECTION('',(-1.E0,0.E0,0.E0));
#581=VECTOR('',#580,5.E-2);
#582=CARTESIAN_POINT('',(-2.35E0,-5.55E0,-5.6E0));
#583=LINE('',#582,#581);
#584=DIRECTION('',(0.E0,0.E0,1.E0));
#585=VECTOR('',#584,8.E-1);
#586=CARTESIAN_POINT('',(2.4E0,-2.4E0,-5.6E0));
#587=LINE('',#586,#585);
#588=DIRECTION('',(-1.E0,0.E0,0.E0));
#589=VECTOR('',#588,4.8E0);
#590=CARTESIAN_POINT('',(2.4E0,-2.4E0,-4.8E0));
#591=LINE('',#590,#589);
#592=DIRECTION('',(0.E0,0.E0,-1.E0));
#593=VECTOR('',#592,8.E-1);
#594=CARTESIAN_POINT('',(-2.4E0,-2.4E0,-4.8E0));
#595=LINE('',#594,#593);
#596=DIRECTION('',(-1.E0,0.E0,0.E0));
#597=VECTOR('',#596,4.7E0);
#598=CARTESIAN_POINT('',(2.35E0,-2.4E0,-5.6E0));
#599=LINE('',#598,#597);
#600=DIRECTION('',(0.E0,-1.E0,0.E0));
#601=VECTOR('',#600,3.15E0);
#602=CARTESIAN_POINT('',(2.35E0,-2.4E0,-5.6E0));
#603=LINE('',#602,#601);
#604=DIRECTION('',(-1.E0,0.E0,-7.105427357601E-14));
#605=VECTOR('',#604,5.E-2);
#606=CARTESIAN_POINT('',(2.4E0,-5.55E0,-5.6E0));
#607=LINE('',#606,#605);
#608=DIRECTION('',(0.E0,-1.E0,0.E0));
#609=VECTOR('',#608,3.15E0);
#610=CARTESIAN_POINT('',(2.4E0,-2.4E0,-5.6E0));
#611=LINE('',#610,#609);
#612=DIRECTION('',(1.E0,0.E0,7.105427357601E-14));
#613=VECTOR('',#612,5.E-2);
#614=CARTESIAN_POINT('',(2.35E0,-2.4E0,-5.6E0));
#615=LINE('',#614,#613);
#616=DIRECTION('',(0.E0,1.E0,0.E0));
#617=VECTOR('',#616,4.8E0);
#618=CARTESIAN_POINT('',(2.4E0,-2.4E0,-4.8E0));
#619=LINE('',#618,#617);
#620=DIRECTION('',(0.E0,-1.E0,0.E0));
#621=VECTOR('',#620,4.8E0);
#622=CARTESIAN_POINT('',(2.4E0,2.4E0,-5.6E0));
#623=LINE('',#622,#621);
#624=DIRECTION('',(0.E0,1.E0,0.E0));
#625=VECTOR('',#624,4.E0);
#626=CARTESIAN_POINT('',(2.35E0,-2.E0,-4.8E0));
#627=LINE('',#626,#625);
#628=DIRECTION('',(-1.E0,0.E0,0.E0));
#629=VECTOR('',#628,4.7E0);
#630=CARTESIAN_POINT('',(2.35E0,-2.E0,-4.8E0));
#631=LINE('',#630,#629);
#632=DIRECTION('',(0.E0,1.E0,0.E0));
#633=VECTOR('',#632,4.E0);
#634=CARTESIAN_POINT('',(-2.35E0,-2.E0,-4.8E0));
#635=LINE('',#634,#633);
#636=DIRECTION('',(-1.E0,0.E0,0.E0));
#637=VECTOR('',#636,4.7E0);
#638=CARTESIAN_POINT('',(2.35E0,2.E0,-4.8E0));
#639=LINE('',#638,#637);
#640=DIRECTION('',(0.E0,1.E0,0.E0));
#641=VECTOR('',#640,4.8E0);
#642=CARTESIAN_POINT('',(-2.4E0,-2.4E0,-4.8E0));
#643=LINE('',#642,#641);
#644=DIRECTION('',(0.E0,1.E0,0.E0));
#645=VECTOR('',#644,4.8E0);
#646=CARTESIAN_POINT('',(-2.4E0,-2.4E0,-5.6E0));
#647=LINE('',#646,#645);
#648=DIRECTION('',(-1.E0,0.E0,0.E0));
#649=VECTOR('',#648,4.7E0);
#650=CARTESIAN_POINT('',(2.35E0,-2.E0,-5.6E0));
#651=LINE('',#650,#649);
#652=DIRECTION('',(0.E0,-1.E0,0.E0));
#653=VECTOR('',#652,5.2E0);
#654=CARTESIAN_POINT('',(3.2E0,2.6E0,-4.8E0));
#655=LINE('',#654,#653);
#656=CARTESIAN_POINT('',(3.6E0,2.6E0,-4.5E0));
#657=DIRECTION('',(0.E0,-1.E0,0.E0));
#658=DIRECTION('',(-8.E-1,0.E0,-6.E-1));
#659=AXIS2_PLACEMENT_3D('',#656,#657,#658);
#661=CARTESIAN_POINT('',(3.6E0,-2.6E0,-4.5E0));
#662=DIRECTION('',(0.E0,1.E0,0.E0));
#663=DIRECTION('',(0.E0,0.E0,-1.E0));
#664=AXIS2_PLACEMENT_3D('',#661,#662,#663);
#666=CARTESIAN_POINT('',(-3.E0,3.E0,-4.8E0));
#667=DIRECTION('',(0.E0,0.E0,-1.E0));
#668=DIRECTION('',(-1.E0,0.E0,0.E0));
#669=AXIS2_PLACEMENT_3D('',#666,#667,#668);
#671=DIRECTION('',(0.E0,1.E0,0.E0));
#672=VECTOR('',#671,6.E0);
#673=CARTESIAN_POINT('',(-5.2E0,-3.E0,-4.8E0));
#674=LINE('',#673,#672);
#675=CARTESIAN_POINT('',(-3.E0,-3.E0,-4.8E0));
#676=DIRECTION('',(0.E0,0.E0,-1.E0));
#677=DIRECTION('',(0.E0,-1.E0,0.E0));
#678=AXIS2_PLACEMENT_3D('',#675,#676,#677);
#680=DIRECTION('',(-1.E0,0.E0,0.E0));
#681=VECTOR('',#680,6.E0);
#682=CARTESIAN_POINT('',(3.E0,-5.2E0,-4.8E0));
#683=LINE('',#682,#681);
#684=CARTESIAN_POINT('',(3.E0,-3.E0,-4.8E0));
#685=DIRECTION('',(0.E0,0.E0,-1.E0));
#686=DIRECTION('',(1.E0,0.E0,0.E0));
#687=AXIS2_PLACEMENT_3D('',#684,#685,#686);
#689=DIRECTION('',(0.E0,-1.E0,0.E0));
#690=VECTOR('',#689,6.E0);
#691=CARTESIAN_POINT('',(5.2E0,3.E0,-4.8E0));
#692=LINE('',#691,#690);
#693=CARTESIAN_POINT('',(3.E0,3.E0,-4.8E0));
#694=DIRECTION('',(0.E0,0.E0,-1.E0));
#695=DIRECTION('',(0.E0,1.E0,0.E0));
#696=AXIS2_PLACEMENT_3D('',#693,#694,#695);
#698=DIRECTION('',(1.E0,0.E0,0.E0));
#699=VECTOR('',#698,6.E0);
#700=CARTESIAN_POINT('',(-3.E0,5.2E0,-4.8E0));
#701=LINE('',#700,#699);
#702=CARTESIAN_POINT('',(-5.2E0,3.E0,-4.5E0));
#703=DIRECTION('',(0.E0,1.E0,0.E0));
#704=DIRECTION('',(0.E0,0.E0,-1.E0));
#705=AXIS2_PLACEMENT_3D('',#702,#703,#704);
#707=CARTESIAN_POINT('',(-3.E0,5.2E0,-4.5E0));
#708=DIRECTION('',(1.E0,0.E0,0.E0));
#709=DIRECTION('',(0.E0,0.E0,-1.E0));
#710=AXIS2_PLACEMENT_3D('',#707,#708,#709);
#712=CARTESIAN_POINT('',(3.E0,5.2E0,-4.5E0));
#713=DIRECTION('',(1.E0,0.E0,0.E0));
#714=DIRECTION('',(0.E0,0.E0,-1.E0));
#715=AXIS2_PLACEMENT_3D('',#712,#713,#714);
#717=CARTESIAN_POINT('',(5.2E0,3.E0,-4.5E0));
#718=DIRECTION('',(0.E0,-1.E0,0.E0));
#719=DIRECTION('',(0.E0,0.E0,-1.E0));
#720=AXIS2_PLACEMENT_3D('',#717,#718,#719);
#722=CARTESIAN_POINT('',(5.2E0,-3.E0,-4.5E0));
#723=DIRECTION('',(0.E0,-1.E0,0.E0));
#724=DIRECTION('',(0.E0,0.E0,-1.E0));
#725=AXIS2_PLACEMENT_3D('',#722,#723,#724);
#727=CARTESIAN_POINT('',(3.E0,-5.2E0,-4.5E0));
#728=DIRECTION('',(-1.E0,0.E0,0.E0));
#729=DIRECTION('',(0.E0,0.E0,-1.E0));
#730=AXIS2_PLACEMENT_3D('',#727,#728,#729);
#732=CARTESIAN_POINT('',(-3.E0,-5.2E0,-4.5E0));
#733=DIRECTION('',(-1.E0,0.E0,0.E0));
#734=DIRECTION('',(0.E0,0.E0,-1.E0));
#735=AXIS2_PLACEMENT_3D('',#732,#733,#734);
#737=CARTESIAN_POINT('',(-5.2E0,-3.E0,-4.5E0));
#738=DIRECTION('',(0.E0,1.E0,0.E0));
#739=DIRECTION('',(0.E0,0.E0,-1.E0));
#740=AXIS2_PLACEMENT_3D('',#737,#738,#739);
#742=DIRECTION('',(0.E0,1.E0,0.E0));
#743=VECTOR('',#742,5.999999999997E0);
#744=CARTESIAN_POINT('',(-5.5E0,-2.999999999999E0,-4.5E0));
#745=LINE('',#744,#743);
#746=DIRECTION('',(0.E0,0.E0,1.E0));
#747=VECTOR('',#746,9.2E0);
#748=CARTESIAN_POINT('',(-5.5E0,2.999999999998E0,-4.5E0));
#749=LINE('',#748,#747);
#750=DIRECTION('',(0.E0,-1.E0,0.E0));
#751=VECTOR('',#750,5.999999999997E0);
#752=CARTESIAN_POINT('',(-5.5E0,2.999999999998E0,4.7E0));
#753=LINE('',#752,#751);
#754=DIRECTION('',(0.E0,0.E0,1.E0));
#755=VECTOR('',#754,9.2E0);
#756=CARTESIAN_POINT('',(-5.5E0,-2.999999999999E0,-4.5E0));
#757=LINE('',#756,#755);
#758=CARTESIAN_POINT('',(-3.E0,3.E0,-4.5E0));
#759=DIRECTION('',(0.E0,0.E0,-1.E0));
#760=DIRECTION('',(-1.E0,0.E0,0.E0));
#761=AXIS2_PLACEMENT_3D('',#758,#759,#760);
#763=CARTESIAN_POINT('',(-3.E0,3.E0,4.7E0));
#764=DIRECTION('',(0.E0,0.E0,1.E0));
#765=DIRECTION('',(0.E0,1.E0,0.E0));
#766=AXIS2_PLACEMENT_3D('',#763,#764,#765);
#768=DIRECTION('',(1.E0,0.E0,0.E0));
#769=VECTOR('',#768,5.999999999997E0);
#770=CARTESIAN_POINT('',(-2.999999999999E0,5.5E0,-4.5E0));
#771=LINE('',#770,#769);
#772=DIRECTION('',(0.E0,0.E0,1.E0));
#773=VECTOR('',#772,9.2E0);
#774=CARTESIAN_POINT('',(2.999999999998E0,5.5E0,-4.5E0));
#775=LINE('',#774,#773);
#776=DIRECTION('',(-1.E0,0.E0,0.E0));
#777=VECTOR('',#776,5.999999999997E0);
#778=CARTESIAN_POINT('',(2.999999999998E0,5.5E0,4.7E0));
#779=LINE('',#778,#777);
#780=DIRECTION('',(0.E0,0.E0,1.E0));
#781=VECTOR('',#780,9.2E0);
#782=CARTESIAN_POINT('',(-2.999999999999E0,5.5E0,-4.5E0));
#783=LINE('',#782,#781);
#784=CARTESIAN_POINT('',(3.E0,3.E0,-4.5E0));
#785=DIRECTION('',(0.E0,0.E0,-1.E0));
#786=DIRECTION('',(0.E0,1.E0,0.E0));
#787=AXIS2_PLACEMENT_3D('',#784,#785,#786);
#789=CARTESIAN_POINT('',(3.E0,3.E0,4.7E0));
#790=DIRECTION('',(0.E0,0.E0,1.E0));
#791=DIRECTION('',(1.E0,0.E0,0.E0));
#792=AXIS2_PLACEMENT_3D('',#789,#790,#791);
#794=DIRECTION('',(0.E0,-1.E0,0.E0));
#795=VECTOR('',#794,5.999999999997E0);
#796=CARTESIAN_POINT('',(5.5E0,2.999999999999E0,-4.5E0));
#797=LINE('',#796,#795);
#798=DIRECTION('',(0.E0,0.E0,1.E0));
#799=VECTOR('',#798,9.2E0);
#800=CARTESIAN_POINT('',(5.5E0,-2.999999999998E0,-4.5E0));
#801=LINE('',#800,#799);
#802=DIRECTION('',(0.E0,1.E0,0.E0));
#803=VECTOR('',#802,5.999999999997E0);
#804=CARTESIAN_POINT('',(5.5E0,-2.999999999998E0,4.7E0));
#805=LINE('',#804,#803);
#806=DIRECTION('',(0.E0,0.E0,1.E0));
#807=VECTOR('',#806,9.2E0);
#808=CARTESIAN_POINT('',(5.5E0,2.999999999999E0,-4.5E0));
#809=LINE('',#808,#807);
#810=CARTESIAN_POINT('',(3.E0,-3.E0,-4.5E0));
#811=DIRECTION('',(0.E0,0.E0,-1.E0));
#812=DIRECTION('',(1.E0,0.E0,0.E0));
#813=AXIS2_PLACEMENT_3D('',#810,#811,#812);
#815=CARTESIAN_POINT('',(3.E0,-3.E0,4.7E0));
#816=DIRECTION('',(0.E0,0.E0,1.E0));
#817=DIRECTION('',(0.E0,-1.E0,0.E0));
#818=AXIS2_PLACEMENT_3D('',#815,#816,#817);
#820=DIRECTION('',(-1.E0,0.E0,0.E0));
#821=VECTOR('',#820,5.999999999997E0);
#822=CARTESIAN_POINT('',(2.999999999999E0,-5.5E0,-4.5E0));
#823=LINE('',#822,#821);
#824=DIRECTION('',(0.E0,0.E0,1.E0));
#825=VECTOR('',#824,9.2E0);
#826=CARTESIAN_POINT('',(-2.999999999998E0,-5.5E0,-4.5E0));
#827=LINE('',#826,#825);
#828=DIRECTION('',(1.E0,0.E0,0.E0));
#829=VECTOR('',#828,5.999999999997E0);
#830=CARTESIAN_POINT('',(-2.999999999998E0,-5.5E0,4.7E0));
#831=LINE('',#830,#829);
#832=DIRECTION('',(0.E0,0.E0,1.E0));
#833=VECTOR('',#832,9.2E0);
#834=CARTESIAN_POINT('',(2.999999999999E0,-5.5E0,-4.5E0));
#835=LINE('',#834,#833);
#836=CARTESIAN_POINT('',(-3.E0,-3.E0,-4.5E0));
#837=DIRECTION('',(0.E0,0.E0,-1.E0));
#838=DIRECTION('',(0.E0,-1.E0,0.E0));
#839=AXIS2_PLACEMENT_3D('',#836,#837,#838);
#841=CARTESIAN_POINT('',(-3.E0,-3.E0,4.7E0));
#842=DIRECTION('',(0.E0,0.E0,1.E0));
#843=DIRECTION('',(-1.E0,0.E0,0.E0));
#844=AXIS2_PLACEMENT_3D('',#841,#842,#843);
#846=CARTESIAN_POINT('',(-5.2E0,-3.E0,4.7E0));
#847=DIRECTION('',(0.E0,-1.E0,0.E0));
#848=DIRECTION('',(0.E0,0.E0,1.E0));
#849=AXIS2_PLACEMENT_3D('',#846,#847,#848);
#851=CARTESIAN_POINT('',(3.E0,-3.E0,5.E0));
#852=DIRECTION('',(0.E0,0.E0,1.E0));
#853=DIRECTION('',(0.E0,-1.E0,0.E0));
#854=AXIS2_PLACEMENT_3D('',#851,#852,#853);
#856=DIRECTION('',(1.E0,0.E0,0.E0));
#857=VECTOR('',#856,6.E0);
#858=CARTESIAN_POINT('',(-3.E0,-5.2E0,5.E0));
#859=LINE('',#858,#857);
#860=CARTESIAN_POINT('',(-3.E0,-3.E0,5.E0));
#861=DIRECTION('',(0.E0,0.E0,1.E0));
#862=DIRECTION('',(-9.945637235416E-1,-1.041297258959E-1,0.E0));
#863=AXIS2_PLACEMENT_3D('',#860,#861,#862);
#865=DIRECTION('',(9.815130841198E-1,1.913950514034E-1,0.E0));
#866=VECTOR('',#865,4.197191202785E-1);
#867=CARTESIAN_POINT('',(-5.6E0,-3.309417559572E0,5.E0));
#868=LINE('',#867,#866);
#869=DIRECTION('',(0.E0,-1.E0,0.E0));
#870=VECTOR('',#869,9.880845073350E-1);
#871=CARTESIAN_POINT('',(-5.6E0,-3.309417559572E0,5.E0));
#872=LINE('',#871,#870);
#873=CARTESIAN_POINT('',(-5.1E0,-4.297502066907E0,5.E0));
#874=DIRECTION('',(0.E0,0.E0,-1.E0));
#875=DIRECTION('',(-6.819983600625E-1,-7.313537016192E-1,0.E0));
#876=AXIS2_PLACEMENT_3D('',#873,#874,#875);
#878=DIRECTION('',(-7.313537016192E-1,6.819983600625E-1,0.E0));
#879=VECTOR('',#878,1.300327294339E0);
#880=CARTESIAN_POINT('',(-4.49E0,-5.55E0,5.E0));
#881=LINE('',#880,#879);
#882=DIRECTION('',(1.E0,0.E0,0.E0));
#883=VECTOR('',#882,2.09E0);
#884=CARTESIAN_POINT('',(-4.49E0,-5.55E0,5.E0));
#885=LINE('',#884,#883);
#886=DIRECTION('',(1.E0,0.E0,0.E0));
#887=VECTOR('',#886,4.8E0);
#888=CARTESIAN_POINT('',(-2.4E0,-5.55E0,5.E0));
#889=LINE('',#888,#887);
#890=DIRECTION('',(1.E0,0.E0,0.E0));
#891=VECTOR('',#890,2.09E0);
#892=CARTESIAN_POINT('',(2.4E0,-5.55E0,5.E0));
#893=LINE('',#892,#891);
#894=DIRECTION('',(7.313537016192E-1,6.819983600625E-1,0.E0));
#895=VECTOR('',#894,1.300327294339E0);
#896=CARTESIAN_POINT('',(4.49E0,-5.55E0,5.E0));
#897=LINE('',#896,#895);
#898=CARTESIAN_POINT('',(5.1E0,-4.297502066907E0,5.E0));
#899=DIRECTION('',(0.E0,0.E0,-1.E0));
#900=DIRECTION('',(1.E0,0.E0,0.E0));
#901=AXIS2_PLACEMENT_3D('',#898,#899,#900);
#903=DIRECTION('',(0.E0,1.E0,0.E0));
#904=VECTOR('',#903,9.880845073350E-1);
#905=CARTESIAN_POINT('',(5.6E0,-4.297502066907E0,5.E0));
#906=LINE('',#905,#904);
#907=DIRECTION('',(9.815130841198E-1,-1.913950514034E-1,0.E0));
#908=VECTOR('',#907,4.197191202785E-1);
#909=CARTESIAN_POINT('',(5.188040191791E0,-3.229085396971E0,5.E0));
#910=LINE('',#909,#908);
#911=CARTESIAN_POINT('',(3.E0,-5.2E0,4.7E0));
#912=DIRECTION('',(1.E0,0.E0,0.E0));
#913=DIRECTION('',(0.E0,0.E0,1.E0));
#914=AXIS2_PLACEMENT_3D('',#911,#912,#913);
#916=DIRECTION('',(0.E0,1.E0,0.E0));
#917=VECTOR('',#916,2.631417559572E0);
#918=CARTESIAN_POINT('',(5.2E0,-3.E0,5.E0));
#919=LINE('',#918,#917);
#920=CARTESIAN_POINT('',(3.E0,-3.E0,5.E0));
#921=DIRECTION('',(0.E0,0.E0,1.E0));
#922=DIRECTION('',(9.945637235416E-1,-1.041297258959E-1,0.E0));
#923=AXIS2_PLACEMENT_3D('',#920,#921,#922);
#925=DIRECTION('',(9.815130841198E-1,-1.913950514034E-1,0.E0));
#926=VECTOR('',#925,1.303533558438E0);
#927=CARTESIAN_POINT('',(3.908604948595E0,-2.979595524548E0,5.E0));
#928=LINE('',#927,#926);
#929=CARTESIAN_POINT('',(3.908604948597E0,-2.979595524548E0,5.5E0));
#930=DIRECTION('',(9.815130841198E-1,-1.913950514034E-1,0.E0));
#931=DIRECTION('',(0.E0,0.E0,-1.E0));
#932=AXIS2_PLACEMENT_3D('',#929,#930,#931);
#934=DIRECTION('',(0.E0,0.E0,-1.E0));
#935=VECTOR('',#934,4.E0);
#936=CARTESIAN_POINT('',(5.6E0,-4.297502066907E0,9.E0));
#937=LINE('',#936,#935);
#938=DIRECTION('',(0.E0,0.E0,1.E0));
#939=VECTOR('',#938,3.5E0);
#940=CARTESIAN_POINT('',(5.6E0,-2.8E0,5.5E0));
#941=LINE('',#940,#939);
#942=CARTESIAN_POINT('',(5.6E0,-3.309417559572E0,5.E0));
#943=CARTESIAN_POINT('',(5.6E0,-3.225299429607E0,5.E0));
#944=CARTESIAN_POINT('',(5.6E0,-3.092732073746E0,5.035668904067E0));
#945=CARTESIAN_POINT('',(5.6E0,-2.942759219379E0,5.138050439593E0));
#946=CARTESIAN_POINT('',(5.6E0,-2.837374647387E0,5.285020257494E0));
#947=CARTESIAN_POINT('',(5.6E0,-2.8E0,5.415881870036E0));
#948=CARTESIAN_POINT('',(5.6E0,-2.8E0,5.5E0));
#950=DIRECTION('',(0.E0,0.E0,-1.E0));
#951=VECTOR('',#950,4.E0);
#952=CARTESIAN_POINT('',(5.440999180031E0,-4.663178917716E0,9.E0));
#953=LINE('',#952,#951);
#954=DIRECTION('',(0.E0,0.E0,1.E0));
#955=VECTOR('',#954,4.8E0);
#956=CARTESIAN_POINT('',(4.49E0,-8.1E0,5.7E0));
#957=LINE('',#956,#955);
#958=DIRECTION('',(0.E0,0.E0,-1.E0));
#959=VECTOR('',#958,4.E0);
#960=CARTESIAN_POINT('',(4.49E0,-5.55E0,9.E0));
#961=LINE('',#960,#959);
#962=CARTESIAN_POINT('',(3.99E0,-8.1E0,1.05E1));
#963=DIRECTION('',(0.E0,0.E0,1.E0));
#964=DIRECTION('',(0.E0,-1.E0,0.E0));
#965=AXIS2_PLACEMENT_3D('',#962,#963,#964);
#967=DIRECTION('',(1.E0,0.E0,0.E0));
#968=VECTOR('',#967,8.012874103645E-1);
#969=CARTESIAN_POINT('',(3.188712589636E0,-8.6E0,1.05E1));
#970=LINE('',#969,#968);
#971=CARTESIAN_POINT('',(3.188712589636E0,-8.1E0,1.05E1));
#972=DIRECTION('',(0.E0,0.E0,1.E0));
#973=DIRECTION('',(-1.E0,0.E0,0.E0));
#974=AXIS2_PLACEMENT_3D('',#971,#972,#973);
#976=DIRECTION('',(0.E0,-1.E0,0.E0));
#977=VECTOR('',#976,1.E0);
#978=CARTESIAN_POINT('',(2.688712589636E0,-7.1E0,1.05E1));
#979=LINE('',#978,#977);
#980=DIRECTION('',(-1.E0,0.E0,0.E0));
#981=VECTOR('',#980,1.801287410364E0);
#982=CARTESIAN_POINT('',(4.49E0,-7.1E0,1.05E1));
#983=LINE('',#982,#981);
#984=DIRECTION('',(0.E0,1.E0,0.E0));
#985=VECTOR('',#984,1.E0);
#986=CARTESIAN_POINT('',(4.49E0,-8.1E0,1.05E1));
#987=LINE('',#986,#985);
#988=DIRECTION('',(0.E0,0.E0,1.E0));
#989=VECTOR('',#988,4.8E0);
#990=CARTESIAN_POINT('',(3.99E0,-8.6E0,5.7E0));
#991=LINE('',#990,#989);
#992=DIRECTION('',(-8.715574274766E-2,0.E0,-9.961946980917E-1));
#993=VECTOR('',#992,3.290691603584E0);
#994=CARTESIAN_POINT('',(3.188712589636E0,-8.6E0,8.978169528546E0));
#995=LINE('',#994,#993);
#996=DIRECTION('',(0.E0,0.E0,-1.E0));
#997=VECTOR('',#996,1.521830471454E0);
#998=CARTESIAN_POINT('',(3.188712589636E0,-8.6E0,1.05E1));
#999=LINE('',#998,#997);
#1000=CARTESIAN_POINT('',(3.99E0,-8.1E0,5.7E0));
#1001=DIRECTION('',(0.E0,0.E0,-1.E0));
#1002=DIRECTION('',(1.E0,0.E0,0.E0));
#1003=AXIS2_PLACEMENT_3D('',#1000,#1001,#1002);
#1005=DIRECTION('',(0.E0,1.E0,0.E0));
#1006=VECTOR('',#1005,2.05E0);
#1007=CARTESIAN_POINT('',(4.49E0,-8.1E0,5.7E0));
#1008=LINE('',#1007,#1006);
#1009=DIRECTION('',(1.E0,0.E0,0.E0));
#1010=VECTOR('',#1009,2.09E0);
#1011=CARTESIAN_POINT('',(2.4E0,-6.05E0,5.7E0));
#1012=LINE('',#1011,#1010);
#1013=DIRECTION('',(0.E0,-1.E0,0.E0));
#1014=VECTOR('',#1013,2.05E0);
#1015=CARTESIAN_POINT('',(2.4E0,-6.05E0,5.7E0));
#1016=LINE('',#1015,#1014);
#1017=CARTESIAN_POINT('',(2.901909918772E0,-8.6E0,5.7E0));
#1018=CARTESIAN_POINT('',(2.818417425541E0,-8.6E0,5.7E0));
#1019=CARTESIAN_POINT('',(2.687501140126E0,-8.563931298952E0,5.7E0));
#1020=CARTESIAN_POINT('',(2.539827395679E0,-8.461127563707E0,5.7E0));
#1021=CARTESIAN_POINT('',(2.436414611932E0,-8.314062867761E0,5.7E0));
#1022=CARTESIAN_POINT('',(2.4E0,-8.183492493231E0,5.7E0));
#1023=CARTESIAN_POINT('',(2.4E0,-8.1E0,5.7E0));
#1025=DIRECTION('',(1.E0,0.E0,0.E0));
#1026=VECTOR('',#1025,1.088090081228E0);
#1027=CARTESIAN_POINT('',(2.901909918772E0,-8.6E0,5.7E0));
#1028=LINE('',#1027,#1026);
#1029=DIRECTION('',(0.E0,5.812381937191E-1,-8.137334712067E-1));
#1030=VECTOR('',#1029,8.602325267043E-1);
#1031=CARTESIAN_POINT('',(4.49E0,-6.05E0,5.7E0));
#1032=LINE('',#1031,#1030);
#1033=DIRECTION('',(0.E0,-5.812381937191E-1,8.137334712067E-1));
#1034=VECTOR('',#1033,8.602325267043E-1);
#1035=CARTESIAN_POINT('',(2.4E0,-5.55E0,5.E0));
#1036=LINE('',#1035,#1034);
#1037=DIRECTION('',(0.E0,-1.E0,0.E0));
#1038=VECTOR('',#1037,5.E-1);
#1039=CARTESIAN_POINT('',(2.4E0,-5.55E0,5.7E0));
#1040=LINE('',#1039,#1038);
#1041=DIRECTION('',(-8.715574274766E-2,0.E0,-9.961946980917E-1));
#1042=VECTOR('',#1041,3.312605463893E0);
#1043=CARTESIAN_POINT('',(2.688712589636E0,-8.1E0,9.E0));
#1044=LINE('',#1043,#1042);
#1045=DIRECTION('',(8.715574274766E-2,0.E0,9.961946980917E-1));
#1046=VECTOR('',#1045,3.312605463893E0);
#1047=CARTESIAN_POINT('',(2.4E0,8.1E0,5.7E0));
#1048=LINE('',#1047,#1046);
#1049=DIRECTION('',(0.E0,-1.E0,0.E0));
#1050=VECTOR('',#1049,1.E0);
#1051=CARTESIAN_POINT('',(2.688712589636E0,8.1E0,9.E0));
#1052=LINE('',#1051,#1050);
#1053=DIRECTION('',(0.E0,1.E0,0.E0));
#1054=VECTOR('',#1053,1.E0);
#1055=CARTESIAN_POINT('',(2.688712589636E0,-8.1E0,9.E0));
#1056=LINE('',#1055,#1054);
#1057=CARTESIAN_POINT('',(2.688712589636E0,-8.1E0,9.E0));
#1058=CARTESIAN_POINT('',(2.688712589636E0,-8.132735517340E0,9.E0));
#1059=CARTESIAN_POINT('',(2.695164144390E0,-8.198188568513E0,8.999718319036E0));
#1060=CARTESIAN_POINT('',(2.723778650332E0,-8.292519481918E0,8.998468982726E0));
#1061=CARTESIAN_POINT('',(2.770230653834E0,-8.379475841967E0,8.996440844453E0));
#1062=CARTESIAN_POINT('',(2.832840881254E0,-8.455802017502E0,8.993707222888E0));
#1063=CARTESIAN_POINT('',(2.909157001039E0,-8.518432397597E0,8.990375189139E0));
#1064=CARTESIAN_POINT('',(2.996188294712E0,-8.564938927074E0,8.986575320795E0));
#1065=CARTESIAN_POINT('',(3.090579638096E0,-8.593560068339E0,8.982454105740E0));
#1066=CARTESIAN_POINT('',(3.156003597072E0,-8.6E0,8.979597634003E0));
#1067=CARTESIAN_POINT('',(3.188712589636E0,-8.6E0,8.978169528546E0));
#1069=DIRECTION('',(0.E0,0.E0,-1.E0));
#1070=VECTOR('',#1069,1.5E0);
#1071=CARTESIAN_POINT('',(2.688712589636E0,-8.1E0,1.05E1));
#1072=LINE('',#1071,#1070);
#1073=DIRECTION('',(0.E0,0.E0,1.E0));
#1074=VECTOR('',#1073,1.5E0);
#1075=CARTESIAN_POINT('',(2.688712589636E0,-7.1E0,9.E0));
#1076=LINE('',#1075,#1074);
#1077=DIRECTION('',(0.E0,0.E0,1.E0));
#1078=VECTOR('',#1077,1.5E0);
#1079=CARTESIAN_POINT('',(4.49E0,-7.1E0,9.E0));
#1080=LINE('',#1079,#1078);
#1081=DIRECTION('',(-1.E0,0.E0,0.E0));
#1082=VECTOR('',#1081,1.801287410364E0);
#1083=CARTESIAN_POINT('',(4.49E0,-7.1E0,9.E0));
#1084=LINE('',#1083,#1082);
#1085=DIRECTION('',(0.E0,1.E0,0.E0));
#1086=VECTOR('',#1085,1.42E1);
#1087=CARTESIAN_POINT('',(2.688712589636E0,-7.1E0,9.E0));
#1088=LINE('',#1087,#1086);
#1089=DIRECTION('',(1.E0,0.E0,0.E0));
#1090=VECTOR('',#1089,1.801287410364E0);
#1091=CARTESIAN_POINT('',(2.688712589636E0,7.1E0,9.E0));
#1092=LINE('',#1091,#1090);
#1093=DIRECTION('',(0.E0,-1.E0,0.E0));
#1094=VECTOR('',#1093,1.55E0);
#1095=CARTESIAN_POINT('',(4.49E0,7.1E0,9.E0));
#1096=LINE('',#1095,#1094);
#1097=DIRECTION('',(-7.313537016192E-1,6.819983600625E-1,0.E0));
#1098=VECTOR('',#1097,1.300327294339E0);
#1099=CARTESIAN_POINT('',(5.440999180031E0,4.663178917716E0,9.E0));
#1100=LINE('',#1099,#1098);
#1101=CARTESIAN_POINT('',(5.1E0,4.297502066907E0,9.E0));
#1102=DIRECTION('',(0.E0,0.E0,1.E0));
#1103=DIRECTION('',(1.E0,0.E0,0.E0));
#1104=AXIS2_PLACEMENT_3D('',#1101,#1102,#1103);
#1106=DIRECTION('',(0.E0,1.E0,0.E0));
#1107=VECTOR('',#1106,1.497502066907E0);
#1108=CARTESIAN_POINT('',(5.6E0,2.8E0,9.E0));
#1109=LINE('',#1108,#1107);
#1110=DIRECTION('',(9.815130841198E-1,1.913950514034E-1,0.E0));
#1111=VECTOR('',#1110,1.625752678715E0);
#1112=CARTESIAN_POINT('',(4.004302474298E0,2.488838982488E0,9.E0));
#1113=LINE('',#1112,#1111);
#1114=DIRECTION('',(0.E0,1.E0,0.E0));
#1115=VECTOR('',#1114,3.961648808566E-1);
#1116=CARTESIAN_POINT('',(3.6E0,1.601917559572E0,9.E0));
#1117=LINE('',#1116,#1115);
#1118=DIRECTION('',(-9.815130841198E-1,1.913950514034E-1,0.E0));
#1119=VECTOR('',#1118,1.625752678715E0);
#1120=CARTESIAN_POINT('',(5.6E0,8.E-1,9.E0));
#1121=LINE('',#1120,#1119);
#1122=DIRECTION('',(0.E0,1.E0,0.E0));
#1123=VECTOR('',#1122,1.6E0);
#1124=CARTESIAN_POINT('',(5.6E0,-8.E-1,9.E0));
#1125=LINE('',#1124,#1123);
#1126=DIRECTION('',(9.815130841198E-1,1.913950514034E-1,0.E0));
#1127=VECTOR('',#1126,1.625752678715E0);
#1128=CARTESIAN_POINT('',(4.004302474298E0,-1.111161017512E0,9.E0));
#1129=LINE('',#1128,#1127);
#1130=DIRECTION('',(0.E0,1.E0,0.E0));
#1131=VECTOR('',#1130,3.961648808566E-1);
#1132=CARTESIAN_POINT('',(3.6E0,-1.998082440428E0,9.E0));
#1133=LINE('',#1132,#1131);
#1134=DIRECTION('',(-9.815130841198E-1,1.913950514034E-1,0.E0));
#1135=VECTOR('',#1134,1.625752678715E0);
#1136=CARTESIAN_POINT('',(5.6E0,-2.8E0,9.E0));
#1137=LINE('',#1136,#1135);
#1138=DIRECTION('',(0.E0,1.E0,0.E0));
#1139=VECTOR('',#1138,1.497502066907E0);
#1140=CARTESIAN_POINT('',(5.6E0,-4.297502066907E0,9.E0));
#1141=LINE('',#1140,#1139);
#1142=CARTESIAN_POINT('',(5.1E0,-4.297502066907E0,9.E0));
#1143=DIRECTION('',(0.E0,0.E0,1.E0));
#1144=DIRECTION('',(6.819983600625E-1,-7.313537016192E-1,0.E0));
#1145=AXIS2_PLACEMENT_3D('',#1142,#1143,#1144);
#1147=DIRECTION('',(7.313537016192E-1,6.819983600625E-1,0.E0));
#1148=VECTOR('',#1147,1.300327294339E0);
#1149=CARTESIAN_POINT('',(4.49E0,-5.55E0,9.E0));
#1150=LINE('',#1149,#1148);
#1151=DIRECTION('',(0.E0,1.E0,0.E0));
#1152=VECTOR('',#1151,1.55E0);
#1153=CARTESIAN_POINT('',(4.49E0,-7.1E0,9.E0));
#1154=LINE('',#1153,#1152);
#1155=DIRECTION('',(-1.E0,0.E0,0.E0));
#1156=VECTOR('',#1155,6.E-1);
#1157=CARTESIAN_POINT('',(4.05E0,-3.E-1,9.E0));
#1158=LINE('',#1157,#1156);
#1159=DIRECTION('',(0.E0,-1.E0,0.E0));
#1160=VECTOR('',#1159,6.E-1);
#1161=CARTESIAN_POINT('',(4.05E0,3.E-1,9.E0));
#1162=LINE('',#1161,#1160);
#1163=DIRECTION('',(1.E0,0.E0,0.E0));
#1164=VECTOR('',#1163,6.E-1);
#1165=CARTESIAN_POINT('',(3.45E0,3.E-1,9.E0));
#1166=LINE('',#1165,#1164);
#1167=DIRECTION('',(0.E0,1.E0,0.E0));
#1168=VECTOR('',#1167,6.E-1);
#1169=CARTESIAN_POINT('',(3.45E0,-3.E-1,9.E0));
#1170=LINE('',#1169,#1168);
#1171=DIRECTION('',(-1.E0,0.E0,0.E0));
#1172=VECTOR('',#1171,6.E-1);
#1173=CARTESIAN_POINT('',(4.05E0,-4.05E0,9.E0));
#1174=LINE('',#1173,#1172);
#1175=DIRECTION('',(0.E0,-1.E0,0.E0));
#1176=VECTOR('',#1175,6.E-1);
#1177=CARTESIAN_POINT('',(4.05E0,-3.45E0,9.E0));
#1178=LINE('',#1177,#1176);
#1179=DIRECTION('',(1.E0,0.E0,0.E0));
#1180=VECTOR('',#1179,6.E-1);
#1181=CARTESIAN_POINT('',(3.45E0,-3.45E0,9.E0));
#1182=LINE('',#1181,#1180);
#1183=DIRECTION('',(0.E0,1.E0,0.E0));
#1184=VECTOR('',#1183,6.E-1);
#1185=CARTESIAN_POINT('',(3.45E0,-4.05E0,9.E0));
#1186=LINE('',#1185,#1184);
#1187=DIRECTION('',(0.E0,-1.E0,0.E0));
#1188=VECTOR('',#1187,6.E-1);
#1189=CARTESIAN_POINT('',(4.05E0,4.05E0,9.E0));
#1190=LINE('',#1189,#1188);
#1191=DIRECTION('',(1.E0,0.E0,0.E0));
#1192=VECTOR('',#1191,6.E-1);
#1193=CARTESIAN_POINT('',(3.45E0,4.05E0,9.E0));
#1194=LINE('',#1193,#1192);
#1195=DIRECTION('',(0.E0,1.E0,0.E0));
#1196=VECTOR('',#1195,6.E-1);
#1197=CARTESIAN_POINT('',(3.45E0,3.45E0,9.E0));
#1198=LINE('',#1197,#1196);
#1199=DIRECTION('',(-1.E0,0.E0,0.E0));
#1200=VECTOR('',#1199,6.E-1);
#1201=CARTESIAN_POINT('',(4.05E0,3.45E0,9.E0));
#1202=LINE('',#1201,#1200);
#1203=DIRECTION('',(0.E0,0.E0,1.E0));
#1204=VECTOR('',#1203,1.5E0);
#1205=CARTESIAN_POINT('',(2.688712589636E0,7.1E0,9.E0));
#1206=LINE('',#1205,#1204);
#1207=DIRECTION('',(0.E0,0.E0,-1.E0));
#1208=VECTOR('',#1207,1.5E0);
#1209=CARTESIAN_POINT('',(2.688712589636E0,8.1E0,1.05E1));
#1210=LINE('',#1209,#1208);
#1211=CARTESIAN_POINT('',(3.99E0,8.1E0,1.05E1));
#1212=DIRECTION('',(0.E0,0.E0,1.E0));
#1213=DIRECTION('',(1.E0,0.E0,0.E0));
#1214=AXIS2_PLACEMENT_3D('',#1211,#1212,#1213);
#1216=DIRECTION('',(0.E0,1.E0,0.E0));
#1217=VECTOR('',#1216,1.E0);
#1218=CARTESIAN_POINT('',(4.49E0,7.1E0,1.05E1));
#1219=LINE('',#1218,#1217);
#1220=DIRECTION('',(1.E0,0.E0,0.E0));
#1221=VECTOR('',#1220,1.801287410364E0);
#1222=CARTESIAN_POINT('',(2.688712589636E0,7.1E0,1.05E1));
#1223=LINE('',#1222,#1221);
#1224=DIRECTION('',(0.E0,-1.E0,0.E0));
#1225=VECTOR('',#1224,1.E0);
#1226=CARTESIAN_POINT('',(2.688712589636E0,8.1E0,1.05E1));
#1227=LINE('',#1226,#1225);
#1228=CARTESIAN_POINT('',(3.188712589636E0,8.1E0,1.05E1));
#1229=DIRECTION('',(0.E0,0.E0,1.E0));
#1230=DIRECTION('',(0.E0,1.E0,0.E0));
#1231=AXIS2_PLACEMENT_3D('',#1228,#1229,#1230);
#1233=DIRECTION('',(-1.E0,0.E0,0.E0));
#1234=VECTOR('',#1233,8.012874103645E-1);
#1235=CARTESIAN_POINT('',(3.99E0,8.6E0,1.05E1));
#1236=LINE('',#1235,#1234);
#1237=DIRECTION('',(0.E0,0.E0,1.E0));
#1238=VECTOR('',#1237,4.8E0);
#1239=CARTESIAN_POINT('',(3.99E0,8.6E0,5.7E0));
#1240=LINE('',#1239,#1238);
#1241=DIRECTION('',(0.E0,0.E0,-1.E0));
#1242=VECTOR('',#1241,1.521830471454E0);
#1243=CARTESIAN_POINT('',(3.188712589636E0,8.6E0,1.05E1));
#1244=LINE('',#1243,#1242);
#1245=DIRECTION('',(8.715574274766E-2,0.E0,9.961946980917E-1));
#1246=VECTOR('',#1245,3.290691603584E0);
#1247=CARTESIAN_POINT('',(2.901909918772E0,8.6E0,5.7E0));
#1248=LINE('',#1247,#1246);
#1249=CARTESIAN_POINT('',(2.688712589636E0,8.1E0,9.E0));
#1250=CARTESIAN_POINT('',(2.688712589636E0,8.132735517340E0,9.E0));
#1251=CARTESIAN_POINT('',(2.695164144390E0,8.198188568513E0,8.999718319036E0));
#1252=CARTESIAN_POINT('',(2.723778650332E0,8.292519481918E0,8.998468982726E0));
#1253=CARTESIAN_POINT('',(2.770230653834E0,8.379475841967E0,8.996440844453E0));
#1254=CARTESIAN_POINT('',(2.832840881254E0,8.455802017502E0,8.993707222888E0));
#1255=CARTESIAN_POINT('',(2.909157001039E0,8.518432397597E0,8.990375189139E0));
#1256=CARTESIAN_POINT('',(2.996188294712E0,8.564938927074E0,8.986575320795E0));
#1257=CARTESIAN_POINT('',(3.090579638096E0,8.593560068339E0,8.982454105740E0));
#1258=CARTESIAN_POINT('',(3.156003597072E0,8.6E0,8.979597634003E0));
#1259=CARTESIAN_POINT('',(3.188712589636E0,8.6E0,8.978169528546E0));
#1261=CARTESIAN_POINT('',(3.99E0,8.1E0,5.7E0));
#1262=DIRECTION('',(0.E0,0.E0,-1.E0));
#1263=DIRECTION('',(0.E0,1.E0,0.E0));
#1264=AXIS2_PLACEMENT_3D('',#1261,#1262,#1263);
#1266=DIRECTION('',(-1.E0,0.E0,0.E0));
#1267=VECTOR('',#1266,1.088090081228E0);
#1268=CARTESIAN_POINT('',(3.99E0,8.6E0,5.7E0));
#1269=LINE('',#1268,#1267);
#1270=CARTESIAN_POINT('',(2.4E0,8.1E0,5.7E0));
#1271=CARTESIAN_POINT('',(2.4E0,8.183492493231E0,5.7E0));
#1272=CARTESIAN_POINT('',(2.436414611932E0,8.314062867761E0,5.7E0));
#1273=CARTESIAN_POINT('',(2.539827395679E0,8.461127563707E0,5.7E0));
#1274=CARTESIAN_POINT('',(2.687501140126E0,8.563931298952E0,5.7E0));
#1275=CARTESIAN_POINT('',(2.818417425541E0,8.6E0,5.7E0));
#1276=CARTESIAN_POINT('',(2.901909918772E0,8.6E0,5.7E0));
#1278=DIRECTION('',(0.E0,-1.E0,0.E0));
#1279=VECTOR('',#1278,2.05E0);
#1280=CARTESIAN_POINT('',(2.4E0,8.1E0,5.7E0));
#1281=LINE('',#1280,#1279);
#1282=DIRECTION('',(-1.E0,0.E0,0.E0));
#1283=VECTOR('',#1282,2.09E0);
#1284=CARTESIAN_POINT('',(4.49E0,6.05E0,5.7E0));
#1285=LINE('',#1284,#1283);
#1286=DIRECTION('',(0.E0,-1.E0,0.E0));
#1287=VECTOR('',#1286,2.05E0);
#1288=CARTESIAN_POINT('',(4.49E0,8.1E0,5.7E0));
#1289=LINE('',#1288,#1287);
#1290=DIRECTION('',(0.E0,-5.812381937191E-1,-8.137334712067E-1));
#1291=VECTOR('',#1290,8.602325267043E-1);
#1292=CARTESIAN_POINT('',(2.4E0,6.05E0,5.7E0));
#1293=LINE('',#1292,#1291);
#1294=DIRECTION('',(0.E0,5.812381937191E-1,8.137334712067E-1));
#1295=VECTOR('',#1294,8.602325267043E-1);
#1296=CARTESIAN_POINT('',(4.49E0,5.55E0,5.E0));
#1297=LINE('',#1296,#1295);
#1298=DIRECTION('',(0.E0,-1.E0,0.E0));
#1299=VECTOR('',#1298,5.E-1);
#1300=CARTESIAN_POINT('',(2.4E0,6.05E0,5.7E0));
#1301=LINE('',#1300,#1299);
#1302=DIRECTION('',(0.E0,0.E0,1.E0));
#1303=VECTOR('',#1302,7.E-1);
#1304=CARTESIAN_POINT('',(-2.4E0,5.55E0,5.E0));
#1305=LINE('',#1304,#1303);
#1306=DIRECTION('',(0.E0,0.E0,1.E0));
#1307=VECTOR('',#1306,7.E-1);
#1308=CARTESIAN_POINT('',(2.4E0,5.55E0,5.E0));
#1309=LINE('',#1308,#1307);
#1310=DIRECTION('',(0.E0,1.E0,0.E0));
#1311=VECTOR('',#1310,5.E-1);
#1312=CARTESIAN_POINT('',(-2.4E0,5.55E0,5.7E0));
#1313=LINE('',#1312,#1311);
#1314=DIRECTION('',(-8.715574274766E-2,0.E0,9.961946980917E-1));
#1315=VECTOR('',#1314,3.312605463893E0);
#1316=CARTESIAN_POINT('',(-2.4E0,-8.1E0,5.7E0));
#1317=LINE('',#1316,#1315);
#1318=DIRECTION('',(0.E0,1.E0,0.E0));
#1319=VECTOR('',#1318,1.E0);
#1320=CARTESIAN_POINT('',(-2.688712589636E0,-8.1E0,9.E0));
#1321=LINE('',#1320,#1319);
#1322=DIRECTION('',(0.E0,-1.E0,1.421085471520E-14));
#1323=VECTOR('',#1322,1.E0);
#1324=CARTESIAN_POINT('',(-2.688712589636E0,8.1E0,9.E0));
#1325=LINE('',#1324,#1323);
#1326=DIRECTION('',(8.715574274766E-2,0.E0,-9.961946980917E-1));
#1327=VECTOR('',#1326,3.312605463893E0);
#1328=CARTESIAN_POINT('',(-2.688712589636E0,8.1E0,9.E0));
#1329=LINE('',#1328,#1327);
#1330=CARTESIAN_POINT('',(-2.688712589636E0,-8.1E0,9.E0));
#1331=CARTESIAN_POINT('',(-2.688712589636E0,-8.132735517340E0,9.E0));
#1332=CARTESIAN_POINT('',(-2.695164144390E0,-8.198188568513E0,
8.999718319036E0));
#1333=CARTESIAN_POINT('',(-2.723778650332E0,-8.292519481918E0,
8.998468982726E0));
#1334=CARTESIAN_POINT('',(-2.770230653834E0,-8.379475841967E0,
8.996440844453E0));
#1335=CARTESIAN_POINT('',(-2.832840881254E0,-8.455802017502E0,
8.993707222888E0));
#1336=CARTESIAN_POINT('',(-2.909157001039E0,-8.518432397597E0,
8.990375189139E0));
#1337=CARTESIAN_POINT('',(-2.996188294712E0,-8.564938927074E0,
8.986575320795E0));
#1338=CARTESIAN_POINT('',(-3.090579638096E0,-8.593560068339E0,
8.982454105740E0));
#1339=CARTESIAN_POINT('',(-3.156003597072E0,-8.6E0,8.979597634003E0));
#1340=CARTESIAN_POINT('',(-3.188712589636E0,-8.6E0,8.978169528546E0));
#1342=CARTESIAN_POINT('',(-2.4E0,-8.1E0,5.7E0));
#1343=CARTESIAN_POINT('',(-2.4E0,-8.183492493231E0,5.7E0));
#1344=CARTESIAN_POINT('',(-2.436414611932E0,-8.314062867761E0,5.7E0));
#1345=CARTESIAN_POINT('',(-2.539827395679E0,-8.461127563707E0,5.7E0));
#1346=CARTESIAN_POINT('',(-2.687501140126E0,-8.563931298952E0,5.7E0));
#1347=CARTESIAN_POINT('',(-2.818417425541E0,-8.6E0,5.7E0));
#1348=CARTESIAN_POINT('',(-2.901909918772E0,-8.6E0,5.7E0));
#1350=DIRECTION('',(0.E0,1.E0,0.E0));
#1351=VECTOR('',#1350,2.05E0);
#1352=CARTESIAN_POINT('',(-2.4E0,-8.1E0,5.7E0));
#1353=LINE('',#1352,#1351);
#1354=DIRECTION('',(1.E0,0.E0,0.E0));
#1355=VECTOR('',#1354,2.09E0);
#1356=CARTESIAN_POINT('',(-4.49E0,-6.05E0,5.7E0));
#1357=LINE('',#1356,#1355);
#1358=DIRECTION('',(0.E0,1.E0,0.E0));
#1359=VECTOR('',#1358,2.05E0);
#1360=CARTESIAN_POINT('',(-4.49E0,-8.1E0,5.7E0));
#1361=LINE('',#1360,#1359);
#1362=CARTESIAN_POINT('',(-3.99E0,-8.1E0,5.7E0));
#1363=DIRECTION('',(0.E0,0.E0,-1.E0));
#1364=DIRECTION('',(0.E0,-1.E0,0.E0));
#1365=AXIS2_PLACEMENT_3D('',#1362,#1363,#1364);
#1367=DIRECTION('',(1.E0,0.E0,0.E0));
#1368=VECTOR('',#1367,1.088090081228E0);
#1369=CARTESIAN_POINT('',(-3.99E0,-8.6E0,5.7E0));
#1370=LINE('',#1369,#1368);
#1371=DIRECTION('',(0.E0,5.812381937191E-1,-8.137334712067E-1));
#1372=VECTOR('',#1371,8.602325267043E-1);
#1373=CARTESIAN_POINT('',(-2.4E0,-6.05E0,5.7E0));
#1374=LINE('',#1373,#1372);
#1375=DIRECTION('',(0.E0,-5.812381937191E-1,8.137334712067E-1));
#1376=VECTOR('',#1375,8.602325267043E-1);
#1377=CARTESIAN_POINT('',(-4.49E0,-5.55E0,5.E0));
#1378=LINE('',#1377,#1376);
#1379=DIRECTION('',(0.E0,1.E0,0.E0));
#1380=VECTOR('',#1379,5.E-1);
#1381=CARTESIAN_POINT('',(-2.4E0,-6.05E0,5.7E0));
#1382=LINE('',#1381,#1380);
#1383=DIRECTION('',(0.E0,0.E0,1.E0));
#1384=VECTOR('',#1383,7.E-1);
#1385=CARTESIAN_POINT('',(-2.4E0,-5.55E0,5.E0));
#1386=LINE('',#1385,#1384);
#1387=DIRECTION('',(0.E0,0.E0,1.E0));
#1388=VECTOR('',#1387,7.E-1);
#1389=CARTESIAN_POINT('',(2.4E0,-5.55E0,5.E0));
#1390=LINE('',#1389,#1388);
#1391=DIRECTION('',(0.E0,-1.E0,0.E0));
#1392=VECTOR('',#1391,3.15E0);
#1393=CARTESIAN_POINT('',(2.4E0,-2.4E0,5.7E0));
#1394=LINE('',#1393,#1392);
#1395=DIRECTION('',(1.E0,0.E0,0.E0));
#1396=VECTOR('',#1395,4.8E0);
#1397=CARTESIAN_POINT('',(-2.4E0,-5.55E0,5.7E0));
#1398=LINE('',#1397,#1396);
#1399=DIRECTION('',(0.E0,1.E0,0.E0));
#1400=VECTOR('',#1399,3.15E0);
#1401=CARTESIAN_POINT('',(-2.4E0,-5.55E0,5.7E0));
#1402=LINE('',#1401,#1400);
#1403=DIRECTION('',(-1.E0,0.E0,0.E0));
#1404=VECTOR('',#1403,4.8E0);
#1405=CARTESIAN_POINT('',(2.4E0,-2.4E0,5.7E0));
#1406=LINE('',#1405,#1404);
#1407=DIRECTION('',(-1.E0,0.E0,0.E0));
#1408=VECTOR('',#1407,4.8E0);
#1409=CARTESIAN_POINT('',(2.4E0,-2.4E0,5.E0));
#1410=LINE('',#1409,#1408);
#1411=DIRECTION('',(0.E0,0.E0,1.E0));
#1412=VECTOR('',#1411,7.E-1);
#1413=CARTESIAN_POINT('',(2.4E0,-2.4E0,5.E0));
#1414=LINE('',#1413,#1412);
#1415=DIRECTION('',(0.E0,0.E0,-1.E0));
#1416=VECTOR('',#1415,7.E-1);
#1417=CARTESIAN_POINT('',(-2.4E0,-2.4E0,5.7E0));
#1418=LINE('',#1417,#1416);
#1419=DIRECTION('',(0.E0,1.E0,0.E0));
#1420=VECTOR('',#1419,4.E0);
#1421=CARTESIAN_POINT('',(2.35E0,-2.E0,5.E0));
#1422=LINE('',#1421,#1420);
#1423=DIRECTION('',(-1.E0,0.E0,0.E0));
#1424=VECTOR('',#1423,4.7E0);
#1425=CARTESIAN_POINT('',(2.35E0,2.E0,5.E0));
#1426=LINE('',#1425,#1424);
#1427=DIRECTION('',(0.E0,1.E0,0.E0));
#1428=VECTOR('',#1427,4.E0);
#1429=CARTESIAN_POINT('',(-2.35E0,-2.E0,5.E0));
#1430=LINE('',#1429,#1428);
#1431=DIRECTION('',(-1.E0,0.E0,0.E0));
#1432=VECTOR('',#1431,4.7E0);
#1433=CARTESIAN_POINT('',(2.35E0,-2.E0,5.E0));
#1434=LINE('',#1433,#1432);
#1435=DIRECTION('',(1.E0,0.E0,0.E0));
#1436=VECTOR('',#1435,4.8E0);
#1437=CARTESIAN_POINT('',(-2.4E0,2.4E0,5.E0));
#1438=LINE('',#1437,#1436);
#1439=DIRECTION('',(0.E0,0.E0,1.E0));
#1440=VECTOR('',#1439,7.E-1);
#1441=CARTESIAN_POINT('',(-2.4E0,2.4E0,5.E0));
#1442=LINE('',#1441,#1440);
#1443=DIRECTION('',(0.E0,0.E0,-1.E0));
#1444=VECTOR('',#1443,7.E-1);
#1445=CARTESIAN_POINT('',(2.4E0,2.4E0,5.7E0));
#1446=LINE('',#1445,#1444);
#1447=DIRECTION('',(0.E0,1.E0,0.E0));
#1448=VECTOR('',#1447,4.8E0);
#1449=CARTESIAN_POINT('',(-2.4E0,-2.4E0,5.E0));
#1450=LINE('',#1449,#1448);
#1451=DIRECTION('',(0.E0,1.E0,0.E0));
#1452=VECTOR('',#1451,4.8E0);
#1453=CARTESIAN_POINT('',(-2.4E0,-2.4E0,5.7E0));
#1454=LINE('',#1453,#1452);
#1455=DIRECTION('',(0.E0,-1.E0,0.E0));
#1456=VECTOR('',#1455,3.15E0);
#1457=CARTESIAN_POINT('',(2.4E0,5.55E0,5.7E0));
#1458=LINE('',#1457,#1456);
#1459=DIRECTION('',(1.E0,0.E0,0.E0));
#1460=VECTOR('',#1459,4.8E0);
#1461=CARTESIAN_POINT('',(-2.4E0,2.4E0,5.7E0));
#1462=LINE('',#1461,#1460);
#1463=DIRECTION('',(0.E0,1.E0,0.E0));
#1464=VECTOR('',#1463,3.15E0);
#1465=CARTESIAN_POINT('',(-2.4E0,2.4E0,5.7E0));
#1466=LINE('',#1465,#1464);
#1467=DIRECTION('',(-1.E0,0.E0,0.E0));
#1468=VECTOR('',#1467,4.8E0);
#1469=CARTESIAN_POINT('',(2.4E0,5.55E0,5.7E0));
#1470=LINE('',#1469,#1468);
#1471=DIRECTION('',(0.E0,1.E0,0.E0));
#1472=VECTOR('',#1471,4.8E0);
#1473=CARTESIAN_POINT('',(2.4E0,-2.4E0,5.E0));
#1474=LINE('',#1473,#1472);
#1475=DIRECTION('',(0.E0,-1.E0,0.E0));
#1476=VECTOR('',#1475,4.8E0);
#1477=CARTESIAN_POINT('',(2.4E0,2.4E0,5.7E0));
#1478=LINE('',#1477,#1476);
#1479=DIRECTION('',(0.E0,0.E0,1.E0));
#1480=VECTOR('',#1479,8.2E-1);
#1481=CARTESIAN_POINT('',(2.35E0,-2.E0,5.E0));
#1482=LINE('',#1481,#1480);
#1483=DIRECTION('',(0.E0,-1.E0,0.E0));
#1484=VECTOR('',#1483,4.05E0);
#1485=CARTESIAN_POINT('',(2.35E0,-2.E0,5.82E0));
#1486=LINE('',#1485,#1484);
#1487=DIRECTION('',(0.E0,0.E0,-1.E0));
#1488=VECTOR('',#1487,5.7E0);
#1489=CARTESIAN_POINT('',(2.35E0,-6.05E0,5.82E0));
#1490=LINE('',#1489,#1488);
#1491=DIRECTION('',(0.E0,-1.E0,0.E0));
#1492=VECTOR('',#1491,2.3E0);
#1493=CARTESIAN_POINT('',(2.35E0,-6.05E0,1.2E-1));
#1494=LINE('',#1493,#1492);
#1495=DIRECTION('',(0.E0,0.E0,1.E0));
#1496=VECTOR('',#1495,7.7E0);
#1497=CARTESIAN_POINT('',(2.35E0,-8.35E0,1.2E-1));
#1498=LINE('',#1497,#1496);
#1499=CARTESIAN_POINT('',(2.35E0,-7.85E0,7.82E0));
#1500=DIRECTION('',(1.E0,0.E0,0.E0));
#1501=DIRECTION('',(0.E0,0.E0,1.E0));
#1502=AXIS2_PLACEMENT_3D('',#1499,#1500,#1501);
#1504=DIRECTION('',(0.E0,1.E0,0.E0));
#1505=VECTOR('',#1504,1.57E1);
#1506=CARTESIAN_POINT('',(2.35E0,-7.85E0,8.32E0));
#1507=LINE('',#1506,#1505);
#1508=CARTESIAN_POINT('',(2.35E0,7.85E0,7.82E0));
#1509=DIRECTION('',(1.E0,0.E0,0.E0));
#1510=DIRECTION('',(0.E0,1.E0,0.E0));
#1511=AXIS2_PLACEMENT_3D('',#1508,#1509,#1510);
#1513=DIRECTION('',(0.E0,0.E0,-1.E0));
#1514=VECTOR('',#1513,7.7E0);
#1515=CARTESIAN_POINT('',(2.35E0,8.35E0,7.82E0));
#1516=LINE('',#1515,#1514);
#1517=DIRECTION('',(0.E0,-1.E0,0.E0));
#1518=VECTOR('',#1517,2.3E0);
#1519=CARTESIAN_POINT('',(2.35E0,8.35E0,1.2E-1));
#1520=LINE('',#1519,#1518);
#1521=DIRECTION('',(0.E0,0.E0,1.E0));
#1522=VECTOR('',#1521,5.7E0);
#1523=CARTESIAN_POINT('',(2.35E0,6.05E0,1.2E-1));
#1524=LINE('',#1523,#1522);
#1525=DIRECTION('',(0.E0,-1.E0,0.E0));
#1526=VECTOR('',#1525,4.05E0);
#1527=CARTESIAN_POINT('',(2.35E0,6.05E0,5.82E0));
#1528=LINE('',#1527,#1526);
#1529=DIRECTION('',(0.E0,0.E0,-1.E0));
#1530=VECTOR('',#1529,8.2E-1);
#1531=CARTESIAN_POINT('',(2.35E0,2.E0,5.82E0));
#1532=LINE('',#1531,#1530);
#1533=DIRECTION('',(0.E0,0.E0,-1.E0));
#1534=VECTOR('',#1533,8.2E-1);
#1535=CARTESIAN_POINT('',(-2.35E0,2.E0,5.82E0));
#1536=LINE('',#1535,#1534);
#1537=DIRECTION('',(0.E0,-1.E0,0.E0));
#1538=VECTOR('',#1537,4.05E0);
#1539=CARTESIAN_POINT('',(-2.35E0,6.05E0,5.82E0));
#1540=LINE('',#1539,#1538);
#1541=DIRECTION('',(0.E0,0.E0,1.E0));
#1542=VECTOR('',#1541,5.7E0);
#1543=CARTESIAN_POINT('',(-2.35E0,6.05E0,1.2E-1));
#1544=LINE('',#1543,#1542);
#1545=DIRECTION('',(0.E0,-1.E0,0.E0));
#1546=VECTOR('',#1545,2.3E0);
#1547=CARTESIAN_POINT('',(-2.35E0,8.35E0,1.2E-1));
#1548=LINE('',#1547,#1546);
#1549=DIRECTION('',(0.E0,0.E0,-1.E0));
#1550=VECTOR('',#1549,7.7E0);
#1551=CARTESIAN_POINT('',(-2.35E0,8.35E0,7.82E0));
#1552=LINE('',#1551,#1550);
#1553=CARTESIAN_POINT('',(-2.35E0,7.85E0,7.82E0));
#1554=DIRECTION('',(-1.E0,0.E0,0.E0));
#1555=DIRECTION('',(0.E0,0.E0,1.E0));
#1556=AXIS2_PLACEMENT_3D('',#1553,#1554,#1555);
#1558=DIRECTION('',(0.E0,1.E0,0.E0));
#1559=VECTOR('',#1558,1.57E1);
#1560=CARTESIAN_POINT('',(-2.35E0,-7.85E0,8.32E0));
#1561=LINE('',#1560,#1559);
#1562=CARTESIAN_POINT('',(-2.35E0,-7.85E0,7.82E0));
#1563=DIRECTION('',(-1.E0,0.E0,0.E0));
#1564=DIRECTION('',(0.E0,-1.E0,0.E0));
#1565=AXIS2_PLACEMENT_3D('',#1562,#1563,#1564);
#1567=DIRECTION('',(0.E0,0.E0,1.E0));
#1568=VECTOR('',#1567,7.7E0);
#1569=CARTESIAN_POINT('',(-2.35E0,-8.35E0,1.2E-1));
#1570=LINE('',#1569,#1568);
#1571=DIRECTION('',(0.E0,-1.E0,0.E0));
#1572=VECTOR('',#1571,2.3E0);
#1573=CARTESIAN_POINT('',(-2.35E0,-6.05E0,1.2E-1));
#1574=LINE('',#1573,#1572);
#1575=DIRECTION('',(0.E0,0.E0,-1.E0));
#1576=VECTOR('',#1575,5.7E0);
#1577=CARTESIAN_POINT('',(-2.35E0,-6.05E0,5.82E0));
#1578=LINE('',#1577,#1576);
#1579=DIRECTION('',(0.E0,-1.E0,0.E0));
#1580=VECTOR('',#1579,4.05E0);
#1581=CARTESIAN_POINT('',(-2.35E0,-2.E0,5.82E0));
#1582=LINE('',#1581,#1580);
#1583=DIRECTION('',(0.E0,0.E0,1.E0));
#1584=VECTOR('',#1583,8.2E-1);
#1585=CARTESIAN_POINT('',(-2.35E0,-2.E0,5.E0));
#1586=LINE('',#1585,#1584);
#1587=DIRECTION('',(-1.E0,0.E0,0.E0));
#1588=VECTOR('',#1587,4.7E0);
#1589=CARTESIAN_POINT('',(2.35E0,2.E0,5.82E0));
#1590=LINE('',#1589,#1588);
#1591=DIRECTION('',(-1.E0,0.E0,0.E0));
#1592=VECTOR('',#1591,4.7E0);
#1593=CARTESIAN_POINT('',(2.35E0,6.05E0,5.82E0));
#1594=LINE('',#1593,#1592);
#1595=DIRECTION('',(-1.E0,0.E0,0.E0));
#1596=VECTOR('',#1595,4.7E0);
#1597=CARTESIAN_POINT('',(2.35E0,6.05E0,1.2E-1));
#1598=LINE('',#1597,#1596);
#1599=DIRECTION('',(-1.E0,0.E0,0.E0));
#1600=VECTOR('',#1599,4.7E0);
#1601=CARTESIAN_POINT('',(2.35E0,8.35E0,1.2E-1));
#1602=LINE('',#1601,#1600);
#1603=DIRECTION('',(1.E0,0.E0,0.E0));
#1604=VECTOR('',#1603,4.7E0);
#1605=CARTESIAN_POINT('',(-2.35E0,8.35E0,7.82E0));
#1606=LINE('',#1605,#1604);
#1607=DIRECTION('',(1.E0,0.E0,0.E0));
#1608=VECTOR('',#1607,4.7E0);
#1609=CARTESIAN_POINT('',(-2.35E0,-7.85E0,8.32E0));
#1610=LINE('',#1609,#1608);
#1611=DIRECTION('',(1.E0,0.E0,0.E0));
#1612=VECTOR('',#1611,4.7E0);
#1613=CARTESIAN_POINT('',(-2.35E0,7.85E0,8.32E0));
#1614=LINE('',#1613,#1612);
#1615=DIRECTION('',(1.E0,0.E0,0.E0));
#1616=VECTOR('',#1615,4.7E0);
#1617=CARTESIAN_POINT('',(-2.35E0,-8.35E0,7.82E0));
#1618=LINE('',#1617,#1616);
#1619=DIRECTION('',(-1.E0,0.E0,0.E0));
#1620=VECTOR('',#1619,4.7E0);
#1621=CARTESIAN_POINT('',(2.35E0,-8.35E0,1.2E-1));
#1622=LINE('',#1621,#1620);
#1623=DIRECTION('',(-1.E0,0.E0,0.E0));
#1624=VECTOR('',#1623,4.7E0);
#1625=CARTESIAN_POINT('',(2.35E0,-6.05E0,1.2E-1));
#1626=LINE('',#1625,#1624);
#1627=DIRECTION('',(-1.E0,0.E0,0.E0));
#1628=VECTOR('',#1627,4.7E0);
#1629=CARTESIAN_POINT('',(2.35E0,-6.05E0,5.82E0));
#1630=LINE('',#1629,#1628);
#1631=DIRECTION('',(-1.E0,0.E0,0.E0));
#1632=VECTOR('',#1631,4.7E0);
#1633=CARTESIAN_POINT('',(2.35E0,-2.E0,5.82E0));
#1634=LINE('',#1633,#1632);
#1635=DIRECTION('',(0.E0,0.E0,1.E0));
#1636=VECTOR('',#1635,4.8E0);
#1637=CARTESIAN_POINT('',(-4.49E0,-8.1E0,5.7E0));
#1638=LINE('',#1637,#1636);
#1639=DIRECTION('',(0.E0,0.E0,1.E0));
#1640=VECTOR('',#1639,4.E0);
#1641=CARTESIAN_POINT('',(-4.49E0,-5.55E0,5.E0));
#1642=LINE('',#1641,#1640);
#1643=DIRECTION('',(0.E0,0.E0,1.E0));
#1644=VECTOR('',#1643,1.5E0);
#1645=CARTESIAN_POINT('',(-4.49E0,-7.1E0,9.E0));
#1646=LINE('',#1645,#1644);
#1647=CARTESIAN_POINT('',(-3.188712589636E0,-8.1E0,1.05E1));
#1648=DIRECTION('',(0.E0,0.E0,1.E0));
#1649=DIRECTION('',(0.E0,-1.E0,0.E0));
#1650=AXIS2_PLACEMENT_3D('',#1647,#1648,#1649);
#1652=DIRECTION('',(1.E0,0.E0,0.E0));
#1653=VECTOR('',#1652,8.012874103645E-1);
#1654=CARTESIAN_POINT('',(-3.99E0,-8.6E0,1.05E1));
#1655=LINE('',#1654,#1653);
#1656=CARTESIAN_POINT('',(-3.99E0,-8.1E0,1.05E1));
#1657=DIRECTION('',(0.E0,0.E0,1.E0));
#1658=DIRECTION('',(-1.E0,0.E0,0.E0));
#1659=AXIS2_PLACEMENT_3D('',#1656,#1657,#1658);
#1661=DIRECTION('',(0.E0,-1.E0,0.E0));
#1662=VECTOR('',#1661,1.E0);
#1663=CARTESIAN_POINT('',(-4.49E0,-7.1E0,1.05E1));
#1664=LINE('',#1663,#1662);
#1665=DIRECTION('',(-1.E0,0.E0,0.E0));
#1666=VECTOR('',#1665,1.801287410364E0);
#1667=CARTESIAN_POINT('',(-2.688712589636E0,-7.1E0,1.05E1));
#1668=LINE('',#1667,#1666);
#1669=DIRECTION('',(0.E0,1.E0,0.E0));
#1670=VECTOR('',#1669,1.E0);
#1671=CARTESIAN_POINT('',(-2.688712589636E0,-8.1E0,1.05E1));
#1672=LINE('',#1671,#1670);
#1673=DIRECTION('',(0.E0,0.E0,-1.E0));
#1674=VECTOR('',#1673,1.5E0);
#1675=CARTESIAN_POINT('',(-2.688712589636E0,-8.1E0,1.05E1));
#1676=LINE('',#1675,#1674);
#1677=DIRECTION('',(0.E0,0.E0,1.E0));
#1678=VECTOR('',#1677,1.5E0);
#1679=CARTESIAN_POINT('',(-2.688712589636E0,-7.1E0,9.E0));
#1680=LINE('',#1679,#1678);
#1681=DIRECTION('',(-1.E0,0.E0,0.E0));
#1682=VECTOR('',#1681,1.801287410364E0);
#1683=CARTESIAN_POINT('',(-2.688712589636E0,-7.1E0,9.E0));
#1684=LINE('',#1683,#1682);
#1685=DIRECTION('',(0.E0,1.E0,0.E0));
#1686=VECTOR('',#1685,1.55E0);
#1687=CARTESIAN_POINT('',(-4.49E0,-7.1E0,9.E0));
#1688=LINE('',#1687,#1686);
#1689=DIRECTION('',(-7.313537016192E-1,6.819983600625E-1,0.E0));
#1690=VECTOR('',#1689,1.300327294339E0);
#1691=CARTESIAN_POINT('',(-4.49E0,-5.55E0,9.E0));
#1692=LINE('',#1691,#1690);
#1693=CARTESIAN_POINT('',(-5.1E0,-4.297502066907E0,9.E0));
#1694=DIRECTION('',(0.E0,0.E0,1.E0));
#1695=DIRECTION('',(-1.E0,0.E0,0.E0));
#1696=AXIS2_PLACEMENT_3D('',#1693,#1694,#1695);
#1698=DIRECTION('',(0.E0,-1.E0,0.E0));
#1699=VECTOR('',#1698,1.497502066907E0);
#1700=CARTESIAN_POINT('',(-5.6E0,-2.8E0,9.E0));
#1701=LINE('',#1700,#1699);
#1702=DIRECTION('',(9.815130841198E-1,1.913950514034E-1,0.E0));
#1703=VECTOR('',#1702,1.625752678715E0);
#1704=CARTESIAN_POINT('',(-5.6E0,-2.8E0,9.E0));
#1705=LINE('',#1704,#1703);
#1706=DIRECTION('',(0.E0,1.E0,0.E0));
#1707=VECTOR('',#1706,3.961648808566E-1);
#1708=CARTESIAN_POINT('',(-3.6E0,-1.998082440428E0,9.E0));
#1709=LINE('',#1708,#1707);
#1710=DIRECTION('',(-9.815130841198E-1,1.913950514034E-1,0.E0));
#1711=VECTOR('',#1710,1.625752678715E0);
#1712=CARTESIAN_POINT('',(-4.004302474298E0,-1.111161017512E0,9.E0));
#1713=LINE('',#1712,#1711);
#1714=DIRECTION('',(0.E0,-1.E0,0.E0));
#1715=VECTOR('',#1714,1.6E0);
#1716=CARTESIAN_POINT('',(-5.6E0,8.E-1,9.E0));
#1717=LINE('',#1716,#1715);
#1718=DIRECTION('',(9.815130841198E-1,1.913950514034E-1,0.E0));
#1719=VECTOR('',#1718,1.625752678715E0);
#1720=CARTESIAN_POINT('',(-5.6E0,8.E-1,9.E0));
#1721=LINE('',#1720,#1719);
#1722=DIRECTION('',(0.E0,1.E0,0.E0));
#1723=VECTOR('',#1722,3.961648808566E-1);
#1724=CARTESIAN_POINT('',(-3.6E0,1.601917559572E0,9.E0));
#1725=LINE('',#1724,#1723);
#1726=DIRECTION('',(-9.815130841198E-1,1.913950514034E-1,0.E0));
#1727=VECTOR('',#1726,1.625752678715E0);
#1728=CARTESIAN_POINT('',(-4.004302474298E0,2.488838982488E0,9.E0));
#1729=LINE('',#1728,#1727);
#1730=DIRECTION('',(0.E0,-1.E0,0.E0));
#1731=VECTOR('',#1730,1.497502066907E0);
#1732=CARTESIAN_POINT('',(-5.6E0,4.297502066907E0,9.E0));
#1733=LINE('',#1732,#1731);
#1734=CARTESIAN_POINT('',(-5.1E0,4.297502066907E0,9.E0));
#1735=DIRECTION('',(0.E0,0.E0,1.E0));
#1736=DIRECTION('',(-6.819983600625E-1,7.313537016192E-1,0.E0));
#1737=AXIS2_PLACEMENT_3D('',#1734,#1735,#1736);
#1739=DIRECTION('',(7.313537016192E-1,6.819983600625E-1,0.E0));
#1740=VECTOR('',#1739,1.300327294339E0);
#1741=CARTESIAN_POINT('',(-5.440999180031E0,4.663178917716E0,9.E0));
#1742=LINE('',#1741,#1740);
#1743=DIRECTION('',(0.E0,-1.E0,0.E0));
#1744=VECTOR('',#1743,1.55E0);
#1745=CARTESIAN_POINT('',(-4.49E0,7.1E0,9.E0));
#1746=LINE('',#1745,#1744);
#1747=DIRECTION('',(1.E0,0.E0,0.E0));
#1748=VECTOR('',#1747,1.801287410364E0);
#1749=CARTESIAN_POINT('',(-4.49E0,7.1E0,9.E0));
#1750=LINE('',#1749,#1748);
#1751=DIRECTION('',(0.E0,1.E0,0.E0));
#1752=VECTOR('',#1751,1.42E1);
#1753=CARTESIAN_POINT('',(-2.688712589636E0,-7.1E0,9.E0));
#1754=LINE('',#1753,#1752);
#1755=DIRECTION('',(0.E0,1.E0,0.E0));
#1756=VECTOR('',#1755,6.E-1);
#1757=CARTESIAN_POINT('',(-4.05E0,-3.E-1,9.E0));
#1758=LINE('',#1757,#1756);
#1759=DIRECTION('',(-1.E0,0.E0,0.E0));
#1760=VECTOR('',#1759,6.E-1);
#1761=CARTESIAN_POINT('',(-3.45E0,-3.E-1,9.E0));
#1762=LINE('',#1761,#1760);
#1763=DIRECTION('',(0.E0,-1.E0,0.E0));
#1764=VECTOR('',#1763,6.E-1);
#1765=CARTESIAN_POINT('',(-3.45E0,3.E-1,9.E0));
#1766=LINE('',#1765,#1764);
#1767=DIRECTION('',(1.E0,0.E0,0.E0));
#1768=VECTOR('',#1767,6.E-1);
#1769=CARTESIAN_POINT('',(-4.05E0,3.E-1,9.E0));
#1770=LINE('',#1769,#1768);
#1771=DIRECTION('',(0.E0,1.E0,0.E0));
#1772=VECTOR('',#1771,6.E-1);
#1773=CARTESIAN_POINT('',(-4.05E0,-4.05E0,9.E0));
#1774=LINE('',#1773,#1772);
#1775=DIRECTION('',(-1.E0,0.E0,0.E0));
#1776=VECTOR('',#1775,6.E-1);
#1777=CARTESIAN_POINT('',(-3.45E0,-4.05E0,9.E0));
#1778=LINE('',#1777,#1776);
#1779=DIRECTION('',(0.E0,-1.E0,0.E0));
#1780=VECTOR('',#1779,6.E-1);
#1781=CARTESIAN_POINT('',(-3.45E0,-3.45E0,9.E0));
#1782=LINE('',#1781,#1780);
#1783=DIRECTION('',(1.E0,0.E0,0.E0));
#1784=VECTOR('',#1783,6.E-1);
#1785=CARTESIAN_POINT('',(-4.05E0,-3.45E0,9.E0));
#1786=LINE('',#1785,#1784);
#1787=DIRECTION('',(1.E0,0.E0,0.E0));
#1788=VECTOR('',#1787,6.E-1);
#1789=CARTESIAN_POINT('',(-4.05E0,4.05E0,9.E0));
#1790=LINE('',#1789,#1788);
#1791=DIRECTION('',(0.E0,1.E0,0.E0));
#1792=VECTOR('',#1791,6.E-1);
#1793=CARTESIAN_POINT('',(-4.05E0,3.45E0,9.E0));
#1794=LINE('',#1793,#1792);
#1795=DIRECTION('',(-1.E0,0.E0,0.E0));
#1796=VECTOR('',#1795,6.E-1);
#1797=CARTESIAN_POINT('',(-3.45E0,3.45E0,9.E0));
#1798=LINE('',#1797,#1796);
#1799=DIRECTION('',(0.E0,-1.E0,0.E0));
#1800=VECTOR('',#1799,6.E-1);
#1801=CARTESIAN_POINT('',(-3.45E0,4.05E0,9.E0));
#1802=LINE('',#1801,#1800);
#1803=DIRECTION('',(0.E0,0.E0,1.E0));
#1804=VECTOR('',#1803,4.E0);
#1805=CARTESIAN_POINT('',(-5.440999180031E0,-4.663178917716E0,5.E0));
#1806=LINE('',#1805,#1804);
#1807=CARTESIAN_POINT('',(-5.6E0,-2.8E0,5.5E0));
#1808=CARTESIAN_POINT('',(-5.6E0,-2.8E0,5.415881870036E0));
#1809=CARTESIAN_POINT('',(-5.6E0,-2.837374647387E0,5.285020257494E0));
#1810=CARTESIAN_POINT('',(-5.6E0,-2.942759219379E0,5.138050439593E0));
#1811=CARTESIAN_POINT('',(-5.6E0,-3.092732073746E0,5.035668904067E0));
#1812=CARTESIAN_POINT('',(-5.6E0,-3.225299429607E0,5.E0));
#1813=CARTESIAN_POINT('',(-5.6E0,-3.309417559572E0,5.E0));
#1815=DIRECTION('',(0.E0,0.E0,1.E0));
#1816=VECTOR('',#1815,3.5E0);
#1817=CARTESIAN_POINT('',(-5.6E0,-2.8E0,5.5E0));
#1818=LINE('',#1817,#1816);
#1819=DIRECTION('',(0.E0,0.E0,1.E0));
#1820=VECTOR('',#1819,4.E0);
#1821=CARTESIAN_POINT('',(-5.6E0,-4.297502066907E0,5.E0));
#1822=LINE('',#1821,#1820);
#1823=DIRECTION('',(9.815130841198E-1,1.913950514034E-1,0.E0));
#1824=VECTOR('',#1823,1.303533558437E0);
#1825=CARTESIAN_POINT('',(-5.188040191791E0,-3.229085396971E0,5.E0));
#1826=LINE('',#1825,#1824);
#1827=CARTESIAN_POINT('',(-3.E0,-3.E0,5.E0));
#1828=DIRECTION('',(0.E0,0.E0,1.E0));
#1829=DIRECTION('',(-1.E0,0.E0,0.E0));
#1830=AXIS2_PLACEMENT_3D('',#1827,#1828,#1829);
#1832=DIRECTION('',(0.E0,-1.E0,0.E0));
#1833=VECTOR('',#1832,2.631417559572E0);
#1834=CARTESIAN_POINT('',(-5.2E0,-3.685824404283E-1,5.E0));
#1835=LINE('',#1834,#1833);
#1836=CARTESIAN_POINT('',(-5.2E0,3.E0,4.7E0));
#1837=DIRECTION('',(0.E0,-1.E0,0.E0));
#1838=DIRECTION('',(0.E0,0.E0,1.E0));
#1839=AXIS2_PLACEMENT_3D('',#1836,#1837,#1838);
#1841=DIRECTION('',(0.E0,-1.E0,0.E0));
#1842=VECTOR('',#1841,7.371648808566E-1);
#1843=CARTESIAN_POINT('',(-5.2E0,3.685824404283E-1,5.E0));
#1844=LINE('',#1843,#1842);
#1845=DIRECTION('',(9.815130841198E-1,1.913950514034E-1,0.E0));
#1846=VECTOR('',#1845,4.075340476574E-1);
#1847=CARTESIAN_POINT('',(-5.6E0,2.905824404283E-1,5.E0));
#1848=LINE('',#1847,#1846);
#1849=DIRECTION('',(0.E0,-1.E0,0.E0));
#1850=VECTOR('',#1849,5.811648808566E-1);
#1851=CARTESIAN_POINT('',(-5.6E0,2.905824404283E-1,5.E0));
#1852=LINE('',#1851,#1850);
#1853=DIRECTION('',(-9.815130841198E-1,1.913950514034E-1,0.E0));
#1854=VECTOR('',#1853,4.075340476574E-1);
#1855=CARTESIAN_POINT('',(-5.2E0,-3.685824404283E-1,5.E0));
#1856=LINE('',#1855,#1854);
#1857=DIRECTION('',(9.815130841198E-1,1.913950514034E-1,0.E0));
#1858=VECTOR('',#1857,1.315718631058E0);
#1859=CARTESIAN_POINT('',(-5.2E0,3.685824404283E-1,5.E0));
#1860=LINE('',#1859,#1858);
#1861=DIRECTION('',(0.E0,-1.E0,0.E0));
#1862=VECTOR('',#1861,2.631417559572E0);
#1863=CARTESIAN_POINT('',(-5.2E0,3.E0,5.E0));
#1864=LINE('',#1863,#1862);
#1865=CARTESIAN_POINT('',(-3.E0,3.E0,5.E0));
#1866=DIRECTION('',(0.E0,0.E0,1.E0));
#1867=DIRECTION('',(-9.945637235416E-1,1.041297258959E-1,0.E0));
#1868=AXIS2_PLACEMENT_3D('',#1865,#1866,#1867);
#1870=CARTESIAN_POINT('',(-3.E0,5.2E0,4.7E0));
#1871=DIRECTION('',(-1.E0,0.E0,0.E0));
#1872=DIRECTION('',(0.E0,0.E0,1.E0));
#1873=AXIS2_PLACEMENT_3D('',#1870,#1871,#1872);
#1875=CARTESIAN_POINT('',(-3.E0,3.E0,5.E0));
#1876=DIRECTION('',(0.E0,0.E0,1.E0));
#1877=DIRECTION('',(0.E0,1.E0,0.E0));
#1878=AXIS2_PLACEMENT_3D('',#1875,#1876,#1877);
#1880=DIRECTION('',(-1.E0,0.E0,0.E0));
#1881=VECTOR('',#1880,6.E0);
#1882=CARTESIAN_POINT('',(3.E0,5.2E0,5.E0));
#1883=LINE('',#1882,#1881);
#1884=CARTESIAN_POINT('',(3.E0,3.E0,5.E0));
#1885=DIRECTION('',(0.E0,0.E0,1.E0));
#1886=DIRECTION('',(9.945637235416E-1,1.041297258959E-1,0.E0));
#1887=AXIS2_PLACEMENT_3D('',#1884,#1885,#1886);
#1889=DIRECTION('',(-9.815130841198E-1,-1.913950514034E-1,0.E0));
#1890=VECTOR('',#1889,4.197191202785E-1);
#1891=CARTESIAN_POINT('',(5.6E0,3.309417559572E0,5.E0));
#1892=LINE('',#1891,#1890);
#1893=DIRECTION('',(0.E0,1.E0,0.E0));
#1894=VECTOR('',#1893,9.880845073350E-1);
#1895=CARTESIAN_POINT('',(5.6E0,3.309417559572E0,5.E0));
#1896=LINE('',#1895,#1894);
#1897=CARTESIAN_POINT('',(5.1E0,4.297502066907E0,5.E0));
#1898=DIRECTION('',(0.E0,0.E0,-1.E0));
#1899=DIRECTION('',(6.819983600625E-1,7.313537016192E-1,0.E0));
#1900=AXIS2_PLACEMENT_3D('',#1897,#1898,#1899);
#1902=DIRECTION('',(-7.313537016192E-1,6.819983600625E-1,0.E0));
#1903=VECTOR('',#1902,1.300327294339E0);
#1904=CARTESIAN_POINT('',(5.440999180031E0,4.663178917716E0,5.E0));
#1905=LINE('',#1904,#1903);
#1906=DIRECTION('',(-1.E0,0.E0,0.E0));
#1907=VECTOR('',#1906,2.09E0);
#1908=CARTESIAN_POINT('',(4.49E0,5.55E0,5.E0));
#1909=LINE('',#1908,#1907);
#1910=DIRECTION('',(-1.E0,0.E0,0.E0));
#1911=VECTOR('',#1910,4.8E0);
#1912=CARTESIAN_POINT('',(2.4E0,5.55E0,5.E0));
#1913=LINE('',#1912,#1911);
#1914=DIRECTION('',(-1.E0,0.E0,0.E0));
#1915=VECTOR('',#1914,2.09E0);
#1916=CARTESIAN_POINT('',(-2.4E0,5.55E0,5.E0));
#1917=LINE('',#1916,#1915);
#1918=DIRECTION('',(7.313537016192E-1,6.819983600625E-1,0.E0));
#1919=VECTOR('',#1918,1.300327294339E0);
#1920=CARTESIAN_POINT('',(-5.440999180031E0,4.663178917716E0,5.E0));
#1921=LINE('',#1920,#1919);
#1922=CARTESIAN_POINT('',(-5.1E0,4.297502066907E0,5.E0));
#1923=DIRECTION('',(0.E0,0.E0,-1.E0));
#1924=DIRECTION('',(-1.E0,0.E0,0.E0));
#1925=AXIS2_PLACEMENT_3D('',#1922,#1923,#1924);
#1927=DIRECTION('',(0.E0,-1.E0,0.E0));
#1928=VECTOR('',#1927,9.880845073350E-1);
#1929=CARTESIAN_POINT('',(-5.6E0,4.297502066907E0,5.E0));
#1930=LINE('',#1929,#1928);
#1931=DIRECTION('',(-9.815130841198E-1,1.913950514034E-1,0.E0));
#1932=VECTOR('',#1931,4.197191202785E-1);
#1933=CARTESIAN_POINT('',(-5.188040191791E0,3.229085396971E0,5.E0));
#1934=LINE('',#1933,#1932);
#1935=CARTESIAN_POINT('',(3.E0,5.2E0,4.7E0));
#1936=DIRECTION('',(-1.E0,0.E0,0.E0));
#1937=DIRECTION('',(0.E0,0.E0,1.E0));
#1938=AXIS2_PLACEMENT_3D('',#1935,#1936,#1937);
#1940=CARTESIAN_POINT('',(5.2E0,3.E0,4.7E0));
#1941=DIRECTION('',(0.E0,1.E0,0.E0));
#1942=DIRECTION('',(0.E0,0.E0,1.E0));
#1943=AXIS2_PLACEMENT_3D('',#1940,#1941,#1942);
#1945=CARTESIAN_POINT('',(5.2E0,-3.E0,4.7E0));
#1946=DIRECTION('',(0.E0,1.E0,0.E0));
#1947=DIRECTION('',(0.E0,0.E0,1.E0));
#1948=AXIS2_PLACEMENT_3D('',#1945,#1946,#1947);
#1950=DIRECTION('',(0.E0,1.E0,0.E0));
#1951=VECTOR('',#1950,7.371648808566E-1);
#1952=CARTESIAN_POINT('',(5.2E0,-3.685824404283E-1,5.E0));
#1953=LINE('',#1952,#1951);
#1954=DIRECTION('',(-9.815130841198E-1,-1.913950514034E-1,0.E0));
#1955=VECTOR('',#1954,4.075340476574E-1);
#1956=CARTESIAN_POINT('',(5.6E0,-2.905824404283E-1,5.E0));
#1957=LINE('',#1956,#1955);
#1958=DIRECTION('',(0.E0,1.E0,0.E0));
#1959=VECTOR('',#1958,5.811648808566E-1);
#1960=CARTESIAN_POINT('',(5.6E0,-2.905824404283E-1,5.E0));
#1961=LINE('',#1960,#1959);
#1962=DIRECTION('',(9.815130841198E-1,-1.913950514034E-1,0.E0));
#1963=VECTOR('',#1962,4.075340476574E-1);
#1964=CARTESIAN_POINT('',(5.2E0,3.685824404283E-1,5.E0));
#1965=LINE('',#1964,#1963);
#1966=DIRECTION('',(-9.815130841198E-1,-1.913950514034E-1,0.E0));
#1967=VECTOR('',#1966,1.315718630158E0);
#1968=CARTESIAN_POINT('',(5.2E0,-3.685824404283E-1,5.E0));
#1969=LINE('',#1968,#1967);
#1970=CARTESIAN_POINT('',(4.1E0,-1.601917559572E0,5.E0));
#1971=DIRECTION('',(0.E0,0.E0,1.E0));
#1972=DIRECTION('',(-1.913950500791E-1,9.815130843780E-1,0.E0));
#1973=AXIS2_PLACEMENT_3D('',#1970,#1971,#1972);
#1975=CARTESIAN_POINT('',(3.908604948597E0,-6.204044754519E-1,5.5E0));
#1976=DIRECTION('',(-9.815130841198E-1,-1.913950514034E-1,0.E0));
#1977=DIRECTION('',(0.E0,0.E0,-1.E0));
#1978=AXIS2_PLACEMENT_3D('',#1975,#1976,#1977);
#1980=CARTESIAN_POINT('',(3.599993474582E0,-7.358901183708E-1,
5.000000000069E0));
#1981=CARTESIAN_POINT('',(3.577198168120E0,-7.912568505411E-1,
4.999995548204E0));
#1982=CARTESIAN_POINT('',(3.539872050295E0,-9.024753472321E-1,
5.000002066090E0));
#1983=CARTESIAN_POINT('',(3.497514375505E0,-1.071226446829E0,4.999999446379E0));
#1984=CARTESIAN_POINT('',(3.469034920033E0,-1.226941331726E0,5.000000148393E0));
#1985=CARTESIAN_POINT('',(3.451442238718E0,-1.366070773254E0,4.999999960048E0));
#1986=CARTESIAN_POINT('',(3.442210132846E0,-1.490843989814E0,5.000000011416E0));
#1987=CARTESIAN_POINT('',(3.440630760471E0,-1.566284103368E0,4.999999999997E0));
#1988=CARTESIAN_POINT('',(3.440625019314E0,-1.601917559776E0,4.999999999997E0));
#1990=CARTESIAN_POINT('',(3.599981781524E0,-7.359026746824E-1,
5.499999999798E0));
#1991=DIRECTION('',(-8.660148836505E-1,-5.000182207148E-1,-1.578133350983E-5));
#1992=DIRECTION('',(1.366692025829E-5,7.890866746035E-6,-9.999999998755E-1));
#1993=AXIS2_PLACEMENT_3D('',#1990,#1991,#1992);
#1995=DIRECTION('',(1.698267483557E-11,-1.E0,4.974858806618E-12));
#1996=VECTOR('',#1995,3.961655978443E-1);
#1997=CARTESIAN_POINT('',(3.440625019314E0,-1.601917559776E0,4.999999999997E0));
#1998=LINE('',#1997,#1996);
#1999=CARTESIAN_POINT('',(3.1E0,-1.601917559572E0,5.366025403784E0));
#2000=DIRECTION('',(0.E0,-1.E0,0.E0));
#2001=DIRECTION('',(6.812500386332E-1,0.E0,-7.320508075689E-1));
#2002=AXIS2_PLACEMENT_3D('',#1999,#2000,#2001);
#2004=CARTESIAN_POINT('',(3.440625019320E0,-1.998083157621E0,4.999999999999E0));
#2005=CARTESIAN_POINT('',(3.440625473191E0,-2.021499611675E0,4.999999999999E0));
#2006=CARTESIAN_POINT('',(3.441313958510E0,-2.068377347395E0,5.E0));
#2007=CARTESIAN_POINT('',(3.444592672536E0,-2.139018939531E0,5.E0));
#2008=CARTESIAN_POINT('',(3.449901061843E0,-2.209414074268E0,5.E0));
#2009=CARTESIAN_POINT('',(3.457250584787E0,-2.279333743270E0,5.E0));
#2010=CARTESIAN_POINT('',(3.466383159636E0,-2.348378855411E0,5.E0));
#2011=CARTESIAN_POINT('',(3.477300814247E0,-2.416948060003E0,5.000000000001E0));
#2012=CARTESIAN_POINT('',(3.490023092646E0,-2.485257460609E0,4.999999999998E0));
#2013=CARTESIAN_POINT('',(3.499704068366E0,-2.530943257132E0,5.000000000005E0));
#2014=CARTESIAN_POINT('',(3.504893505350E0,-2.553784978012E0,5.000000000005E0));
#2016=CARTESIAN_POINT('',(3.100000000041E0,-1.998083767223E0,5.366025403801E0));
#2017=DIRECTION('',(1.326757613699E-6,-9.999999999988E-1,7.659327536050E-7));
#2018=DIRECTION('',(6.812500385742E-1,3.431519846190E-7,-7.320508076237E-1));
#2019=AXIS2_PLACEMENT_3D('',#2016,#2017,#2018);
#2021=CARTESIAN_POINT('',(3.504893505350E0,-2.553784978012E0,5.000000000005E0));
#2022=CARTESIAN_POINT('',(3.507817519805E0,-2.566663767957E0,5.000000000005E0));
#2023=CARTESIAN_POINT('',(3.513340886081E0,-2.591670255336E0,4.999999999954E0));
#2024=CARTESIAN_POINT('',(3.520676255683E0,-2.626639108565E0,5.000000000153E0));
#2025=CARTESIAN_POINT('',(3.527373675378E0,-2.659843696199E0,4.999999999434E0));
#2026=CARTESIAN_POINT('',(3.533838295782E0,-2.691751986960E0,5.000000002111E0));
#2027=CARTESIAN_POINT('',(3.540261582742E0,-2.722946678075E0,4.999999992121E0));
#2028=CARTESIAN_POINT('',(3.546789577413E0,-2.753800998255E0,5.000000029404E0));
#2029=CARTESIAN_POINT('',(3.553576245142E0,-2.784449488941E0,4.999999890264E0));
#2030=CARTESIAN_POINT('',(3.560983692776E0,-2.815006704571E0,5.000000409541E0));
#2031=CARTESIAN_POINT('',(3.566382545531E0,-2.835492843069E0,4.999999117562E0));
#2032=CARTESIAN_POINT('',(3.569332503266E0,-2.845679955736E0,5.000000000580E0));
#2034=CARTESIAN_POINT('',(3.301434480010E0,-2.599990332757E0,5.454389140160E0));
#2035=DIRECTION('',(5.915132908501E-1,-7.847747572105E-1,1.850421767946E-1));
#2036=DIRECTION('',(4.069100298300E-1,9.242131471045E-2,-9.087807921666E-1));
#2037=AXIS2_PLACEMENT_3D('',#2034,#2035,#2036);
#2039=CARTESIAN_POINT('',(4.1E0,-1.998082440428E0,5.E0));
#2040=DIRECTION('',(0.E0,0.E0,1.E0));
#2041=DIRECTION('',(-5.306835316026E-1,-8.475700497810E-1,0.E0));
#2042=AXIS2_PLACEMENT_3D('',#2039,#2040,#2041);
#2044=CARTESIAN_POINT('',(3.569352278107E0,-2.845674910457E0,5.5E0));
#2045=DIRECTION('',(8.475924700288E-1,-5.306477218933E-1,0.E0));
#2046=DIRECTION('',(0.E0,0.E0,-1.E0));
#2047=AXIS2_PLACEMENT_3D('',#2044,#2045,#2046);
#2049=CARTESIAN_POINT('',(4.1E0,-1.998082440428E0,5.5E0));
#2050=DIRECTION('',(0.E0,0.E0,1.E0));
#2051=DIRECTION('',(-5.306477222045E-1,-8.475924698339E-1,0.E0));
#2052=AXIS2_PLACEMENT_3D('',#2049,#2050,#2051);
#2054=CARTESIAN_POINT('',(4.1E0,-1.998082440428E0,9.E0));
#2055=DIRECTION('',(0.E0,0.E0,-1.E0));
#2056=DIRECTION('',(-1.913950514034E-1,-9.815130841198E-1,0.E0));
#2057=AXIS2_PLACEMENT_3D('',#2054,#2055,#2056);
#2059=CARTESIAN_POINT('',(3.6E0,-1.998082440449E0,5.366025403784E0));
#2060=CARTESIAN_POINT('',(3.600000330649E0,-2.020163057089E0,5.366026124237E0));
#2061=CARTESIAN_POINT('',(3.602943756985E0,-2.066730981916E0,5.369470816106E0));
#2062=CARTESIAN_POINT('',(3.618836765773E0,-2.141816665742E0,5.387191540495E0));
#2063=CARTESIAN_POINT('',(3.649578140018E0,-2.221020678611E0,5.417419225994E0));
#2064=CARTESIAN_POINT('',(3.681292834778E0,-2.273265071790E0,5.442215969726E0));
#2065=CARTESIAN_POINT('',(3.700720883448E0,-2.299041220140E0,5.454391419411E0));
#2067=CARTESIAN_POINT('',(3.700720883448E0,-2.299041220140E0,5.454391419411E0));
#2068=CARTESIAN_POINT('',(3.714732762886E0,-2.317630195349E0,5.463180943814E0));
#2069=CARTESIAN_POINT('',(3.743656676437E0,-2.350717049162E0,5.480137382880E0));
#2070=CARTESIAN_POINT('',(3.789299378973E0,-2.391277696044E0,5.496566623837E0));
#2071=CARTESIAN_POINT('',(3.819715548583E0,-2.412512348903E0,5.499999852343E0));
#2072=CARTESIAN_POINT('',(3.834676138805E0,-2.421878675287E0,5.5E0));
#2074=DIRECTION('',(9.815130841198E-1,-1.913950514034E-1,0.E0));
#2075=VECTOR('',#2074,1.625752678735E0);
#2076=CARTESIAN_POINT('',(4.004302474279E0,-2.488838982484E0,5.5E0));
#2077=LINE('',#2076,#2075);
#2078=DIRECTION('',(5.552383949440E-12,-1.082816376246E-12,1.E0));
#2079=VECTOR('',#2078,3.5E0);
#2080=CARTESIAN_POINT('',(4.004302474279E0,-2.488838982484E0,5.5E0));
#2081=LINE('',#2080,#2079);
#2082=DIRECTION('',(0.E0,-1.E0,-1.793553063169E-14));
#2083=VECTOR('',#2082,3.961648809568E-1);
#2084=CARTESIAN_POINT('',(3.6E0,-1.601917559492E0,5.366025403784E0));
#2085=LINE('',#2084,#2083);
#2086=DIRECTION('',(0.E0,5.715519411258E-12,1.E0));
#2087=VECTOR('',#2086,3.633974596216E0);
#2088=CARTESIAN_POINT('',(3.6E0,-1.998082440449E0,5.366025403784E0));
#2089=LINE('',#2088,#2087);
#2090=DIRECTION('',(0.E0,-2.186604726313E-11,1.E0));
#2091=VECTOR('',#2090,3.633974596216E0);
#2092=CARTESIAN_POINT('',(3.6E0,-1.601917559492E0,5.366025403784E0));
#2093=LINE('',#2092,#2091);
#2094=CARTESIAN_POINT('',(3.850000000359E0,-1.168904857472E0,5.5E0));
#2095=CARTESIAN_POINT('',(3.832301427373E0,-1.179123227763E0,5.499999871499E0));
#2096=CARTESIAN_POINT('',(3.796295662558E0,-1.202803448932E0,5.496166340393E0));
#2097=CARTESIAN_POINT('',(3.742847631772E0,-1.249411343396E0,5.478759530842E0));
#2098=CARTESIAN_POINT('',(3.692401010042E0,-1.308493050244E0,5.450795642830E0));
#2099=CARTESIAN_POINT('',(3.648790797144E0,-1.380992251344E0,5.416692294085E0));
#2100=CARTESIAN_POINT('',(3.618746670710E0,-1.458422664644E0,5.387090573377E0));
#2101=CARTESIAN_POINT('',(3.602679611403E0,-1.534992329475E0,5.369203516924E0));
#2102=CARTESIAN_POINT('',(3.600000199712E0,-1.580518080812E0,5.366026230753E0));
#2103=CARTESIAN_POINT('',(3.6E0,-1.601917559492E0,5.366025403784E0));
#2105=CARTESIAN_POINT('',(4.1E0,-1.601917559572E0,9.E0));
#2106=DIRECTION('',(0.E0,0.E0,-1.E0));
#2107=DIRECTION('',(-1.E0,0.E0,0.E0));
#2108=AXIS2_PLACEMENT_3D('',#2105,#2106,#2107);
#2110=CARTESIAN_POINT('',(4.1E0,-1.601917559572E0,5.5E0));
#2111=DIRECTION('',(0.E0,0.E0,1.E0));
#2112=DIRECTION('',(-1.913950514034E-1,9.815130841198E-1,0.E0));
#2113=AXIS2_PLACEMENT_3D('',#2110,#2111,#2112);
#2115=DIRECTION('',(-9.815130841198E-1,-1.913950514034E-1,0.E0));
#2116=VECTOR('',#2115,1.625752678319E0);
#2117=CARTESIAN_POINT('',(5.6E0,-8.E-1,5.5E0));
#2118=LINE('',#2117,#2116);
#2119=DIRECTION('',(-1.111844584654E-10,-2.168100619672E-11,1.E0));
#2120=VECTOR('',#2119,3.5E0);
#2121=CARTESIAN_POINT('',(4.004302474687E0,-1.111161017436E0,5.5E0));
#2122=LINE('',#2121,#2120);
#2123=CARTESIAN_POINT('',(5.6E0,2.905824404283E-1,5.E0));
#2124=CARTESIAN_POINT('',(5.6E0,3.747005703926E-1,5.E0));
#2125=CARTESIAN_POINT('',(5.6E0,5.072679262541E-1,5.035668904067E0));
#2126=CARTESIAN_POINT('',(5.6E0,6.572407806207E-1,5.138050439593E0));
#2127=CARTESIAN_POINT('',(5.6E0,7.626253526133E-1,5.285020257494E0));
#2128=CARTESIAN_POINT('',(5.6E0,8.E-1,5.415881870036E0));
#2129=CARTESIAN_POINT('',(5.6E0,8.E-1,5.5E0));
#2131=CARTESIAN_POINT('',(5.6E0,-8.E-1,5.5E0));
#2132=CARTESIAN_POINT('',(5.6E0,-8.E-1,5.415881870036E0));
#2133=CARTESIAN_POINT('',(5.6E0,-7.626253526133E-1,5.285020257494E0));
#2134=CARTESIAN_POINT('',(5.6E0,-6.572407806207E-1,5.138050439593E0));
#2135=CARTESIAN_POINT('',(5.6E0,-5.072679262541E-1,5.035668904067E0));
#2136=CARTESIAN_POINT('',(5.6E0,-3.747005703926E-1,5.E0));
#2137=CARTESIAN_POINT('',(5.6E0,-2.905824404283E-1,5.E0));
#2139=DIRECTION('',(0.E0,0.E0,1.E0));
#2140=VECTOR('',#2139,3.5E0);
#2141=CARTESIAN_POINT('',(5.6E0,-8.E-1,5.5E0));
#2142=LINE('',#2141,#2140);
#2143=DIRECTION('',(0.E0,0.E0,1.E0));
#2144=VECTOR('',#2143,3.5E0);
#2145=CARTESIAN_POINT('',(5.6E0,8.E-1,5.5E0));
#2146=LINE('',#2145,#2144);
#2147=DIRECTION('',(9.815130841198E-1,-1.913950514034E-1,0.E0));
#2148=VECTOR('',#2147,1.315718631060E0);
#2149=CARTESIAN_POINT('',(3.908604948595E0,6.204044754523E-1,5.E0));
#2150=LINE('',#2149,#2148);
#2151=CARTESIAN_POINT('',(3.908604948597E0,6.204044754519E-1,5.5E0));
#2152=DIRECTION('',(9.815130841198E-1,-1.913950514034E-1,0.E0));
#2153=DIRECTION('',(0.E0,0.E0,-1.E0));
#2154=AXIS2_PLACEMENT_3D('',#2151,#2152,#2153);
#2156=CARTESIAN_POINT('',(3.E0,3.E0,5.E0));
#2157=DIRECTION('',(0.E0,0.E0,1.E0));
#2158=DIRECTION('',(1.E0,0.E0,0.E0));
#2159=AXIS2_PLACEMENT_3D('',#2156,#2157,#2158);
#2161=DIRECTION('',(0.E0,1.E0,0.E0));
#2162=VECTOR('',#2161,2.631417559572E0);
#2163=CARTESIAN_POINT('',(5.2E0,3.685824404283E-1,5.E0));
#2164=LINE('',#2163,#2162);
#2165=CARTESIAN_POINT('',(4.1E0,1.601917559572E0,5.E0));
#2166=DIRECTION('',(0.E0,0.E0,1.E0));
#2167=DIRECTION('',(-5.000142993367E-1,-8.660171479012E-1,0.E0));
#2168=AXIS2_PLACEMENT_3D('',#2165,#2166,#2167);
#2170=CARTESIAN_POINT('',(3.599999999996E0,7.358921557896E-1,5.5E0));
#2171=DIRECTION('',(8.660254037821E-1,-5.000000000040E-1,0.E0));
#2172=DIRECTION('',(0.E0,0.E0,-1.E0));
#2173=AXIS2_PLACEMENT_3D('',#2170,#2171,#2172);
#2175=CARTESIAN_POINT('',(4.1E0,1.601917559572E0,5.5E0));
#2176=DIRECTION('',(0.E0,0.E0,1.E0));
#2177=DIRECTION('',(-5.E-1,-8.660254037844E-1,0.E0));
#2178=AXIS2_PLACEMENT_3D('',#2175,#2176,#2177);
#2180=CARTESIAN_POINT('',(4.1E0,1.601917559572E0,9.E0));
#2181=DIRECTION('',(0.E0,0.E0,-1.E0));
#2182=DIRECTION('',(-1.913950514034E-1,-9.815130841198E-1,0.E0));
#2183=AXIS2_PLACEMENT_3D('',#2180,#2181,#2182);
#2185=CARTESIAN_POINT('',(3.6E0,1.601917559639E0,5.366025403784E0));
#2186=CARTESIAN_POINT('',(3.600000155104E0,1.580632775852E0,5.366025381270E0));
#2187=CARTESIAN_POINT('',(3.602647181994E0,1.535249651116E0,5.369186485471E0));
#2188=CARTESIAN_POINT('',(3.618690365398E0,1.458583727686E0,5.387021927434E0));
#2189=CARTESIAN_POINT('',(3.648804607230E0,1.380904117334E0,5.416705632340E0));
#2190=CARTESIAN_POINT('',(3.692719372241E0,1.308037524074E0,5.451043057538E0));
#2191=CARTESIAN_POINT('',(3.743076827304E0,1.249206754065E0,5.478820344117E0));
#2192=CARTESIAN_POINT('',(3.796331772828E0,1.202784277561E0,5.496173495969E0));
#2193=CARTESIAN_POINT('',(3.832300793483E0,1.179123697262E0,5.499999035338E0));
#2194=CARTESIAN_POINT('',(3.850000000176E0,1.168904857578E0,5.5E0));
#2196=DIRECTION('',(9.815130841198E-1,-1.913950514034E-1,0.E0));
#2197=VECTOR('',#2196,1.625752678735E0);
#2198=CARTESIAN_POINT('',(4.004302474279E0,1.111161017516E0,5.5E0));
#2199=LINE('',#2198,#2197);
#2200=DIRECTION('',(5.551876418914E-12,-1.082689493614E-12,1.E0));
#2201=VECTOR('',#2200,3.5E0);
#2202=CARTESIAN_POINT('',(4.004302474279E0,1.111161017516E0,5.5E0));
#2203=LINE('',#2202,#2201);
#2204=DIRECTION('',(0.E0,-1.E0,-1.793553063802E-14));
#2205=VECTOR('',#2204,3.961648808171E-1);
#2206=CARTESIAN_POINT('',(3.6E0,1.998082440456E0,5.366025403784E0));
#2207=LINE('',#2206,#2205);
#2208=DIRECTION('',(0.E0,-1.839934094159E-11,1.E0));
#2209=VECTOR('',#2208,3.633974596216E0);
#2210=CARTESIAN_POINT('',(3.6E0,1.601917559639E0,5.366025403784E0));
#2211=LINE('',#2210,#2209);
#2212=DIRECTION('',(0.E0,-7.530383186682E-12,1.E0));
#2213=VECTOR('',#2212,3.633974596216E0);
#2214=CARTESIAN_POINT('',(3.6E0,1.998082440456E0,5.366025403784E0));
#2215=LINE('',#2214,#2213);
#2216=DIRECTION('',(1.336094479891E-10,-1.E0,4.683185406690E-11));
#2217=VECTOR('',#2216,3.961653745891E-1);
#2218=CARTESIAN_POINT('',(3.440625019315E0,1.998082440230E0,4.999999999998E0));
#2219=LINE('',#2218,#2217);
#2220=CARTESIAN_POINT('',(3.1E0,1.998082440428E0,5.366025403784E0));
#2221=DIRECTION('',(0.E0,-1.E0,0.E0));
#2222=DIRECTION('',(6.812500386332E-1,0.E0,-7.320508075689E-1));
#2223=AXIS2_PLACEMENT_3D('',#2220,#2221,#2222);
#2225=CARTESIAN_POINT('',(3.440625019368E0,1.601917065641E0,5.000000000017E0));
#2226=CARTESIAN_POINT('',(3.440632079926E0,1.566614764731E0,5.000000000017E0));
#2227=CARTESIAN_POINT('',(3.442121481476E0,1.491589107607E0,5.000000013665E0));
#2228=CARTESIAN_POINT('',(3.451459627304E0,1.366217734756E0,4.999999952146E0));
#2229=CARTESIAN_POINT('',(3.469049733714E0,1.226691263055E0,5.000000177751E0));
#2230=CARTESIAN_POINT('',(3.497462159475E0,1.071617178E0,4.999999336851E0));
#2231=CARTESIAN_POINT('',(3.539348237601E0,9.041650644814E-1,5.000002474847E0));
#2232=CARTESIAN_POINT('',(3.576929714615E0,7.919806816681E-1,4.999994667457E0));
#2233=CARTESIAN_POINT('',(3.599992251880E0,7.358897345752E-1,5.000000000097E0));
#2235=CARTESIAN_POINT('',(3.100000000014E0,1.601916625654E0,5.366025403782E0));
#2236=DIRECTION('',(9.338839064902E-7,-9.999999999994E-1,5.390797419168E-7));
#2237=DIRECTION('',(6.812500386208E-1,2.415746869244E-7,-7.320508075804E-1));
#2238=AXIS2_PLACEMENT_3D('',#2235,#2236,#2237);
#2240=CARTESIAN_POINT('',(3.504894451490E0,2.553789145177E0,4.999999999996E0));
#2241=CARTESIAN_POINT('',(3.499694816260E0,2.530910253351E0,4.999999999996E0));
#2242=CARTESIAN_POINT('',(3.490017862109E0,2.485121921146E0,5.000000000002E0));
#2243=CARTESIAN_POINT('',(3.477268043683E0,2.416540141661E0,4.999999999999E0));
#2244=CARTESIAN_POINT('',(3.466275704496E0,2.347756520720E0,5.E0));
#2245=CARTESIAN_POINT('',(3.457149503154E0,2.278572893837E0,5.E0));
#2246=CARTESIAN_POINT('',(3.449896932250E0,2.208794547742E0,5.E0));
#2247=CARTESIAN_POINT('',(3.444516732402E0,2.138622565500E0,5.E0));
#2248=CARTESIAN_POINT('',(3.441265341831E0,2.068251969328E0,5.000000000001E0));
#2249=CARTESIAN_POINT('',(3.440629591851E0,2.021465515546E0,4.999999999998E0));
#2250=CARTESIAN_POINT('',(3.440625019315E0,1.998082440230E0,4.999999999998E0));
#2252=CARTESIAN_POINT('',(3.301441558382E0,2.599999723187E0,5.454391354174E0));
#2253=DIRECTION('',(-5.915223611361E-1,-7.847675893204E-1,-1.850435814292E-1));
#2254=DIRECTION('',(4.069055873231E-1,-9.242142024262E-2,-9.087827705704E-1));
#2255=AXIS2_PLACEMENT_3D('',#2252,#2253,#2254);
#2257=CARTESIAN_POINT('',(3.700720536367E0,2.299040759682E0,5.454393675280E0));
#2258=CARTESIAN_POINT('',(3.681148397644E0,2.273073047335E0,5.442119838043E0));
#2259=CARTESIAN_POINT('',(3.649321862853E0,2.220484806419E0,5.417207989399E0));
#2260=CARTESIAN_POINT('',(3.618800139782E0,2.141666829188E0,5.387139041949E0));
#2261=CARTESIAN_POINT('',(3.602882219230E0,2.066325701117E0,5.369443373712E0));
#2262=CARTESIAN_POINT('',(3.599999755582E0,2.020005280064E0,5.366024279122E0));
#2263=CARTESIAN_POINT('',(3.6E0,1.998082440456E0,5.366025403784E0));
#2265=CARTESIAN_POINT('',(4.1E0,1.998082440428E0,9.E0));
#2266=DIRECTION('',(0.E0,0.E0,-1.E0));
#2267=DIRECTION('',(-1.E0,0.E0,0.E0));
#2268=AXIS2_PLACEMENT_3D('',#2265,#2266,#2267);
#2270=CARTESIAN_POINT('',(4.1E0,1.998082440428E0,5.5E0));
#2271=DIRECTION('',(0.E0,0.E0,1.E0));
#2272=DIRECTION('',(-1.913950514034E-1,9.815130841198E-1,0.E0));
#2273=AXIS2_PLACEMENT_3D('',#2270,#2271,#2272);
#2275=CARTESIAN_POINT('',(3.834676138697E0,2.421878675220E0,5.5E0));
#2276=CARTESIAN_POINT('',(3.819780922499E0,2.412553261058E0,5.499999926730E0));
#2277=CARTESIAN_POINT('',(3.789441396245E0,2.391389071020E0,5.496614852515E0));
#2278=CARTESIAN_POINT('',(3.743728417330E0,2.350794622744E0,5.480189302806E0));
#2279=CARTESIAN_POINT('',(3.714764188490E0,2.317672426559E0,5.463184154091E0));
#2280=CARTESIAN_POINT('',(3.700720536367E0,2.299040759682E0,5.454393675280E0));
#2282=DIRECTION('',(-9.815130841198E-1,-1.913950514034E-1,0.E0));
#2283=VECTOR('',#2282,1.625752678319E0);
#2284=CARTESIAN_POINT('',(5.6E0,2.8E0,5.5E0));
#2285=LINE('',#2284,#2283);
#2286=DIRECTION('',(-1.111842047002E-10,-2.168106963804E-11,1.E0));
#2287=VECTOR('',#2286,3.5E0);
#2288=CARTESIAN_POINT('',(4.004302474687E0,2.488838982564E0,5.5E0));
#2289=LINE('',#2288,#2287);
#2290=DIRECTION('',(-9.815130841198E-1,-1.913950514034E-1,0.E0));
#2291=VECTOR('',#2290,1.303533557537E0);
#2292=CARTESIAN_POINT('',(5.188040191791E0,3.229085396971E0,5.E0));
#2293=LINE('',#2292,#2291);
#2294=CARTESIAN_POINT('',(4.1E0,1.998082440428E0,5.E0));
#2295=DIRECTION('',(0.E0,0.E0,1.E0));
#2296=DIRECTION('',(-1.913950500791E-1,9.815130843780E-1,0.E0));
#2297=AXIS2_PLACEMENT_3D('',#2294,#2295,#2296);
#2299=CARTESIAN_POINT('',(3.908604948597E0,2.979595524548E0,5.5E0));
#2300=DIRECTION('',(-9.815130841198E-1,-1.913950514034E-1,0.E0));
#2301=DIRECTION('',(0.E0,0.E0,-1.E0));
#2302=AXIS2_PLACEMENT_3D('',#2299,#2300,#2301);
#2304=CARTESIAN_POINT('',(3.569352261327E0,2.845674913270E0,5.E0));
#2305=CARTESIAN_POINT('',(3.566404869758E0,2.835370292922E0,4.999999773145E0));
#2306=CARTESIAN_POINT('',(3.560904132328E0,2.814635894906E0,5.000000105284E0));
#2307=CARTESIAN_POINT('',(3.553368089751E0,2.783260869140E0,4.999999971789E0));
#2308=CARTESIAN_POINT('',(3.546336113953E0,2.751764057232E0,5.000000007559E0));
#2309=CARTESIAN_POINT('',(3.539650375773E0,2.720232364519E0,4.999999997975E0));
#2310=CARTESIAN_POINT('',(3.533240158328E0,2.688803844480E0,5.000000000543E0));
#2311=CARTESIAN_POINT('',(3.526845661607E0,2.657188655200E0,4.999999999855E0));
#2312=CARTESIAN_POINT('',(3.520224016117E0,2.624671489852E0,5.000000000039E0));
#2313=CARTESIAN_POINT('',(3.513083103480E0,2.590635862401E0,4.999999999991E0));
#2314=CARTESIAN_POINT('',(3.507736941700E0,2.566303572671E0,4.999999999996E0));
#2315=CARTESIAN_POINT('',(3.504894451490E0,2.553789145177E0,4.999999999996E0));
#2317=CARTESIAN_POINT('',(3.569352915854E0,2.845675309732E0,5.500000000001E0));
#2318=DIRECTION('',(-8.475928693042E-1,-5.306470841380E-1,6.822286924881E-7));
#2319=DIRECTION('',(-5.782483967190E-7,-3.620287012384E-7,-9.999999999998E-1));
#2320=AXIS2_PLACEMENT_3D('',#2317,#2318,#2319);
#2322=DIRECTION('',(0.E0,0.E0,1.E0));
#2323=VECTOR('',#2322,4.E0);
#2324=CARTESIAN_POINT('',(5.6E0,4.297502066907E0,5.E0));
#2325=LINE('',#2324,#2323);
#2326=CARTESIAN_POINT('',(5.6E0,2.8E0,5.5E0));
#2327=CARTESIAN_POINT('',(5.6E0,2.8E0,5.415881870036E0));
#2328=CARTESIAN_POINT('',(5.6E0,2.837374647387E0,5.285020257494E0));
#2329=CARTESIAN_POINT('',(5.6E0,2.942759219379E0,5.138050439593E0));
#2330=CARTESIAN_POINT('',(5.6E0,3.092732073746E0,5.035668904067E0));
#2331=CARTESIAN_POINT('',(5.6E0,3.225299429607E0,5.E0));
#2332=CARTESIAN_POINT('',(5.6E0,3.309417559572E0,5.E0));
#2334=DIRECTION('',(0.E0,0.E0,1.E0));
#2335=VECTOR('',#2334,3.5E0);
#2336=CARTESIAN_POINT('',(5.6E0,2.8E0,5.5E0));
#2337=LINE('',#2336,#2335);
#2338=DIRECTION('',(0.E0,0.E0,1.E0));
#2339=VECTOR('',#2338,4.E0);
#2340=CARTESIAN_POINT('',(5.440999180031E0,4.663178917716E0,5.E0));
#2341=LINE('',#2340,#2339);
#2342=DIRECTION('',(0.E0,0.E0,1.E0));
#2343=VECTOR('',#2342,4.8E0);
#2344=CARTESIAN_POINT('',(4.49E0,8.1E0,5.7E0));
#2345=LINE('',#2344,#2343);
#2346=DIRECTION('',(0.E0,0.E0,1.E0));
#2347=VECTOR('',#2346,4.E0);
#2348=CARTESIAN_POINT('',(4.49E0,5.55E0,5.E0));
#2349=LINE('',#2348,#2347);
#2350=DIRECTION('',(0.E0,0.E0,1.E0));
#2351=VECTOR('',#2350,1.5E0);
#2352=CARTESIAN_POINT('',(4.49E0,7.1E0,9.E0));
#2353=LINE('',#2352,#2351);
#2354=DIRECTION('',(0.E0,-5.812381937191E-1,-8.137334712067E-1));
#2355=VECTOR('',#2354,8.602325267043E-1);
#2356=CARTESIAN_POINT('',(-4.49E0,6.05E0,5.7E0));
#2357=LINE('',#2356,#2355);
#2358=DIRECTION('',(0.E0,5.812381937191E-1,8.137334712067E-1));
#2359=VECTOR('',#2358,8.602325267043E-1);
#2360=CARTESIAN_POINT('',(-2.4E0,5.55E0,5.E0));
#2361=LINE('',#2360,#2359);
#2362=CARTESIAN_POINT('',(-2.901909918772E0,8.6E0,5.7E0));
#2363=CARTESIAN_POINT('',(-2.818417425541E0,8.6E0,5.7E0));
#2364=CARTESIAN_POINT('',(-2.687501140126E0,8.563931298952E0,5.7E0));
#2365=CARTESIAN_POINT('',(-2.539827395679E0,8.461127563707E0,5.7E0));
#2366=CARTESIAN_POINT('',(-2.436414611932E0,8.314062867761E0,5.7E0));
#2367=CARTESIAN_POINT('',(-2.4E0,8.183492493231E0,5.7E0));
#2368=CARTESIAN_POINT('',(-2.4E0,8.1E0,5.7E0));
#2370=DIRECTION('',(-1.E0,0.E0,0.E0));
#2371=VECTOR('',#2370,1.088090081228E0);
#2372=CARTESIAN_POINT('',(-2.901909918772E0,8.6E0,5.7E0));
#2373=LINE('',#2372,#2371);
#2374=CARTESIAN_POINT('',(-3.99E0,8.1E0,5.7E0));
#2375=DIRECTION('',(0.E0,0.E0,-1.E0));
#2376=DIRECTION('',(-1.E0,0.E0,0.E0));
#2377=AXIS2_PLACEMENT_3D('',#2374,#2375,#2376);
#2379=DIRECTION('',(0.E0,-1.E0,0.E0));
#2380=VECTOR('',#2379,2.05E0);
#2381=CARTESIAN_POINT('',(-4.49E0,8.1E0,5.7E0));
#2382=LINE('',#2381,#2380);
#2383=DIRECTION('',(-1.E0,0.E0,0.E0));
#2384=VECTOR('',#2383,2.09E0);
#2385=CARTESIAN_POINT('',(-2.4E0,6.05E0,5.7E0));
#2386=LINE('',#2385,#2384);
#2387=DIRECTION('',(0.E0,1.E0,0.E0));
#2388=VECTOR('',#2387,2.05E0);
#2389=CARTESIAN_POINT('',(-2.4E0,6.05E0,5.7E0));
#2390=LINE('',#2389,#2388);
#2391=CARTESIAN_POINT('',(-2.688712589636E0,8.1E0,9.E0));
#2392=CARTESIAN_POINT('',(-2.688712589636E0,8.132735517340E0,9.E0));
#2393=CARTESIAN_POINT('',(-2.695164144390E0,8.198188568513E0,8.999718319036E0));
#2394=CARTESIAN_POINT('',(-2.723778650332E0,8.292519481918E0,8.998468982726E0));
#2395=CARTESIAN_POINT('',(-2.770230653834E0,8.379475841967E0,8.996440844453E0));
#2396=CARTESIAN_POINT('',(-2.832840881254E0,8.455802017502E0,8.993707222888E0));
#2397=CARTESIAN_POINT('',(-2.909157001039E0,8.518432397597E0,8.990375189139E0));
#2398=CARTESIAN_POINT('',(-2.996188294712E0,8.564938927074E0,8.986575320795E0));
#2399=CARTESIAN_POINT('',(-3.090579638096E0,8.593560068339E0,8.982454105740E0));
#2400=CARTESIAN_POINT('',(-3.156003597072E0,8.6E0,8.979597634003E0));
#2401=CARTESIAN_POINT('',(-3.188712589636E0,8.6E0,8.978169528546E0));
#2403=CARTESIAN_POINT('',(-3.188712589636E0,8.1E0,1.05E1));
#2404=DIRECTION('',(0.E0,0.E0,1.E0));
#2405=DIRECTION('',(1.E0,0.E0,0.E0));
#2406=AXIS2_PLACEMENT_3D('',#2403,#2404,#2405);
#2408=DIRECTION('',(0.E0,1.E0,0.E0));
#2409=VECTOR('',#2408,1.E0);
#2410=CARTESIAN_POINT('',(-2.688712589636E0,7.1E0,1.05E1));
#2411=LINE('',#2410,#2409);
#2412=DIRECTION('',(1.E0,0.E0,0.E0));
#2413=VECTOR('',#2412,1.801287410364E0);
#2414=CARTESIAN_POINT('',(-4.49E0,7.1E0,1.05E1));
#2415=LINE('',#2414,#2413);
#2416=DIRECTION('',(0.E0,-1.E0,0.E0));
#2417=VECTOR('',#2416,1.E0);
#2418=CARTESIAN_POINT('',(-4.49E0,8.1E0,1.05E1));
#2419=LINE('',#2418,#2417);
#2420=CARTESIAN_POINT('',(-3.99E0,8.1E0,1.05E1));
#2421=DIRECTION('',(0.E0,0.E0,1.E0));
#2422=DIRECTION('',(0.E0,1.E0,0.E0));
#2423=AXIS2_PLACEMENT_3D('',#2420,#2421,#2422);
#2425=DIRECTION('',(-1.E0,0.E0,0.E0));
#2426=VECTOR('',#2425,8.012874103645E-1);
#2427=CARTESIAN_POINT('',(-3.188712589636E0,8.6E0,1.05E1));
#2428=LINE('',#2427,#2426);
#2429=DIRECTION('',(0.E0,0.E0,-1.E0));
#2430=VECTOR('',#2429,1.5E0);
#2431=CARTESIAN_POINT('',(-2.688712589636E0,8.1E0,1.05E1));
#2432=LINE('',#2431,#2430);
#2433=DIRECTION('',(0.E0,0.E0,1.E0));
#2434=VECTOR('',#2433,1.5E0);
#2435=CARTESIAN_POINT('',(-2.688712589636E0,7.1E0,9.E0));
#2436=LINE('',#2435,#2434);
#2437=DIRECTION('',(0.E0,0.E0,1.E0));
#2438=VECTOR('',#2437,1.5E0);
#2439=CARTESIAN_POINT('',(-4.49E0,7.1E0,9.E0));
#2440=LINE('',#2439,#2438);
#2441=DIRECTION('',(0.E0,0.E0,1.E0));
#2442=VECTOR('',#2441,4.8E0);
#2443=CARTESIAN_POINT('',(-4.49E0,8.1E0,5.7E0));
#2444=LINE('',#2443,#2442);
#2445=DIRECTION('',(0.E0,0.E0,-1.E0));
#2446=VECTOR('',#2445,4.E0);
#2447=CARTESIAN_POINT('',(-4.49E0,5.55E0,9.E0));
#2448=LINE('',#2447,#2446);
#2449=DIRECTION('',(8.715574274766E-2,0.E0,-9.961946980917E-1));
#2450=VECTOR('',#2449,3.290691603584E0);
#2451=CARTESIAN_POINT('',(-3.188712589636E0,8.6E0,8.978169528546E0));
#2452=LINE('',#2451,#2450);
#2453=DIRECTION('',(0.E0,0.E0,-1.E0));
#2454=VECTOR('',#2453,1.521830471454E0);
#2455=CARTESIAN_POINT('',(-3.188712589636E0,8.6E0,1.05E1));
#2456=LINE('',#2455,#2454);
#2457=DIRECTION('',(0.E0,0.E0,1.E0));
#2458=VECTOR('',#2457,4.8E0);
#2459=CARTESIAN_POINT('',(-3.99E0,8.6E0,5.7E0));
#2460=LINE('',#2459,#2458);
#2461=DIRECTION('',(0.E0,0.E0,-1.E0));
#2462=VECTOR('',#2461,4.E0);
#2463=CARTESIAN_POINT('',(-5.440999180031E0,4.663178917716E0,9.E0));
#2464=LINE('',#2463,#2462);
#2465=DIRECTION('',(0.E0,0.E0,-1.E0));
#2466=VECTOR('',#2465,4.E0);
#2467=CARTESIAN_POINT('',(-5.6E0,4.297502066907E0,9.E0));
#2468=LINE('',#2467,#2466);
#2469=DIRECTION('',(0.E0,0.E0,1.E0));
#2470=VECTOR('',#2469,3.5E0);
#2471=CARTESIAN_POINT('',(-5.6E0,2.8E0,5.5E0));
#2472=LINE('',#2471,#2470);
#2473=CARTESIAN_POINT('',(-5.6E0,3.309417559572E0,5.E0));
#2474=CARTESIAN_POINT('',(-5.6E0,3.225299429607E0,5.E0));
#2475=CARTESIAN_POINT('',(-5.6E0,3.092732073746E0,5.035668904067E0));
#2476=CARTESIAN_POINT('',(-5.6E0,2.942759219379E0,5.138050439593E0));
#2477=CARTESIAN_POINT('',(-5.6E0,2.837374647387E0,5.285020257494E0));
#2478=CARTESIAN_POINT('',(-5.6E0,2.8E0,5.415881870036E0));
#2479=CARTESIAN_POINT('',(-5.6E0,2.8E0,5.5E0));
#2481=DIRECTION('',(-9.815130841198E-1,1.913950514034E-1,0.E0));
#2482=VECTOR('',#2481,1.625752678517E0);
#2483=CARTESIAN_POINT('',(-4.004302474493E0,2.488838982526E0,5.5E0));
#2484=LINE('',#2483,#2482);
#2485=DIRECTION('',(-5.561138851005E-11,1.084427785664E-11,-1.E0));
#2486=VECTOR('',#2485,3.5E0);
#2487=CARTESIAN_POINT('',(-4.004302474298E0,2.488838982488E0,9.E0));
#2488=LINE('',#2487,#2486);
#2489=DIRECTION('',(-9.815130841198E-1,1.913950514034E-1,0.E0));
#2490=VECTOR('',#2489,1.303533557538E0);
#2491=CARTESIAN_POINT('',(-3.908604949478E0,2.979595524720E0,5.E0));
#2492=LINE('',#2491,#2490);
#2493=CARTESIAN_POINT('',(-3.908604948597E0,2.979595524548E0,5.5E0));
#2494=DIRECTION('',(-9.815130841198E-1,1.913950514034E-1,0.E0));
#2495=DIRECTION('',(0.E0,0.E0,-1.E0));
#2496=AXIS2_PLACEMENT_3D('',#2493,#2494,#2495);
#2498=CARTESIAN_POINT('',(-4.1E0,1.998082440428E0,5.E0));
#2499=DIRECTION('',(0.E0,0.E0,-1.E0));
#2500=DIRECTION('',(1.913950500808E-1,9.815130843777E-1,0.E0));
#2501=AXIS2_PLACEMENT_3D('',#2498,#2499,#2500);
#2503=CARTESIAN_POINT('',(-3.569352277793E0,2.845674910261E0,5.5E0));
#2504=DIRECTION('',(-8.475924698325E-1,5.306477222068E-1,0.E0));
#2505=DIRECTION('',(0.E0,0.E0,-1.E0));
#2506=AXIS2_PLACEMENT_3D('',#2503,#2504,#2505);
#2508=CARTESIAN_POINT('',(-4.1E0,1.998082440428E0,5.5E0));
#2509=DIRECTION('',(0.E0,0.E0,1.E0));
#2510=DIRECTION('',(5.306477222044E-1,8.475924698340E-1,0.E0));
#2511=AXIS2_PLACEMENT_3D('',#2508,#2509,#2510);
#2513=CARTESIAN_POINT('',(-4.1E0,1.998082440428E0,9.E0));
#2514=DIRECTION('',(0.E0,0.E0,-1.E0));
#2515=DIRECTION('',(1.913950514034E-1,9.815130841198E-1,0.E0));
#2516=AXIS2_PLACEMENT_3D('',#2513,#2514,#2515);
#2518=CARTESIAN_POINT('',(-3.6E0,1.998082440482E0,5.366025403784E0));
#2519=CARTESIAN_POINT('',(-3.600000323687E0,2.020154511855E0,5.366026028413E0));
#2520=CARTESIAN_POINT('',(-3.602941987241E0,2.066707109569E0,5.369470429485E0));
#2521=CARTESIAN_POINT('',(-3.618821941100E0,2.141763234497E0,5.387174577663E0));
#2522=CARTESIAN_POINT('',(-3.649553264478E0,2.220973359730E0,5.417395286100E0));
#2523=CARTESIAN_POINT('',(-3.681278911163E0,2.273246643219E0,5.442207882933E0));
#2524=CARTESIAN_POINT('',(-3.700720883453E0,2.299041220147E0,5.454391419414E0));
#2526=CARTESIAN_POINT('',(-3.700720883453E0,2.299041220147E0,5.454391419414E0));
#2527=CARTESIAN_POINT('',(-3.714732026272E0,2.317629178224E0,5.463180844743E0));
#2528=CARTESIAN_POINT('',(-3.743654954240E0,2.350715498146E0,5.480135641813E0));
#2529=CARTESIAN_POINT('',(-3.789301166929E0,2.391279231883E0,5.496568420259E0));
#2530=CARTESIAN_POINT('',(-3.819716433431E0,2.412512899319E0,5.499999823388E0));
#2531=CARTESIAN_POINT('',(-3.834676138688E0,2.421878675214E0,5.5E0));
#2533=DIRECTION('',(0.E0,1.E0,2.241941329568E-14));
#2534=VECTOR('',#2533,3.961648808497E-1);
#2535=CARTESIAN_POINT('',(-3.6E0,1.601917559632E0,5.366025403784E0));
#2536=LINE('',#2535,#2534);
#2537=DIRECTION('',(0.E0,1.481042980048E-11,-1.E0));
#2538=VECTOR('',#2537,3.633974596216E0);
#2539=CARTESIAN_POINT('',(-3.6E0,1.998082440428E0,9.E0));
#2540=LINE('',#2539,#2538);
#2541=DIRECTION('',(0.E0,1.670686529296E-11,-1.E0));
#2542=VECTOR('',#2541,3.633974596216E0);
#2543=CARTESIAN_POINT('',(-3.6E0,1.601917559572E0,9.E0));
#2544=LINE('',#2543,#2542);
#2545=DIRECTION('',(1.677525323763E-11,1.E0,-5.225494185935E-11));
#2546=VECTOR('',#2545,3.961665991724E-1);
#2547=CARTESIAN_POINT('',(-3.440625019333E0,1.601917558387E0,5.000000000016E0));
#2548=LINE('',#2547,#2546);
#2549=CARTESIAN_POINT('',(-3.1E0,1.601917559572E0,5.366025403784E0));
#2550=DIRECTION('',(0.E0,1.E0,0.E0));
#2551=DIRECTION('',(-6.812500386332E-1,0.E0,-7.320508075689E-1));
#2552=AXIS2_PLACEMENT_3D('',#2549,#2550,#2551);
#2554=CARTESIAN_POINT('',(-3.440625019327E0,1.998084157559E0,4.999999999995E0));
#2555=CARTESIAN_POINT('',(-3.440625667195E0,2.021501187328E0,4.999999999995E0));
#2556=CARTESIAN_POINT('',(-3.441309815677E0,2.068380125804E0,5.000000000002E0));
#2557=CARTESIAN_POINT('',(-3.444595059390E0,2.139025258264E0,4.999999999999E0));
#2558=CARTESIAN_POINT('',(-3.449901774322E0,2.209420975805E0,5.E0));
#2559=CARTESIAN_POINT('',(-3.457250603204E0,2.279345126282E0,5.E0));
#2560=CARTESIAN_POINT('',(-3.466387439947E0,2.348388388509E0,5.E0));
#2561=CARTESIAN_POINT('',(-3.477299245611E0,2.416956764840E0,5.000000000001E0));
#2562=CARTESIAN_POINT('',(-3.490021539473E0,2.485262725301E0,4.999999999998E0));
#2563=CARTESIAN_POINT('',(-3.499704647450E0,2.530944995814E0,5.000000000004E0));
#2564=CARTESIAN_POINT('',(-3.504893538632E0,2.553785124504E0,5.000000000004E0));
#2566=CARTESIAN_POINT('',(-3.100000000098E0,1.998085610384E0,5.366025403819E0));
#2567=DIRECTION('',(-3.169864045318E-6,9.999999999933E-1,1.829952282986E-6));
#2568=DIRECTION('',(-6.812500384990E-1,-8.198519561782E-7,-7.320508076933E-1));
#2569=AXIS2_PLACEMENT_3D('',#2566,#2567,#2568);
#2571=CARTESIAN_POINT('',(-3.504893538632E0,2.553785124504E0,5.000000000004E0));
#2572=CARTESIAN_POINT('',(-3.507817589813E0,2.566664368582E0,5.000000000004E0));
#2573=CARTESIAN_POINT('',(-3.513341529347E0,2.591671520871E0,4.999999999955E0));
#2574=CARTESIAN_POINT('',(-3.520678293574E0,2.626640817453E0,5.000000000149E0));
#2575=CARTESIAN_POINT('',(-3.527375129475E0,2.659845938950E0,4.999999999447E0));
#2576=CARTESIAN_POINT('',(-3.533836934029E0,2.691754836777E0,5.000000002063E0));
#2577=CARTESIAN_POINT('',(-3.540260661414E0,2.722949059466E0,4.999999992301E0));
#2578=CARTESIAN_POINT('',(-3.546790800777E0,2.753802268618E0,5.000000028733E0));
#2579=CARTESIAN_POINT('',(-3.553578787385E0,2.784449684070E0,4.999999892768E0));
#2580=CARTESIAN_POINT('',(-3.560984055658E0,2.815006632171E0,5.000000400195E0));
#2581=CARTESIAN_POINT('',(-3.566383862212E0,2.835492006061E0,4.999999137700E0));
#2582=CARTESIAN_POINT('',(-3.569332965126E0,2.845679837723E0,5.000000000553E0));
#2584=CARTESIAN_POINT('',(-3.301434728228E0,2.599990662098E0,5.454389217823E0));
#2585=DIRECTION('',(-5.915136093286E-1,7.847745063181E-1,1.850422227824E-1));
#2586=DIRECTION('',(-4.069098723211E-1,-9.242132093583E-2,-9.087808620587E-1));
#2587=AXIS2_PLACEMENT_3D('',#2584,#2585,#2586);
#2589=CARTESIAN_POINT('',(-3.599993639208E0,7.358901707454E-1,
5.000000000065E0));
#2590=CARTESIAN_POINT('',(-3.577194879543E0,7.912778371733E-1,
4.999995659698E0));
#2591=CARTESIAN_POINT('',(-3.539852917580E0,9.025203855192E-1,
5.000002014345E0));
#2592=CARTESIAN_POINT('',(-3.497509721434E0,1.071263067510E0,4.999999460245E0));
#2593=CARTESIAN_POINT('',(-3.469030159552E0,1.226961856439E0,5.000000144676E0));
#2594=CARTESIAN_POINT('',(-3.451441431713E0,1.366084673809E0,4.999999961051E0));
#2595=CARTESIAN_POINT('',(-3.442209632976E0,1.490853501030E0,5.000000011122E0));
#2596=CARTESIAN_POINT('',(-3.440630822528E0,1.566287539977E0,5.000000000016E0));
#2597=CARTESIAN_POINT('',(-3.440625019333E0,1.601917558387E0,5.000000000016E0));
#2599=CARTESIAN_POINT('',(-3.599983787460E0,7.359015165133E-1,
5.499999999807E0));
#2600=DIRECTION('',(8.660160419499E-1,5.000162146253E-1,-1.404374382994E-5));
#2601=DIRECTION('',(-1.216210160536E-5,-7.022109747841E-6,-9.999999999014E-1));
#2602=AXIS2_PLACEMENT_3D('',#2599,#2600,#2601);
#2604=CARTESIAN_POINT('',(-3.850000000204E0,1.168904857562E0,5.5E0));
#2605=CARTESIAN_POINT('',(-3.832300201562E0,1.179123954009E0,5.499999795930E0));
#2606=CARTESIAN_POINT('',(-3.796293726412E0,1.202805503558E0,5.496165653382E0));
#2607=CARTESIAN_POINT('',(-3.742856980565E0,1.249402502208E0,5.478762486199E0));
#2608=CARTESIAN_POINT('',(-3.692404073930E0,1.308487153865E0,5.450798886267E0));
#2609=CARTESIAN_POINT('',(-3.648785979615E0,1.381001246156E0,5.416687355173E0));
#2610=CARTESIAN_POINT('',(-3.618744953997E0,1.458429140090E0,5.387089598291E0));
#2611=CARTESIAN_POINT('',(-3.602678716490E0,1.534999376295E0,5.369202064971E0));
#2612=CARTESIAN_POINT('',(-3.600000193010E0,1.580520811930E0,5.366026272217E0));
#2613=CARTESIAN_POINT('',(-3.6E0,1.601917559632E0,5.366025403784E0));
#2615=CARTESIAN_POINT('',(-4.1E0,1.601917559572E0,9.E0));
#2616=DIRECTION('',(0.E0,0.E0,-1.E0));
#2617=DIRECTION('',(1.E0,0.E0,0.E0));
#2618=AXIS2_PLACEMENT_3D('',#2615,#2616,#2617);
#2620=CARTESIAN_POINT('',(-4.1E0,1.601917559572E0,5.5E0));
#2621=DIRECTION('',(0.E0,0.E0,1.E0));
#2622=DIRECTION('',(1.913950514034E-1,-9.815130841198E-1,0.E0));
#2623=AXIS2_PLACEMENT_3D('',#2620,#2621,#2622);
#2625=DIRECTION('',(9.815130841198E-1,1.913950514034E-1,0.E0));
#2626=VECTOR('',#2625,1.625752678754E0);
#2627=CARTESIAN_POINT('',(-5.6E0,8.E-1,5.5E0));
#2628=LINE('',#2627,#2626);
#2629=DIRECTION('',(1.082892505825E-11,2.111580751521E-12,-1.E0));
#2630=VECTOR('',#2629,3.5E0);
#2631=CARTESIAN_POINT('',(-4.004302474298E0,1.111161017512E0,9.E0));
#2632=LINE('',#2631,#2630);
#2633=CARTESIAN_POINT('',(-5.6E0,-2.905824404283E-1,5.E0));
#2634=CARTESIAN_POINT('',(-5.6E0,-3.747005703926E-1,5.E0));
#2635=CARTESIAN_POINT('',(-5.6E0,-5.072679262541E-1,5.035668904067E0));
#2636=CARTESIAN_POINT('',(-5.6E0,-6.572407806207E-1,5.138050439593E0));
#2637=CARTESIAN_POINT('',(-5.6E0,-7.626253526133E-1,5.285020257494E0));
#2638=CARTESIAN_POINT('',(-5.6E0,-8.E-1,5.415881870036E0));
#2639=CARTESIAN_POINT('',(-5.6E0,-8.E-1,5.5E0));
#2641=CARTESIAN_POINT('',(-5.6E0,8.E-1,5.5E0));
#2642=CARTESIAN_POINT('',(-5.6E0,8.E-1,5.415881870036E0));
#2643=CARTESIAN_POINT('',(-5.6E0,7.626253526133E-1,5.285020257494E0));
#2644=CARTESIAN_POINT('',(-5.6E0,6.572407806207E-1,5.138050439593E0));
#2645=CARTESIAN_POINT('',(-5.6E0,5.072679262541E-1,5.035668904067E0));
#2646=CARTESIAN_POINT('',(-5.6E0,3.747005703926E-1,5.E0));
#2647=CARTESIAN_POINT('',(-5.6E0,2.905824404283E-1,5.E0));
#2649=DIRECTION('',(0.E0,0.E0,1.E0));
#2650=VECTOR('',#2649,3.5E0);
#2651=CARTESIAN_POINT('',(-5.6E0,8.E-1,5.5E0));
#2652=LINE('',#2651,#2650);
#2653=DIRECTION('',(0.E0,0.E0,1.E0));
#2654=VECTOR('',#2653,3.5E0);
#2655=CARTESIAN_POINT('',(-5.6E0,-8.E-1,5.5E0));
#2656=LINE('',#2655,#2654);
#2657=DIRECTION('',(-9.815130841198E-1,1.913950514034E-1,0.E0));
#2658=VECTOR('',#2657,1.315718630159E0);
#2659=CARTESIAN_POINT('',(-3.908604949478E0,-6.204044752800E-1,5.E0));
#2660=LINE('',#2659,#2658);
#2661=CARTESIAN_POINT('',(-3.908604948597E0,-6.204044754519E-1,5.5E0));
#2662=DIRECTION('',(-9.815130841198E-1,1.913950514034E-1,0.E0));
#2663=DIRECTION('',(0.E0,0.E0,-1.E0));
#2664=AXIS2_PLACEMENT_3D('',#2661,#2662,#2663);
#2666=DIRECTION('',(-9.815130841198E-1,1.913950514034E-1,0.E0));
#2667=VECTOR('',#2666,1.625752678517E0);
#2668=CARTESIAN_POINT('',(-4.004302474493E0,-1.111161017474E0,5.5E0));
#2669=LINE('',#2668,#2667);
#2670=DIRECTION('',(-5.561138851005E-11,1.084421441533E-11,-1.E0));
#2671=VECTOR('',#2670,3.5E0);
#2672=CARTESIAN_POINT('',(-4.004302474298E0,-1.111161017512E0,9.E0));
#2673=LINE('',#2672,#2671);
#2674=CARTESIAN_POINT('',(-4.1E0,-1.601917559572E0,5.5E0));
#2675=DIRECTION('',(0.E0,0.E0,1.E0));
#2676=DIRECTION('',(5.E-1,8.660254037844E-1,0.E0));
#2677=AXIS2_PLACEMENT_3D('',#2674,#2675,#2676);
#2679=CARTESIAN_POINT('',(-4.1E0,-1.601917559572E0,9.E0));
#2680=DIRECTION('',(0.E0,0.E0,-1.E0));
#2681=DIRECTION('',(1.913950514034E-1,9.815130841198E-1,0.E0));
#2682=AXIS2_PLACEMENT_3D('',#2679,#2680,#2681);
#2684=CARTESIAN_POINT('',(-3.6E0,-1.601917559501E0,5.366025403784E0));
#2685=CARTESIAN_POINT('',(-3.600000152167E0,-1.580630395519E0,
5.366025398879E0));
#2686=CARTESIAN_POINT('',(-3.602646975750E0,-1.535243724303E0,
5.369184800882E0));
#2687=CARTESIAN_POINT('',(-3.618698569112E0,-1.458553656580E0,
5.387031020485E0));
#2688=CARTESIAN_POINT('',(-3.648810529379E0,-1.380901736191E0,
5.416711481031E0));
#2689=CARTESIAN_POINT('',(-3.692677755338E0,-1.308096943278E0,
5.451008825047E0));
#2690=CARTESIAN_POINT('',(-3.743056487671E0,-1.249223515065E0,
5.478818383702E0));
#2691=CARTESIAN_POINT('',(-3.796327396105E0,-1.202787279985E0,
5.496171375434E0));
#2692=CARTESIAN_POINT('',(-3.832300841937E0,-1.179123643112E0,
5.499999166453E0));
#2693=CARTESIAN_POINT('',(-3.850000000328E0,-1.168904857490E0,5.5E0));
#2695=CARTESIAN_POINT('',(-4.1E0,-1.601917559572E0,5.E0));
#2696=DIRECTION('',(0.E0,0.E0,-1.E0));
#2697=DIRECTION('',(1.913950500807E-1,9.815130843777E-1,0.E0));
#2698=AXIS2_PLACEMENT_3D('',#2695,#2696,#2697);
#2700=CARTESIAN_POINT('',(-3.599999999999E0,-7.358921557879E-1,5.5E0));
#2701=DIRECTION('',(-8.660254037838E-1,5.000000000011E-1,0.E0));
#2702=DIRECTION('',(0.E0,0.E0,-1.E0));
#2703=AXIS2_PLACEMENT_3D('',#2700,#2701,#2702);
#2705=CARTESIAN_POINT('',(-3.440625019498E0,-1.601914654828E0,
4.999999999992E0));
#2706=CARTESIAN_POINT('',(-3.440631953216E0,-1.566587487815E0,
4.999999999992E0));
#2707=CARTESIAN_POINT('',(-3.442128379909E0,-1.491518641583E0,
5.000000013564E0));
#2708=CARTESIAN_POINT('',(-3.451465675874E0,-1.366118338066E0,
4.999999952540E0));
#2709=CARTESIAN_POINT('',(-3.469072477676E0,-1.226550347442E0,
5.000000176275E0));
#2710=CARTESIAN_POINT('',(-3.497508689517E0,-1.071387239844E0,
4.999999342360E0));
#2711=CARTESIAN_POINT('',(-3.539442129606E0,-9.038760461923E-1,
5.000002454287E0));
#2712=CARTESIAN_POINT('',(-3.576972203140E0,-7.918610684098E-1,
4.999994711758E0));
#2713=CARTESIAN_POINT('',(-3.599992298964E0,-7.358897490404E-1,
5.000000000096E0));
#2715=CARTESIAN_POINT('',(-3.100000000091E0,-1.601912184414E0,
5.366025403781E0));
#2716=DIRECTION('',(-5.374917214136E-6,9.999999999807E-1,3.102601329436E-6));
#2717=DIRECTION('',(-6.812500385533E-1,-1.390400750197E-6,-7.320508076419E-1));
#2718=AXIS2_PLACEMENT_3D('',#2715,#2716,#2717);
#2720=DIRECTION('',(-4.558550719685E-10,1.E0,-2.218833064777E-11));
#2721=VECTOR('',#2720,3.961677856399E-1);
#2722=CARTESIAN_POINT('',(-3.440625019317E0,-1.998082440468E0,5.E0));
#2723=LINE('',#2722,#2721);
#2724=CARTESIAN_POINT('',(-3.1E0,-1.998082440428E0,5.366025403784E0));
#2725=DIRECTION('',(0.E0,1.E0,0.E0));
#2726=DIRECTION('',(-6.812500386332E-1,0.E0,-7.320508075689E-1));
#2727=AXIS2_PLACEMENT_3D('',#2724,#2725,#2726);
#2729=DIRECTION('',(0.E0,1.E0,0.E0));
#2730=VECTOR('',#2729,3.961648809478E-1);
#2731=CARTESIAN_POINT('',(-3.6E0,-1.998082440449E0,5.366025403784E0));
#2732=LINE('',#2731,#2730);
#2733=DIRECTION('',(0.E0,1.941052472111E-11,-1.E0));
#2734=VECTOR('',#2733,3.633974596216E0);
#2735=CARTESIAN_POINT('',(-3.6E0,-1.601917559572E0,9.E0));
#2736=LINE('',#2735,#2734);
#2737=DIRECTION('',(0.E0,-5.706598459429E-12,-1.E0));
#2738=VECTOR('',#2737,3.633974596216E0);
#2739=CARTESIAN_POINT('',(-3.6E0,-1.998082440428E0,9.E0));
#2740=LINE('',#2739,#2738);
#2741=CARTESIAN_POINT('',(-3.700720883511E0,-2.299041220223E0,
5.454391419451E0));
#2742=CARTESIAN_POINT('',(-3.681237324484E0,-2.273191686412E0,
5.442184246249E0));
#2743=CARTESIAN_POINT('',(-3.649480059649E0,-2.220832394349E0,
5.417325200121E0));
#2744=CARTESIAN_POINT('',(-3.618783179705E0,-2.141620686702E0,
5.387132805485E0));
#2745=CARTESIAN_POINT('',(-3.602937588261E0,-2.066646487690E0,
5.369467176876E0));
#2746=CARTESIAN_POINT('',(-3.600000315851E0,-2.020133573617E0,
5.366026057051E0));
#2747=CARTESIAN_POINT('',(-3.6E0,-1.998082440449E0,5.366025403784E0));
#2749=CARTESIAN_POINT('',(-4.1E0,-1.998082440428E0,9.E0));
#2750=DIRECTION('',(0.E0,0.E0,-1.E0));
#2751=DIRECTION('',(1.E0,0.E0,0.E0));
#2752=AXIS2_PLACEMENT_3D('',#2749,#2750,#2751);
#2754=CARTESIAN_POINT('',(-4.1E0,-1.998082440428E0,5.5E0));
#2755=DIRECTION('',(0.E0,0.E0,1.E0));
#2756=DIRECTION('',(1.913950514034E-1,-9.815130841198E-1,0.E0));
#2757=AXIS2_PLACEMENT_3D('',#2754,#2755,#2756);
#2759=CARTESIAN_POINT('',(-3.834676138950E0,-2.421878675378E0,5.5E0));
#2760=CARTESIAN_POINT('',(-3.819787988922E0,-2.412557686545E0,
5.499999866713E0));
#2761=CARTESIAN_POINT('',(-3.789455694365E0,-2.391401451910E0,
5.496621680281E0));
#2762=CARTESIAN_POINT('',(-3.743713027804E0,-2.350780521706E0,
5.480181161297E0));
#2763=CARTESIAN_POINT('',(-3.714758090184E0,-2.317664164896E0,
5.463183015459E0));
#2764=CARTESIAN_POINT('',(-3.700720883511E0,-2.299041220223E0,
5.454391419451E0));
#2766=CARTESIAN_POINT('',(-3.504894462500E0,-2.553789193601E0,
4.999999999998E0));
#2767=CARTESIAN_POINT('',(-3.499701240484E0,-2.530925719587E0,
4.999999999998E0));
#2768=CARTESIAN_POINT('',(-3.489995341474E0,-2.485181399058E0,
5.000000000001E0));
#2769=CARTESIAN_POINT('',(-3.477244121608E0,-2.416684092812E0,5.E0));
#2770=CARTESIAN_POINT('',(-3.466331221974E0,-2.347944271915E0,5.E0));
#2771=CARTESIAN_POINT('',(-3.457183533905E0,-2.278816860300E0,5.E0));
#2772=CARTESIAN_POINT('',(-3.449861187522E0,-2.208970720774E0,5.E0));
#2773=CARTESIAN_POINT('',(-3.444582074778E0,-2.138746988734E0,5.E0));
#2774=CARTESIAN_POINT('',(-3.441303077102E0,-2.068293605259E0,5.E0));
#2775=CARTESIAN_POINT('',(-3.440625858327E0,-2.021477672601E0,5.E0));
#2776=CARTESIAN_POINT('',(-3.440625019317E0,-1.998082440468E0,5.E0));
#2778=CARTESIAN_POINT('',(-3.301441654220E0,-2.599999850355E0,
5.454391384161E0));
#2779=DIRECTION('',(5.915224890006E-1,7.847674988725E-1,-1.850435562777E-1));
#2780=DIRECTION('',(-4.069055074810E-1,9.242145862878E-2,-9.087828024157E-1));
#2781=AXIS2_PLACEMENT_3D('',#2778,#2779,#2780);
#2783=CARTESIAN_POINT('',(-3.569352269123E0,-2.845674912605E0,5.E0));
#2784=CARTESIAN_POINT('',(-3.566422610693E0,-2.835364769889E0,
4.999999884601E0));
#2785=CARTESIAN_POINT('',(-3.560930036883E0,-2.814625560941E0,
5.000000053557E0));
#2786=CARTESIAN_POINT('',(-3.553379367189E0,-2.783244437248E0,
4.999999985650E0));
#2787=CARTESIAN_POINT('',(-3.546314154568E0,-2.751743706921E0,
5.000000003845E0));
#2788=CARTESIAN_POINT('',(-3.539651889371E0,-2.720198112431E0,
4.999999998970E0));
#2789=CARTESIAN_POINT('',(-3.533225120333E0,-2.688772890217E0,
5.000000000276E0));
#2790=CARTESIAN_POINT('',(-3.526849266160E0,-2.657162225928E0,
4.999999999926E0));
#2791=CARTESIAN_POINT('',(-3.520213508136E0,-2.624658802885E0,
5.000000000020E0));
#2792=CARTESIAN_POINT('',(-3.513091110075E0,-2.590629767770E0,
4.999999999995E0));
#2793=CARTESIAN_POINT('',(-3.507736544949E0,-2.566302688113E0,
4.999999999998E0));
#2794=CARTESIAN_POINT('',(-3.504894462500E0,-2.553789193601E0,
4.999999999998E0));
#2796=CARTESIAN_POINT('',(-3.569352152922E0,-2.845674832082E0,5.5E0));
#2797=DIRECTION('',(8.475923916546E-1,5.306478470786E-1,-1.335184539795E-7));
#2798=DIRECTION('',(-1.131685758438E-7,-7.085231779063E-8,-1.E0));
#2799=AXIS2_PLACEMENT_3D('',#2796,#2797,#2798);
#2801=CARTESIAN_POINT('',(-4.1E0,-1.998082440428E0,5.E0));
#2802=DIRECTION('',(0.E0,0.E0,-1.E0));
#2803=DIRECTION('',(5.306477380423E-1,-8.475924599184E-1,0.E0));
#2804=AXIS2_PLACEMENT_3D('',#2801,#2802,#2803);
#2806=CARTESIAN_POINT('',(-3.908604948597E0,-2.979595524548E0,5.5E0));
#2807=DIRECTION('',(9.815130841198E-1,1.913950514034E-1,0.E0));
#2808=DIRECTION('',(0.E0,0.E0,-1.E0));
#2809=AXIS2_PLACEMENT_3D('',#2806,#2807,#2808);
#2811=DIRECTION('',(9.815130841198E-1,1.913950514034E-1,0.E0));
#2812=VECTOR('',#2811,1.625752678754E0);
#2813=CARTESIAN_POINT('',(-5.6E0,-2.8E0,5.5E0));
#2814=LINE('',#2813,#2812);
#2815=DIRECTION('',(1.082867129298E-11,2.111580751521E-12,-1.E0));
#2816=VECTOR('',#2815,3.5E0);
#2817=CARTESIAN_POINT('',(-4.004302474298E0,-2.488838982488E0,9.E0));
#2818=LINE('',#2817,#2816);
#2819=CARTESIAN_POINT('',(-4.1E0,1.601917559572E0,5.E0));
#2820=DIRECTION('',(0.E0,0.E0,-1.E0));
#2821=DIRECTION('',(5.000117446177E-1,-8.660186229201E-1,0.E0));
#2822=AXIS2_PLACEMENT_3D('',#2819,#2820,#2821);
#2824=CARTESIAN_POINT('',(-3.908604948597E0,6.204044754519E-1,5.5E0));
#2825=DIRECTION('',(9.815130841198E-1,1.913950514034E-1,0.E0));
#2826=DIRECTION('',(0.E0,0.E0,-1.E0));
#2827=AXIS2_PLACEMENT_3D('',#2824,#2825,#2826);
#2829=DIRECTION('',(0.E0,0.E0,1.E0));
#2830=VECTOR('',#2829,5.E0);
#2831=CARTESIAN_POINT('',(-4.05E0,-3.E-1,9.E0));
#2832=LINE('',#2831,#2830);
#2833=DIRECTION('',(0.E0,0.E0,1.E0));
#2834=VECTOR('',#2833,5.E0);
#2835=CARTESIAN_POINT('',(-4.05E0,3.E-1,9.E0));
#2836=LINE('',#2835,#2834);
#2837=DIRECTION('',(0.E0,0.E0,1.E0));
#2838=VECTOR('',#2837,5.E0);
#2839=CARTESIAN_POINT('',(-3.45E0,3.E-1,9.E0));
#2840=LINE('',#2839,#2838);
#2841=DIRECTION('',(0.E0,0.E0,1.E0));
#2842=VECTOR('',#2841,5.E0);
#2843=CARTESIAN_POINT('',(-3.45E0,-3.E-1,9.E0));
#2844=LINE('',#2843,#2842);
#2845=DIRECTION('',(0.E0,1.E0,0.E0));
#2846=VECTOR('',#2845,6.E-1);
#2847=CARTESIAN_POINT('',(-4.05E0,-3.E-1,1.4E1));
#2848=LINE('',#2847,#2846);
#2849=DIRECTION('',(1.E0,0.E0,0.E0));
#2850=VECTOR('',#2849,6.E-1);
#2851=CARTESIAN_POINT('',(-4.05E0,3.E-1,1.4E1));
#2852=LINE('',#2851,#2850);
#2853=DIRECTION('',(0.E0,-1.E0,0.E0));
#2854=VECTOR('',#2853,6.E-1);
#2855=CARTESIAN_POINT('',(-3.45E0,3.E-1,1.4E1));
#2856=LINE('',#2855,#2854);
#2857=DIRECTION('',(-1.E0,0.E0,0.E0));
#2858=VECTOR('',#2857,6.E-1);
#2859=CARTESIAN_POINT('',(-3.45E0,-3.E-1,1.4E1));
#2860=LINE('',#2859,#2858);
#2861=DIRECTION('',(0.E0,0.E0,1.E0));
#2862=VECTOR('',#2861,5.E0);
#2863=CARTESIAN_POINT('',(-4.05E0,-4.05E0,9.E0));
#2864=LINE('',#2863,#2862);
#2865=DIRECTION('',(0.E0,0.E0,1.E0));
#2866=VECTOR('',#2865,5.E0);
#2867=CARTESIAN_POINT('',(-4.05E0,-3.45E0,9.E0));
#2868=LINE('',#2867,#2866);
#2869=DIRECTION('',(0.E0,0.E0,1.E0));
#2870=VECTOR('',#2869,5.E0);
#2871=CARTESIAN_POINT('',(-3.45E0,-3.45E0,9.E0));
#2872=LINE('',#2871,#2870);
#2873=DIRECTION('',(0.E0,0.E0,1.E0));
#2874=VECTOR('',#2873,5.E0);
#2875=CARTESIAN_POINT('',(-3.45E0,-4.05E0,9.E0));
#2876=LINE('',#2875,#2874);
#2877=DIRECTION('',(0.E0,1.E0,0.E0));
#2878=VECTOR('',#2877,6.E-1);
#2879=CARTESIAN_POINT('',(-4.05E0,-4.05E0,1.4E1));
#2880=LINE('',#2879,#2878);
#2881=DIRECTION('',(1.E0,0.E0,0.E0));
#2882=VECTOR('',#2881,6.E-1);
#2883=CARTESIAN_POINT('',(-4.05E0,-3.45E0,1.4E1));
#2884=LINE('',#2883,#2882);
#2885=DIRECTION('',(0.E0,-1.E0,0.E0));
#2886=VECTOR('',#2885,6.E-1);
#2887=CARTESIAN_POINT('',(-3.45E0,-3.45E0,1.4E1));
#2888=LINE('',#2887,#2886);
#2889=DIRECTION('',(-1.E0,0.E0,0.E0));
#2890=VECTOR('',#2889,6.E-1);
#2891=CARTESIAN_POINT('',(-3.45E0,-4.05E0,1.4E1));
#2892=LINE('',#2891,#2890);
#2893=DIRECTION('',(0.E0,0.E0,1.E0));
#2894=VECTOR('',#2893,5.E0);
#2895=CARTESIAN_POINT('',(-4.05E0,4.05E0,9.E0));
#2896=LINE('',#2895,#2894);
#2897=DIRECTION('',(0.E0,0.E0,1.E0));
#2898=VECTOR('',#2897,5.E0);
#2899=CARTESIAN_POINT('',(-3.45E0,4.05E0,9.E0));
#2900=LINE('',#2899,#2898);
#2901=DIRECTION('',(0.E0,0.E0,1.E0));
#2902=VECTOR('',#2901,5.E0);
#2903=CARTESIAN_POINT('',(-3.45E0,3.45E0,9.E0));
#2904=LINE('',#2903,#2902);
#2905=DIRECTION('',(0.E0,0.E0,1.E0));
#2906=VECTOR('',#2905,5.E0);
#2907=CARTESIAN_POINT('',(-4.05E0,3.45E0,9.E0));
#2908=LINE('',#2907,#2906);
#2909=DIRECTION('',(1.E0,0.E0,0.E0));
#2910=VECTOR('',#2909,6.E-1);
#2911=CARTESIAN_POINT('',(-4.05E0,4.05E0,1.4E1));
#2912=LINE('',#2911,#2910);
#2913=DIRECTION('',(0.E0,-1.E0,0.E0));
#2914=VECTOR('',#2913,6.E-1);
#2915=CARTESIAN_POINT('',(-3.45E0,4.05E0,1.4E1));
#2916=LINE('',#2915,#2914);
#2917=DIRECTION('',(-1.E0,0.E0,0.E0));
#2918=VECTOR('',#2917,6.E-1);
#2919=CARTESIAN_POINT('',(-3.45E0,3.45E0,1.4E1));
#2920=LINE('',#2919,#2918);
#2921=DIRECTION('',(0.E0,1.E0,0.E0));
#2922=VECTOR('',#2921,6.E-1);
#2923=CARTESIAN_POINT('',(-4.05E0,3.45E0,1.4E1));
#2924=LINE('',#2923,#2922);
#2925=DIRECTION('',(0.E0,0.E0,-1.E0));
#2926=VECTOR('',#2925,1.521830471454E0);
#2927=CARTESIAN_POINT('',(-3.188712589636E0,-8.6E0,1.05E1));
#2928=LINE('',#2927,#2926);
#2929=DIRECTION('',(-8.715574274766E-2,0.E0,9.961946980917E-1));
#2930=VECTOR('',#2929,3.290691603584E0);
#2931=CARTESIAN_POINT('',(-2.901909918772E0,-8.6E0,5.7E0));
#2932=LINE('',#2931,#2930);
#2933=DIRECTION('',(0.E0,0.E0,1.E0));
#2934=VECTOR('',#2933,4.8E0);
#2935=CARTESIAN_POINT('',(-3.99E0,-8.6E0,5.7E0));
#2936=LINE('',#2935,#2934);
#2937=DIRECTION('',(0.E0,0.E0,1.E0));
#2938=VECTOR('',#2937,5.E0);
#2939=CARTESIAN_POINT('',(4.05E0,-3.E-1,9.E0));
#2940=LINE('',#2939,#2938);
#2941=DIRECTION('',(0.E0,0.E0,1.E0));
#2942=VECTOR('',#2941,5.E0);
#2943=CARTESIAN_POINT('',(3.45E0,-3.E-1,9.E0));
#2944=LINE('',#2943,#2942);
#2945=DIRECTION('',(0.E0,0.E0,1.E0));
#2946=VECTOR('',#2945,5.E0);
#2947=CARTESIAN_POINT('',(3.45E0,3.E-1,9.E0));
#2948=LINE('',#2947,#2946);
#2949=DIRECTION('',(0.E0,0.E0,1.E0));
#2950=VECTOR('',#2949,5.E0);
#2951=CARTESIAN_POINT('',(4.05E0,3.E-1,9.E0));
#2952=LINE('',#2951,#2950);
#2953=DIRECTION('',(-1.E0,0.E0,0.E0));
#2954=VECTOR('',#2953,6.E-1);
#2955=CARTESIAN_POINT('',(4.05E0,-3.E-1,1.4E1));
#2956=LINE('',#2955,#2954);
#2957=DIRECTION('',(0.E0,1.E0,0.E0));
#2958=VECTOR('',#2957,6.E-1);
#2959=CARTESIAN_POINT('',(3.45E0,-3.E-1,1.4E1));
#2960=LINE('',#2959,#2958);
#2961=DIRECTION('',(1.E0,0.E0,0.E0));
#2962=VECTOR('',#2961,6.E-1);
#2963=CARTESIAN_POINT('',(3.45E0,3.E-1,1.4E1));
#2964=LINE('',#2963,#2962);
#2965=DIRECTION('',(0.E0,-1.E0,0.E0));
#2966=VECTOR('',#2965,6.E-1);
#2967=CARTESIAN_POINT('',(4.05E0,3.E-1,1.4E1));
#2968=LINE('',#2967,#2966);
#2969=DIRECTION('',(0.E0,0.E0,1.E0));
#2970=VECTOR('',#2969,5.E0);
#2971=CARTESIAN_POINT('',(4.05E0,-4.05E0,9.E0));
#2972=LINE('',#2971,#2970);
#2973=DIRECTION('',(0.E0,0.E0,1.E0));
#2974=VECTOR('',#2973,5.E0);
#2975=CARTESIAN_POINT('',(3.45E0,-4.05E0,9.E0));
#2976=LINE('',#2975,#2974);
#2977=DIRECTION('',(0.E0,0.E0,1.E0));
#2978=VECTOR('',#2977,5.E0);
#2979=CARTESIAN_POINT('',(3.45E0,-3.45E0,9.E0));
#2980=LINE('',#2979,#2978);
#2981=DIRECTION('',(0.E0,0.E0,1.E0));
#2982=VECTOR('',#2981,5.E0);
#2983=CARTESIAN_POINT('',(4.05E0,-3.45E0,9.E0));
#2984=LINE('',#2983,#2982);
#2985=DIRECTION('',(-1.E0,0.E0,0.E0));
#2986=VECTOR('',#2985,6.E-1);
#2987=CARTESIAN_POINT('',(4.05E0,-4.05E0,1.4E1));
#2988=LINE('',#2987,#2986);
#2989=DIRECTION('',(0.E0,1.E0,0.E0));
#2990=VECTOR('',#2989,6.E-1);
#2991=CARTESIAN_POINT('',(3.45E0,-4.05E0,1.4E1));
#2992=LINE('',#2991,#2990);
#2993=DIRECTION('',(1.E0,0.E0,0.E0));
#2994=VECTOR('',#2993,6.E-1);
#2995=CARTESIAN_POINT('',(3.45E0,-3.45E0,1.4E1));
#2996=LINE('',#2995,#2994);
#2997=DIRECTION('',(0.E0,-1.E0,0.E0));
#2998=VECTOR('',#2997,6.E-1);
#2999=CARTESIAN_POINT('',(4.05E0,-3.45E0,1.4E1));
#3000=LINE('',#2999,#2998);
#3001=DIRECTION('',(0.E0,0.E0,1.E0));
#3002=VECTOR('',#3001,5.E0);
#3003=CARTESIAN_POINT('',(4.05E0,4.05E0,9.E0));
#3004=LINE('',#3003,#3002);
#3005=DIRECTION('',(0.E0,0.E0,1.E0));
#3006=VECTOR('',#3005,5.E0);
#3007=CARTESIAN_POINT('',(4.05E0,3.45E0,9.E0));
#3008=LINE('',#3007,#3006);
#3009=DIRECTION('',(0.E0,0.E0,1.E0));
#3010=VECTOR('',#3009,5.E0);
#3011=CARTESIAN_POINT('',(3.45E0,3.45E0,9.E0));
#3012=LINE('',#3011,#3010);
#3013=DIRECTION('',(0.E0,0.E0,1.E0));
#3014=VECTOR('',#3013,5.E0);
#3015=CARTESIAN_POINT('',(3.45E0,4.05E0,9.E0));
#3016=LINE('',#3015,#3014);
#3017=DIRECTION('',(0.E0,-1.E0,0.E0));
#3018=VECTOR('',#3017,6.E-1);
#3019=CARTESIAN_POINT('',(4.05E0,4.05E0,1.4E1));
#3020=LINE('',#3019,#3018);
#3021=DIRECTION('',(-1.E0,0.E0,0.E0));
#3022=VECTOR('',#3021,6.E-1);
#3023=CARTESIAN_POINT('',(4.05E0,3.45E0,1.4E1));
#3024=LINE('',#3023,#3022);
#3025=DIRECTION('',(0.E0,1.E0,0.E0));
#3026=VECTOR('',#3025,6.E-1);
#3027=CARTESIAN_POINT('',(3.45E0,3.45E0,1.4E1));
#3028=LINE('',#3027,#3026);
#3029=DIRECTION('',(1.E0,0.E0,0.E0));
#3030=VECTOR('',#3029,6.E-1);
#3031=CARTESIAN_POINT('',(3.45E0,4.05E0,1.4E1));
#3032=LINE('',#3031,#3030);
#3033=CARTESIAN_POINT('',(-3.E0,-5.2E0,4.7E0));
#3034=DIRECTION('',(1.E0,0.E0,0.E0));
#3035=DIRECTION('',(0.E0,0.E0,1.E0));
#3036=AXIS2_PLACEMENT_3D('',#3033,#3034,#3035);
#3038=DIRECTION('',(-1.E0,0.E0,0.E0));
#3039=VECTOR('',#3038,5.2E0);
#3040=CARTESIAN_POINT('',(2.6E0,3.2E0,-4.8E0));
#3041=LINE('',#3040,#3039);
#3042=CARTESIAN_POINT('',(-2.6E0,2.6E0,-4.8E0));
#3043=DIRECTION('',(0.E0,0.E0,-1.E0));
#3044=DIRECTION('',(-1.E0,1.998401444325E-14,0.E0));
#3045=AXIS2_PLACEMENT_3D('',#3042,#3043,#3044);
#3047=CARTESIAN_POINT('',(-2.6E0,3.6E0,-4.5E0));
#3048=DIRECTION('',(1.E0,0.E0,0.E0));
#3049=DIRECTION('',(0.E0,-8.E-1,-6.E-1));
#3050=AXIS2_PLACEMENT_3D('',#3047,#3048,#3049);
#3052=DIRECTION('',(0.E0,1.E0,0.E0));
#3053=VECTOR('',#3052,5.2E0);
#3054=CARTESIAN_POINT('',(-3.2E0,-2.6E0,-4.8E0));
#3055=LINE('',#3054,#3053);
#3056=CARTESIAN_POINT('',(-3.6E0,-2.6E0,-4.5E0));
#3057=DIRECTION('',(0.E0,1.E0,0.E0));
#3058=DIRECTION('',(8.E-1,0.E0,-6.E-1));
#3059=AXIS2_PLACEMENT_3D('',#3056,#3057,#3058);
#3061=CARTESIAN_POINT('',(-3.6E0,2.6E0,-4.5E0));
#3062=DIRECTION('',(0.E0,-1.E0,0.E0));
#3063=DIRECTION('',(0.E0,0.E0,-1.E0));
#3064=AXIS2_PLACEMENT_3D('',#3061,#3062,#3063);
#3066=CARTESIAN_POINT('',(-2.6E0,-2.6E0,-4.8E0));
#3067=DIRECTION('',(0.E0,0.E0,-1.E0));
#3068=DIRECTION('',(-1.702341971092E-14,-1.E0,0.E0));
#3069=AXIS2_PLACEMENT_3D('',#3066,#3067,#3068);
#3071=CARTESIAN_POINT('',(-2.6E0,-3.6E0,-4.5E0));
#3072=DIRECTION('',(1.E0,0.E0,0.E0));
#3073=DIRECTION('',(0.E0,0.E0,-1.E0));
#3074=AXIS2_PLACEMENT_3D('',#3071,#3072,#3073);
#3076=DIRECTION('',(1.E0,0.E0,0.E0));
#3077=VECTOR('',#3076,5.2E0);
#3078=CARTESIAN_POINT('',(-2.6E0,-3.2E0,-4.8E0));
#3079=LINE('',#3078,#3077);
#3080=CARTESIAN_POINT('',(2.6E0,-2.6E0,-4.8E0));
#3081=DIRECTION('',(0.E0,0.E0,-1.E0));
#3082=DIRECTION('',(1.E0,-1.998401444325E-14,0.E0));
#3083=AXIS2_PLACEMENT_3D('',#3080,#3081,#3082);
#3085=CARTESIAN_POINT('',(2.6E0,-3.6E0,-4.5E0));
#3086=DIRECTION('',(-1.E0,0.E0,0.E0));
#3087=DIRECTION('',(0.E0,8.E-1,-6.E-1));
#3088=AXIS2_PLACEMENT_3D('',#3085,#3086,#3087);
#3090=CARTESIAN_POINT('',(2.6E0,2.6E0,-4.8E0));
#3091=DIRECTION('',(0.E0,0.E0,-1.E0));
#3092=DIRECTION('',(1.702341971092E-14,1.E0,0.E0));
#3093=AXIS2_PLACEMENT_3D('',#3090,#3091,#3092);
#3095=CARTESIAN_POINT('',(2.6E0,3.6E0,-4.5E0));
#3096=DIRECTION('',(-1.E0,0.E0,0.E0));
#3097=DIRECTION('',(0.E0,0.E0,-1.E0));
#3098=AXIS2_PLACEMENT_3D('',#3095,#3096,#3097);
#3100=CARTESIAN_POINT('',(-2.4E0,-8.6E0,-5.E0));
#3101=CARTESIAN_POINT('',(-5.6E0,-8.6E0,-5.E0));
#3102=VERTEX_POINT('',#3100);
#3103=VERTEX_POINT('',#3101);
#3104=CARTESIAN_POINT('',(3.4E0,8.6E0,-8.1E0));
#3105=CARTESIAN_POINT('',(3.4E0,-8.6E0,-8.1E0));
#3106=VERTEX_POINT('',#3104);
#3107=VERTEX_POINT('',#3105);
#3108=CARTESIAN_POINT('',(-3.4E0,-7.5E0,-8.1E0));
#3109=CARTESIAN_POINT('',(-3.4E0,8.6E0,-8.1E0));
#3110=VERTEX_POINT('',#3108);
#3111=VERTEX_POINT('',#3109);
#3112=CARTESIAN_POINT('',(3.4E0,-8.6E0,-6.E0));
#3113=CARTESIAN_POINT('',(3.4E0,8.6E0,-6.E0));
#3114=VERTEX_POINT('',#3112);
#3115=VERTEX_POINT('',#3113);
#3116=CARTESIAN_POINT('',(-3.4E0,8.6E0,-6.E0));
#3117=VERTEX_POINT('',#3116);
#3118=CARTESIAN_POINT('',(-5.6E0,8.E-1,9.E0));
#3119=CARTESIAN_POINT('',(-5.6E0,-8.E-1,9.E0));
#3120=VERTEX_POINT('',#3118);
#3121=VERTEX_POINT('',#3119);
#3122=CARTESIAN_POINT('',(5.6E0,-8.E-1,9.E0));
#3123=CARTESIAN_POINT('',(5.6E0,8.E-1,9.E0));
#3124=VERTEX_POINT('',#3122);
#3125=VERTEX_POINT('',#3123);
#3126=CARTESIAN_POINT('',(-2.4E0,5.55E0,5.E0));
#3127=CARTESIAN_POINT('',(-4.49E0,5.55E0,5.E0));
#3128=VERTEX_POINT('',#3126);
#3129=VERTEX_POINT('',#3127);
#3130=CARTESIAN_POINT('',(4.49E0,5.55E0,5.E0));
#3131=CARTESIAN_POINT('',(2.4E0,5.55E0,5.E0));
#3132=VERTEX_POINT('',#3130);
#3133=VERTEX_POINT('',#3131);
#3134=CARTESIAN_POINT('',(-4.49E0,-5.55E0,5.E0));
#3135=CARTESIAN_POINT('',(-2.4E0,-5.55E0,5.E0));
#3136=VERTEX_POINT('',#3134);
#3137=VERTEX_POINT('',#3135);
#3138=CARTESIAN_POINT('',(2.4E0,-5.55E0,5.E0));
#3139=CARTESIAN_POINT('',(4.49E0,-5.55E0,5.E0));
#3140=VERTEX_POINT('',#3138);
#3141=VERTEX_POINT('',#3139);
#3142=CARTESIAN_POINT('',(-4.49E0,6.05E0,5.7E0));
#3143=VERTEX_POINT('',#3142);
#3144=CARTESIAN_POINT('',(4.49E0,6.05E0,5.7E0));
#3145=VERTEX_POINT('',#3144);
#3146=CARTESIAN_POINT('',(-4.49E0,-6.05E0,5.7E0));
#3147=VERTEX_POINT('',#3146);
#3148=CARTESIAN_POINT('',(4.49E0,-6.05E0,5.7E0));
#3149=VERTEX_POINT('',#3148);
#3150=CARTESIAN_POINT('',(-4.49E0,-5.55E0,9.E0));
#3151=VERTEX_POINT('',#3150);
#3152=CARTESIAN_POINT('',(4.49E0,-5.55E0,9.E0));
#3153=VERTEX_POINT('',#3152);
#3154=CARTESIAN_POINT('',(-4.49E0,5.55E0,9.E0));
#3155=VERTEX_POINT('',#3154);
#3156=CARTESIAN_POINT('',(4.49E0,5.55E0,9.E0));
#3157=VERTEX_POINT('',#3156);
#3158=CARTESIAN_POINT('',(-5.6E0,-2.8E0,9.E0));
#3159=CARTESIAN_POINT('',(-4.004302474298E0,-2.488838982488E0,9.E0));
#3160=VERTEX_POINT('',#3158);
#3161=VERTEX_POINT('',#3159);
#3162=CARTESIAN_POINT('',(-3.6E0,-1.998082440428E0,9.E0));
#3163=CARTESIAN_POINT('',(-3.6E0,-1.601917559572E0,9.E0));
#3164=VERTEX_POINT('',#3162);
#3165=VERTEX_POINT('',#3163);
#3166=CARTESIAN_POINT('',(-4.004302474298E0,-1.111161017512E0,9.E0));
#3167=VERTEX_POINT('',#3166);
#3168=CARTESIAN_POINT('',(-4.004302474298E0,1.111161017512E0,9.E0));
#3169=VERTEX_POINT('',#3168);
#3170=CARTESIAN_POINT('',(-3.6E0,1.601917559572E0,9.E0));
#3171=CARTESIAN_POINT('',(-3.6E0,1.998082440428E0,9.E0));
#3172=VERTEX_POINT('',#3170);
#3173=VERTEX_POINT('',#3171);
#3174=CARTESIAN_POINT('',(-4.004302474298E0,2.488838982488E0,9.E0));
#3175=CARTESIAN_POINT('',(-5.6E0,2.8E0,9.E0));
#3176=VERTEX_POINT('',#3174);
#3177=VERTEX_POINT('',#3175);
#3178=CARTESIAN_POINT('',(5.6E0,-2.8E0,9.E0));
#3179=CARTESIAN_POINT('',(4.004302474298E0,-2.488838982488E0,9.E0));
#3180=VERTEX_POINT('',#3178);
#3181=VERTEX_POINT('',#3179);
#3182=CARTESIAN_POINT('',(3.6E0,-1.998082440428E0,9.E0));
#3183=CARTESIAN_POINT('',(3.6E0,-1.601917559572E0,9.E0));
#3184=VERTEX_POINT('',#3182);
#3185=VERTEX_POINT('',#3183);
#3186=CARTESIAN_POINT('',(4.004302474298E0,-1.111161017512E0,9.E0));
#3187=VERTEX_POINT('',#3186);
#3188=CARTESIAN_POINT('',(4.004302474298E0,1.111161017512E0,9.E0));
#3189=VERTEX_POINT('',#3188);
#3190=CARTESIAN_POINT('',(3.6E0,1.601917559572E0,9.E0));
#3191=CARTESIAN_POINT('',(3.6E0,1.998082440428E0,9.E0));
#3192=VERTEX_POINT('',#3190);
#3193=VERTEX_POINT('',#3191);
#3194=CARTESIAN_POINT('',(4.004302474298E0,2.488838982488E0,9.E0));
#3195=CARTESIAN_POINT('',(5.6E0,2.8E0,9.E0));
#3196=VERTEX_POINT('',#3194);
#3197=VERTEX_POINT('',#3195);
#3198=CARTESIAN_POINT('',(2.4E0,-8.6E0,-5.E0));
#3199=CARTESIAN_POINT('',(2.4E0,-5.55E0,-5.E0));
#3200=VERTEX_POINT('',#3198);
#3201=VERTEX_POINT('',#3199);
#3202=CARTESIAN_POINT('',(2.4E0,5.55E0,-5.E0));
#3203=CARTESIAN_POINT('',(2.4E0,8.6E0,-5.E0));
#3204=VERTEX_POINT('',#3202);
#3205=VERTEX_POINT('',#3203);
#3206=CARTESIAN_POINT('',(-2.4E0,8.6E0,-5.E0));
#3207=CARTESIAN_POINT('',(-2.4E0,5.55E0,-5.E0));
#3208=VERTEX_POINT('',#3206);
#3209=VERTEX_POINT('',#3207);
#3210=CARTESIAN_POINT('',(-2.4E0,-5.55E0,-5.E0));
#3211=VERTEX_POINT('',#3210);
#3212=CARTESIAN_POINT('',(3.6E0,2.6E0,-5.E0));
#3213=CARTESIAN_POINT('',(3.6E0,-2.6E0,-5.E0));
#3214=VERTEX_POINT('',#3212);
#3215=VERTEX_POINT('',#3213);
#3216=CARTESIAN_POINT('',(-2.6E0,-3.6E0,-5.E0));
#3217=CARTESIAN_POINT('',(2.6E0,-3.6E0,-5.E0));
#3218=VERTEX_POINT('',#3216);
#3219=VERTEX_POINT('',#3217);
#3220=CARTESIAN_POINT('',(-3.6E0,-2.6E0,-5.E0));
#3221=CARTESIAN_POINT('',(-3.6E0,2.6E0,-5.E0));
#3222=VERTEX_POINT('',#3220);
#3223=VERTEX_POINT('',#3221);
#3224=CARTESIAN_POINT('',(2.6E0,3.6E0,-5.E0));
#3225=CARTESIAN_POINT('',(-2.6E0,3.6E0,-5.E0));
#3226=VERTEX_POINT('',#3224);
#3227=VERTEX_POINT('',#3225);
#3228=CARTESIAN_POINT('',(5.6E0,-4.297502066907E0,5.E0));
#3229=CARTESIAN_POINT('',(5.440999180031E0,-4.663178917716E0,5.E0));
#3230=VERTEX_POINT('',#3228);
#3231=VERTEX_POINT('',#3229);
#3232=CARTESIAN_POINT('',(5.440999180031E0,-4.663178917716E0,9.E0));
#3233=VERTEX_POINT('',#3232);
#3234=CARTESIAN_POINT('',(5.6E0,-4.297502066907E0,9.E0));
#3235=VERTEX_POINT('',#3234);
#3236=VERTEX_POINT('',#2633);
#3237=VERTEX_POINT('',#2639);
#3238=CARTESIAN_POINT('',(-4.004302474493E0,-1.111161017474E0,5.5E0));
#3239=VERTEX_POINT('',#3238);
#3240=CARTESIAN_POINT('',(-3.85E0,-1.168904857679E0,5.5E0));
#3241=VERTEX_POINT('',#3240);
#3242=VERTEX_POINT('',#2684);
#3243=CARTESIAN_POINT('',(-3.6E0,-1.998082440449E0,5.366025403784E0));
#3244=VERTEX_POINT('',#3243);
#3245=VERTEX_POINT('',#2741);
#3246=VERTEX_POINT('',#2759);
#3247=CARTESIAN_POINT('',(-4.004302474298E0,-2.488838982488E0,5.5E0));
#3248=VERTEX_POINT('',#3247);
#3249=VERTEX_POINT('',#1807);
#3250=VERTEX_POINT('',#1813);
#3251=CARTESIAN_POINT('',(-5.6E0,-4.297502066907E0,9.E0));
#3252=CARTESIAN_POINT('',(-5.440999180031E0,-4.663178917716E0,9.E0));
#3253=VERTEX_POINT('',#3251);
#3254=VERTEX_POINT('',#3252);
#3255=CARTESIAN_POINT('',(-5.440999180031E0,-4.663178917716E0,5.E0));
#3256=VERTEX_POINT('',#3255);
#3257=CARTESIAN_POINT('',(-5.6E0,-4.297502066907E0,5.E0));
#3258=VERTEX_POINT('',#3257);
#3259=CARTESIAN_POINT('',(-5.6E0,4.297502066907E0,5.E0));
#3260=CARTESIAN_POINT('',(-5.440999180031E0,4.663178917716E0,5.E0));
#3261=VERTEX_POINT('',#3259);
#3262=VERTEX_POINT('',#3260);
#3263=CARTESIAN_POINT('',(-5.440999180031E0,4.663178917716E0,9.E0));
#3264=VERTEX_POINT('',#3263);
#3265=CARTESIAN_POINT('',(-5.6E0,4.297502066907E0,9.E0));
#3266=VERTEX_POINT('',#3265);
#3267=CARTESIAN_POINT('',(5.6E0,4.297502066907E0,9.E0));
#3268=CARTESIAN_POINT('',(5.440999180031E0,4.663178917716E0,9.E0));
#3269=VERTEX_POINT('',#3267);
#3270=VERTEX_POINT('',#3268);
#3271=CARTESIAN_POINT('',(5.440999180031E0,4.663178917716E0,5.E0));
#3272=VERTEX_POINT('',#3271);
#3273=CARTESIAN_POINT('',(5.6E0,4.297502066907E0,5.E0));
#3274=VERTEX_POINT('',#3273);
#3275=VERTEX_POINT('',#2123);
#3276=VERTEX_POINT('',#2129);
#3277=CARTESIAN_POINT('',(4.004302474279E0,1.111161017516E0,5.5E0));
#3278=VERTEX_POINT('',#3277);
#3279=CARTESIAN_POINT('',(3.85E0,1.168904857679E0,5.5E0));
#3280=VERTEX_POINT('',#3279);
#3281=VERTEX_POINT('',#2185);
#3282=CARTESIAN_POINT('',(3.6E0,1.998082440456E0,5.366025403784E0));
#3283=VERTEX_POINT('',#3282);
#3284=VERTEX_POINT('',#2257);
#3285=VERTEX_POINT('',#2275);
#3286=CARTESIAN_POINT('',(4.004302474298E0,2.488838982488E0,5.5E0));
#3287=VERTEX_POINT('',#3286);
#3288=VERTEX_POINT('',#2326);
#3289=VERTEX_POINT('',#2332);
#3290=VERTEX_POINT('',#942);
#3291=VERTEX_POINT('',#948);
#3292=CARTESIAN_POINT('',(4.004302474279E0,-2.488838982484E0,5.5E0));
#3293=VERTEX_POINT('',#3292);
#3294=CARTESIAN_POINT('',(3.834676138898E0,-2.421878675345E0,5.5E0));
#3295=VERTEX_POINT('',#3294);
#3296=VERTEX_POINT('',#2067);
#3297=VERTEX_POINT('',#2059);
#3298=CARTESIAN_POINT('',(3.6E0,-1.601917559492E0,5.366025403784E0));
#3299=VERTEX_POINT('',#3298);
#3300=VERTEX_POINT('',#2094);
#3301=CARTESIAN_POINT('',(4.004302474298E0,-1.111161017512E0,5.5E0));
#3302=VERTEX_POINT('',#3301);
#3303=VERTEX_POINT('',#2131);
#3304=VERTEX_POINT('',#2137);
#3305=VERTEX_POINT('',#2473);
#3306=VERTEX_POINT('',#2479);
#3307=CARTESIAN_POINT('',(-4.004302474493E0,2.488838982526E0,5.5E0));
#3308=VERTEX_POINT('',#3307);
#3309=CARTESIAN_POINT('',(-3.834676138898E0,2.421878675345E0,5.5E0));
#3310=VERTEX_POINT('',#3309);
#3311=VERTEX_POINT('',#2526);
#3312=VERTEX_POINT('',#2518);
#3313=CARTESIAN_POINT('',(-3.6E0,1.601917559632E0,5.366025403784E0));
#3314=VERTEX_POINT('',#3313);
#3315=VERTEX_POINT('',#2604);
#3316=CARTESIAN_POINT('',(-4.004302474298E0,1.111161017512E0,5.5E0));
#3317=VERTEX_POINT('',#3316);
#3318=VERTEX_POINT('',#2641);
#3319=VERTEX_POINT('',#2647);
#3320=CARTESIAN_POINT('',(-3.4E0,-7.5E0,-6.5E0));
#3321=CARTESIAN_POINT('',(-3.4E0,-7.E0,-6.E0));
#3322=VERTEX_POINT('',#3320);
#3323=VERTEX_POINT('',#3321);
#3324=CARTESIAN_POINT('',(-5.6E0,-7.E0,-6.E0));
#3325=VERTEX_POINT('',#3324);
#3326=CARTESIAN_POINT('',(-5.6E0,-7.5E0,-6.5E0));
#3327=VERTEX_POINT('',#3326);
#3328=CARTESIAN_POINT('',(-5.1E0,-7.5E0,-8.1E0));
#3329=CARTESIAN_POINT('',(-5.6E0,-7.5E0,-7.6E0));
#3330=VERTEX_POINT('',#3328);
#3331=VERTEX_POINT('',#3329);
#3332=CARTESIAN_POINT('',(-5.6E0,-8.6E0,-7.6E0));
#3333=VERTEX_POINT('',#3332);
#3334=CARTESIAN_POINT('',(-5.1E0,-8.6E0,-8.1E0));
#3335=VERTEX_POINT('',#3334);
#3336=CARTESIAN_POINT('',(2.4E0,8.6E0,-5.6E0));
#3337=CARTESIAN_POINT('',(2.4E0,5.55E0,-5.6E0));
#3338=VERTEX_POINT('',#3336);
#3339=VERTEX_POINT('',#3337);
#3340=CARTESIAN_POINT('',(2.4E0,2.4E0,-5.6E0));
#3341=VERTEX_POINT('',#3340);
#3342=CARTESIAN_POINT('',(2.4E0,-2.4E0,-5.6E0));
#3343=VERTEX_POINT('',#3342);
#3344=CARTESIAN_POINT('',(2.4E0,-5.55E0,-5.6E0));
#3345=VERTEX_POINT('',#3344);
#3346=CARTESIAN_POINT('',(2.4E0,-8.6E0,-5.6E0));
#3347=VERTEX_POINT('',#3346);
#3348=CARTESIAN_POINT('',(2.4E0,6.05E0,5.7E0));
#3349=CARTESIAN_POINT('',(2.4E0,5.55E0,5.7E0));
#3350=VERTEX_POINT('',#3348);
#3351=VERTEX_POINT('',#3349);
#3352=CARTESIAN_POINT('',(2.4E0,2.4E0,5.7E0));
#3353=VERTEX_POINT('',#3352);
#3354=CARTESIAN_POINT('',(2.4E0,-2.4E0,5.7E0));
#3355=VERTEX_POINT('',#3354);
#3356=CARTESIAN_POINT('',(2.4E0,-5.55E0,5.7E0));
#3357=VERTEX_POINT('',#3356);
#3358=CARTESIAN_POINT('',(2.4E0,-6.05E0,5.7E0));
#3359=VERTEX_POINT('',#3358);
#3360=CARTESIAN_POINT('',(-2.4E0,-8.6E0,-5.6E0));
#3361=CARTESIAN_POINT('',(-2.4E0,-5.55E0,-5.6E0));
#3362=VERTEX_POINT('',#3360);
#3363=VERTEX_POINT('',#3361);
#3364=CARTESIAN_POINT('',(-2.4E0,-2.4E0,-5.6E0));
#3365=VERTEX_POINT('',#3364);
#3366=CARTESIAN_POINT('',(-2.4E0,2.4E0,-5.6E0));
#3367=VERTEX_POINT('',#3366);
#3368=CARTESIAN_POINT('',(-2.4E0,5.55E0,-5.6E0));
#3369=VERTEX_POINT('',#3368);
#3370=CARTESIAN_POINT('',(-2.4E0,8.6E0,-5.6E0));
#3371=VERTEX_POINT('',#3370);
#3372=CARTESIAN_POINT('',(-2.4E0,-6.05E0,5.7E0));
#3373=CARTESIAN_POINT('',(-2.4E0,-5.55E0,5.7E0));
#3374=VERTEX_POINT('',#3372);
#3375=VERTEX_POINT('',#3373);
#3376=CARTESIAN_POINT('',(-2.4E0,-2.4E0,5.7E0));
#3377=VERTEX_POINT('',#3376);
#3378=CARTESIAN_POINT('',(-2.4E0,2.4E0,5.7E0));
#3379=VERTEX_POINT('',#3378);
#3380=CARTESIAN_POINT('',(-2.4E0,5.55E0,5.7E0));
#3381=VERTEX_POINT('',#3380);
#3382=CARTESIAN_POINT('',(-2.4E0,6.05E0,5.7E0));
#3383=VERTEX_POINT('',#3382);
#3384=CARTESIAN_POINT('',(2.574817029859E0,-8.6E0,-8.1E0));
#3385=VERTEX_POINT('',#3384);
#3386=CARTESIAN_POINT('',(2.574817029859E0,8.6E0,-8.1E0));
#3387=VERTEX_POINT('',#3386);
#3388=CARTESIAN_POINT('',(-2.574817029859E0,8.6E0,-8.1E0));
#3389=VERTEX_POINT('',#3388);
#3390=CARTESIAN_POINT('',(-2.574817029859E0,-8.6E0,-8.1E0));
#3391=VERTEX_POINT('',#3390);
#3392=CARTESIAN_POINT('',(-2.688712589636E0,-7.1E0,1.05E1));
#3393=CARTESIAN_POINT('',(-4.49E0,-7.1E0,1.05E1));
#3394=VERTEX_POINT('',#3392);
#3395=VERTEX_POINT('',#3393);
#3396=CARTESIAN_POINT('',(-4.49E0,7.1E0,1.05E1));
#3397=CARTESIAN_POINT('',(-2.688712589636E0,7.1E0,1.05E1));
#3398=VERTEX_POINT('',#3396);
#3399=VERTEX_POINT('',#3397);
#3400=CARTESIAN_POINT('',(4.49E0,-7.1E0,1.05E1));
#3401=CARTESIAN_POINT('',(2.688712589636E0,-7.1E0,1.05E1));
#3402=VERTEX_POINT('',#3400);
#3403=VERTEX_POINT('',#3401);
#3404=CARTESIAN_POINT('',(2.688712589636E0,7.1E0,1.05E1));
#3405=CARTESIAN_POINT('',(4.49E0,7.1E0,1.05E1));
#3406=VERTEX_POINT('',#3404);
#3407=VERTEX_POINT('',#3405);
#3408=CARTESIAN_POINT('',(-2.688712589636E0,-7.1E0,9.E0));
#3409=CARTESIAN_POINT('',(-4.49E0,-7.1E0,9.E0));
#3410=VERTEX_POINT('',#3408);
#3411=VERTEX_POINT('',#3409);
#3412=CARTESIAN_POINT('',(-4.49E0,7.1E0,9.E0));
#3413=CARTESIAN_POINT('',(-2.688712589636E0,7.1E0,9.E0));
#3414=VERTEX_POINT('',#3412);
#3415=VERTEX_POINT('',#3413);
#3416=CARTESIAN_POINT('',(4.49E0,-7.1E0,9.E0));
#3417=CARTESIAN_POINT('',(2.688712589636E0,-7.1E0,9.E0));
#3418=VERTEX_POINT('',#3416);
#3419=VERTEX_POINT('',#3417);
#3420=CARTESIAN_POINT('',(2.688712589636E0,7.1E0,9.E0));
#3421=CARTESIAN_POINT('',(4.49E0,7.1E0,9.E0));
#3422=VERTEX_POINT('',#3420);
#3423=VERTEX_POINT('',#3421);
#3424=CARTESIAN_POINT('',(-3.188712589636E0,-8.6E0,1.05E1));
#3425=CARTESIAN_POINT('',(-2.688712589636E0,-8.1E0,1.05E1));
#3426=VERTEX_POINT('',#3424);
#3427=VERTEX_POINT('',#3425);
#3428=CARTESIAN_POINT('',(-2.688712589636E0,-8.1E0,9.E0));
#3429=VERTEX_POINT('',#3428);
#3430=CARTESIAN_POINT('',(-3.188712589636E0,-8.6E0,8.978169528546E0));
#3431=VERTEX_POINT('',#3430);
#3432=VERTEX_POINT('',#1342);
#3433=VERTEX_POINT('',#1348);
#3434=CARTESIAN_POINT('',(-4.49E0,-8.1E0,1.05E1));
#3435=CARTESIAN_POINT('',(-3.99E0,-8.6E0,1.05E1));
#3436=VERTEX_POINT('',#3434);
#3437=VERTEX_POINT('',#3435);
#3438=CARTESIAN_POINT('',(-3.99E0,-8.6E0,5.7E0));
#3439=VERTEX_POINT('',#3438);
#3440=CARTESIAN_POINT('',(-4.49E0,-8.1E0,5.7E0));
#3441=VERTEX_POINT('',#3440);
#3442=VERTEX_POINT('',#2362);
#3443=VERTEX_POINT('',#2368);
#3444=CARTESIAN_POINT('',(-2.688712589636E0,8.1E0,9.E0));
#3445=VERTEX_POINT('',#3444);
#3446=CARTESIAN_POINT('',(-3.188712589636E0,8.6E0,8.978169528546E0));
#3447=VERTEX_POINT('',#3446);
#3448=CARTESIAN_POINT('',(-2.688712589636E0,8.1E0,1.05E1));
#3449=CARTESIAN_POINT('',(-3.188712589636E0,8.6E0,1.05E1));
#3450=VERTEX_POINT('',#3448);
#3451=VERTEX_POINT('',#3449);
#3452=CARTESIAN_POINT('',(-3.99E0,8.6E0,1.05E1));
#3453=CARTESIAN_POINT('',(-4.49E0,8.1E0,1.05E1));
#3454=VERTEX_POINT('',#3452);
#3455=VERTEX_POINT('',#3453);
#3456=CARTESIAN_POINT('',(-4.49E0,8.1E0,5.7E0));
#3457=VERTEX_POINT('',#3456);
#3458=CARTESIAN_POINT('',(-3.99E0,8.6E0,5.7E0));
#3459=VERTEX_POINT('',#3458);
#3460=CARTESIAN_POINT('',(4.49E0,8.1E0,1.05E1));
#3461=CARTESIAN_POINT('',(3.99E0,8.6E0,1.05E1));
#3462=VERTEX_POINT('',#3460);
#3463=VERTEX_POINT('',#3461);
#3464=CARTESIAN_POINT('',(3.99E0,8.6E0,5.7E0));
#3465=VERTEX_POINT('',#3464);
#3466=CARTESIAN_POINT('',(4.49E0,8.1E0,5.7E0));
#3467=VERTEX_POINT('',#3466);
#3468=CARTESIAN_POINT('',(3.99E0,-8.6E0,1.05E1));
#3469=CARTESIAN_POINT('',(4.49E0,-8.1E0,1.05E1));
#3470=VERTEX_POINT('',#3468);
#3471=VERTEX_POINT('',#3469);
#3472=CARTESIAN_POINT('',(4.49E0,-8.1E0,5.7E0));
#3473=VERTEX_POINT('',#3472);
#3474=CARTESIAN_POINT('',(3.99E0,-8.6E0,5.7E0));
#3475=VERTEX_POINT('',#3474);
#3476=VERTEX_POINT('',#1017);
#3477=VERTEX_POINT('',#1023);
#3478=CARTESIAN_POINT('',(2.688712589636E0,-8.1E0,9.E0));
#3479=VERTEX_POINT('',#3478);
#3480=CARTESIAN_POINT('',(3.188712589636E0,-8.6E0,8.978169528546E0));
#3481=VERTEX_POINT('',#3480);
#3482=CARTESIAN_POINT('',(2.688712589636E0,-8.1E0,1.05E1));
#3483=CARTESIAN_POINT('',(3.188712589636E0,-8.6E0,1.05E1));
#3484=VERTEX_POINT('',#3482);
#3485=VERTEX_POINT('',#3483);
#3486=VERTEX_POINT('',#1270);
#3487=VERTEX_POINT('',#1276);
#3488=CARTESIAN_POINT('',(3.188712589636E0,8.6E0,8.978169528546E0));
#3489=VERTEX_POINT('',#3488);
#3490=CARTESIAN_POINT('',(2.688712589636E0,8.1E0,9.E0));
#3491=VERTEX_POINT('',#3490);
#3492=CARTESIAN_POINT('',(3.188712589636E0,8.6E0,1.05E1));
#3493=CARTESIAN_POINT('',(2.688712589636E0,8.1E0,1.05E1));
#3494=VERTEX_POINT('',#3492);
#3495=VERTEX_POINT('',#3493);
#3496=CARTESIAN_POINT('',(5.6E0,7.6E0,-5.E0));
#3497=CARTESIAN_POINT('',(4.6E0,8.6E0,-5.E0));
#3498=VERTEX_POINT('',#3496);
#3499=VERTEX_POINT('',#3497);
#3500=CARTESIAN_POINT('',(4.6E0,8.6E0,-6.E0));
#3501=VERTEX_POINT('',#3500);
#3502=CARTESIAN_POINT('',(5.6E0,7.6E0,-6.E0));
#3503=VERTEX_POINT('',#3502);
#3504=CARTESIAN_POINT('',(-4.6E0,8.6E0,-5.E0));
#3505=CARTESIAN_POINT('',(-5.6E0,7.6E0,-5.E0));
#3506=VERTEX_POINT('',#3504);
#3507=VERTEX_POINT('',#3505);
#3508=CARTESIAN_POINT('',(-5.6E0,7.6E0,-6.E0));
#3509=VERTEX_POINT('',#3508);
#3510=CARTESIAN_POINT('',(-4.6E0,8.6E0,-6.E0));
#3511=VERTEX_POINT('',#3510);
#3512=CARTESIAN_POINT('',(4.6E0,-8.6E0,-5.E0));
#3513=CARTESIAN_POINT('',(5.6E0,-7.6E0,-5.E0));
#3514=VERTEX_POINT('',#3512);
#3515=VERTEX_POINT('',#3513);
#3516=CARTESIAN_POINT('',(5.6E0,-7.6E0,-6.E0));
#3517=VERTEX_POINT('',#3516);
#3518=CARTESIAN_POINT('',(4.6E0,-8.6E0,-6.E0));
#3519=VERTEX_POINT('',#3518);
#3520=CARTESIAN_POINT('',(-4.05E0,-3.E-1,1.4E1));
#3521=CARTESIAN_POINT('',(-4.05E0,3.E-1,1.4E1));
#3522=VERTEX_POINT('',#3520);
#3523=VERTEX_POINT('',#3521);
#3524=CARTESIAN_POINT('',(-3.45E0,3.E-1,1.4E1));
#3525=VERTEX_POINT('',#3524);
#3526=CARTESIAN_POINT('',(-3.45E0,-3.E-1,1.4E1));
#3527=VERTEX_POINT('',#3526);
#3528=CARTESIAN_POINT('',(-4.05E0,-4.05E0,1.4E1));
#3529=CARTESIAN_POINT('',(-4.05E0,-3.45E0,1.4E1));
#3530=VERTEX_POINT('',#3528);
#3531=VERTEX_POINT('',#3529);
#3532=CARTESIAN_POINT('',(-3.45E0,-3.45E0,1.4E1));
#3533=VERTEX_POINT('',#3532);
#3534=CARTESIAN_POINT('',(-3.45E0,-4.05E0,1.4E1));
#3535=VERTEX_POINT('',#3534);
#3536=CARTESIAN_POINT('',(-4.05E0,4.05E0,1.4E1));
#3537=CARTESIAN_POINT('',(-3.45E0,4.05E0,1.4E1));
#3538=VERTEX_POINT('',#3536);
#3539=VERTEX_POINT('',#3537);
#3540=CARTESIAN_POINT('',(-3.45E0,3.45E0,1.4E1));
#3541=VERTEX_POINT('',#3540);
#3542=CARTESIAN_POINT('',(-4.05E0,3.45E0,1.4E1));
#3543=VERTEX_POINT('',#3542);
#3544=CARTESIAN_POINT('',(4.05E0,-3.E-1,1.4E1));
#3545=CARTESIAN_POINT('',(3.45E0,-3.E-1,1.4E1));
#3546=VERTEX_POINT('',#3544);
#3547=VERTEX_POINT('',#3545);
#3548=CARTESIAN_POINT('',(3.45E0,3.E-1,1.4E1));
#3549=VERTEX_POINT('',#3548);
#3550=CARTESIAN_POINT('',(4.05E0,3.E-1,1.4E1));
#3551=VERTEX_POINT('',#3550);
#3552=CARTESIAN_POINT('',(4.05E0,-4.05E0,1.4E1));
#3553=CARTESIAN_POINT('',(3.45E0,-4.05E0,1.4E1));
#3554=VERTEX_POINT('',#3552);
#3555=VERTEX_POINT('',#3553);
#3556=CARTESIAN_POINT('',(3.45E0,-3.45E0,1.4E1));
#3557=VERTEX_POINT('',#3556);
#3558=CARTESIAN_POINT('',(4.05E0,-3.45E0,1.4E1));
#3559=VERTEX_POINT('',#3558);
#3560=CARTESIAN_POINT('',(4.05E0,4.05E0,1.4E1));
#3561=CARTESIAN_POINT('',(4.05E0,3.45E0,1.4E1));
#3562=VERTEX_POINT('',#3560);
#3563=VERTEX_POINT('',#3561);
#3564=CARTESIAN_POINT('',(3.45E0,3.45E0,1.4E1));
#3565=VERTEX_POINT('',#3564);
#3566=CARTESIAN_POINT('',(3.45E0,4.05E0,1.4E1));
#3567=VERTEX_POINT('',#3566);
#3568=CARTESIAN_POINT('',(-4.05E0,-3.E-1,9.E0));
#3569=CARTESIAN_POINT('',(-4.05E0,3.E-1,9.E0));
#3570=VERTEX_POINT('',#3568);
#3571=VERTEX_POINT('',#3569);
#3572=CARTESIAN_POINT('',(-3.45E0,3.E-1,9.E0));
#3573=VERTEX_POINT('',#3572);
#3574=CARTESIAN_POINT('',(-3.45E0,-3.E-1,9.E0));
#3575=VERTEX_POINT('',#3574);
#3576=CARTESIAN_POINT('',(-4.05E0,-4.05E0,9.E0));
#3577=CARTESIAN_POINT('',(-4.05E0,-3.45E0,9.E0));
#3578=VERTEX_POINT('',#3576);
#3579=VERTEX_POINT('',#3577);
#3580=CARTESIAN_POINT('',(-3.45E0,-3.45E0,9.E0));
#3581=VERTEX_POINT('',#3580);
#3582=CARTESIAN_POINT('',(-3.45E0,-4.05E0,9.E0));
#3583=VERTEX_POINT('',#3582);
#3584=CARTESIAN_POINT('',(-4.05E0,4.05E0,9.E0));
#3585=CARTESIAN_POINT('',(-3.45E0,4.05E0,9.E0));
#3586=VERTEX_POINT('',#3584);
#3587=VERTEX_POINT('',#3585);
#3588=CARTESIAN_POINT('',(-3.45E0,3.45E0,9.E0));
#3589=VERTEX_POINT('',#3588);
#3590=CARTESIAN_POINT('',(-4.05E0,3.45E0,9.E0));
#3591=VERTEX_POINT('',#3590);
#3592=CARTESIAN_POINT('',(4.05E0,-3.E-1,9.E0));
#3593=CARTESIAN_POINT('',(3.45E0,-3.E-1,9.E0));
#3594=VERTEX_POINT('',#3592);
#3595=VERTEX_POINT('',#3593);
#3596=CARTESIAN_POINT('',(3.45E0,3.E-1,9.E0));
#3597=VERTEX_POINT('',#3596);
#3598=CARTESIAN_POINT('',(4.05E0,3.E-1,9.E0));
#3599=VERTEX_POINT('',#3598);
#3600=CARTESIAN_POINT('',(4.05E0,-4.05E0,9.E0));
#3601=CARTESIAN_POINT('',(3.45E0,-4.05E0,9.E0));
#3602=VERTEX_POINT('',#3600);
#3603=VERTEX_POINT('',#3601);
#3604=CARTESIAN_POINT('',(3.45E0,-3.45E0,9.E0));
#3605=VERTEX_POINT('',#3604);
#3606=CARTESIAN_POINT('',(4.05E0,-3.45E0,9.E0));
#3607=VERTEX_POINT('',#3606);
#3608=CARTESIAN_POINT('',(4.05E0,4.05E0,9.E0));
#3609=CARTESIAN_POINT('',(4.05E0,3.45E0,9.E0));
#3610=VERTEX_POINT('',#3608);
#3611=VERTEX_POINT('',#3609);
#3612=CARTESIAN_POINT('',(3.45E0,3.45E0,9.E0));
#3613=VERTEX_POINT('',#3612);
#3614=CARTESIAN_POINT('',(3.45E0,4.05E0,9.E0));
#3615=VERTEX_POINT('',#3614);
#3616=CARTESIAN_POINT('',(-5.2E0,3.E0,-4.8E0));
#3617=CARTESIAN_POINT('',(-3.E0,5.2E0,-4.8E0));
#3618=VERTEX_POINT('',#3616);
#3619=VERTEX_POINT('',#3617);
#3620=CARTESIAN_POINT('',(-5.5E0,3.E0,-4.5E0));
#3621=CARTESIAN_POINT('',(-3.E0,5.5E0,-4.5E0));
#3622=VERTEX_POINT('',#3620);
#3623=VERTEX_POINT('',#3621);
#3624=CARTESIAN_POINT('',(3.E0,5.2E0,-4.8E0));
#3625=VERTEX_POINT('',#3624);
#3626=CARTESIAN_POINT('',(2.999999999998E0,5.5E0,-4.5E0));
#3627=VERTEX_POINT('',#3626);
#3628=CARTESIAN_POINT('',(5.2E0,3.E0,-4.8E0));
#3629=VERTEX_POINT('',#3628);
#3630=CARTESIAN_POINT('',(5.5E0,3.E0,-4.5E0));
#3631=VERTEX_POINT('',#3630);
#3632=CARTESIAN_POINT('',(5.2E0,-3.E0,-4.8E0));
#3633=VERTEX_POINT('',#3632);
#3634=CARTESIAN_POINT('',(5.5E0,-2.999999999998E0,-4.5E0));
#3635=VERTEX_POINT('',#3634);
#3636=CARTESIAN_POINT('',(3.E0,-5.2E0,-4.8E0));
#3637=VERTEX_POINT('',#3636);
#3638=CARTESIAN_POINT('',(3.E0,-5.5E0,-4.5E0));
#3639=VERTEX_POINT('',#3638);
#3640=CARTESIAN_POINT('',(-3.E0,-5.2E0,-4.8E0));
#3641=VERTEX_POINT('',#3640);
#3642=CARTESIAN_POINT('',(-2.999999999998E0,-5.5E0,-4.5E0));
#3643=VERTEX_POINT('',#3642);
#3644=CARTESIAN_POINT('',(-5.2E0,-3.E0,-4.8E0));
#3645=VERTEX_POINT('',#3644);
#3646=CARTESIAN_POINT('',(-5.5E0,-3.E0,-4.5E0));
#3647=VERTEX_POINT('',#3646);
#3648=CARTESIAN_POINT('',(-5.5E0,-3.E0,4.7E0));
#3649=CARTESIAN_POINT('',(-3.E0,-5.5E0,4.7E0));
#3650=VERTEX_POINT('',#3648);
#3651=VERTEX_POINT('',#3649);
#3652=CARTESIAN_POINT('',(2.999999999999E0,-5.5E0,4.7E0));
#3653=VERTEX_POINT('',#3652);
#3654=CARTESIAN_POINT('',(5.5E0,-3.E0,4.7E0));
#3655=VERTEX_POINT('',#3654);
#3656=CARTESIAN_POINT('',(5.5E0,2.999999999999E0,4.7E0));
#3657=VERTEX_POINT('',#3656);
#3658=CARTESIAN_POINT('',(3.E0,5.5E0,4.7E0));
#3659=VERTEX_POINT('',#3658);
#3660=CARTESIAN_POINT('',(-2.999999999999E0,5.5E0,4.7E0));
#3661=VERTEX_POINT('',#3660);
#3662=CARTESIAN_POINT('',(-5.5E0,3.E0,4.7E0));
#3663=VERTEX_POINT('',#3662);
#3664=CARTESIAN_POINT('',(-5.2E0,3.E0,5.E0));
#3665=VERTEX_POINT('',#3664);
#3666=CARTESIAN_POINT('',(-5.2E0,-3.E0,5.E0));
#3667=VERTEX_POINT('',#3666);
#3668=CARTESIAN_POINT('',(5.2E0,3.E0,5.E0));
#3669=VERTEX_POINT('',#3668);
#3670=CARTESIAN_POINT('',(5.2E0,-3.E0,5.E0));
#3671=VERTEX_POINT('',#3670);
#3672=CARTESIAN_POINT('',(-2.4E0,2.4E0,5.E0));
#3673=CARTESIAN_POINT('',(2.4E0,2.4E0,5.E0));
#3674=VERTEX_POINT('',#3672);
#3675=VERTEX_POINT('',#3673);
#3676=CARTESIAN_POINT('',(-2.4E0,2.4E0,-4.8E0));
#3677=CARTESIAN_POINT('',(2.4E0,2.4E0,-4.8E0));
#3678=VERTEX_POINT('',#3676);
#3679=VERTEX_POINT('',#3677);
#3680=CARTESIAN_POINT('',(2.4E0,-2.4E0,5.E0));
#3681=VERTEX_POINT('',#3680);
#3682=CARTESIAN_POINT('',(2.4E0,-2.4E0,-4.8E0));
#3683=VERTEX_POINT('',#3682);
#3684=CARTESIAN_POINT('',(-2.4E0,-2.4E0,5.E0));
#3685=VERTEX_POINT('',#3684);
#3686=CARTESIAN_POINT('',(-2.4E0,-2.4E0,-4.8E0));
#3687=VERTEX_POINT('',#3686);
#3688=CARTESIAN_POINT('',(-5.2E0,3.685824404283E-1,5.E0));
#3689=CARTESIAN_POINT('',(-5.2E0,-3.685824404283E-1,5.E0));
#3690=VERTEX_POINT('',#3688);
#3691=VERTEX_POINT('',#3689);
#3692=CARTESIAN_POINT('',(-3.E0,5.2E0,5.E0));
#3693=CARTESIAN_POINT('',(-5.188040191791E0,3.229085396971E0,5.E0));
#3694=VERTEX_POINT('',#3692);
#3695=VERTEX_POINT('',#3693);
#3696=CARTESIAN_POINT('',(3.E0,5.2E0,5.E0));
#3697=VERTEX_POINT('',#3696);
#3698=CARTESIAN_POINT('',(5.188040191791E0,3.229085396971E0,5.E0));
#3699=VERTEX_POINT('',#3698);
#3700=CARTESIAN_POINT('',(5.2E0,-3.685824404283E-1,5.E0));
#3701=CARTESIAN_POINT('',(5.2E0,3.685824404283E-1,5.E0));
#3702=VERTEX_POINT('',#3700);
#3703=VERTEX_POINT('',#3701);
#3704=CARTESIAN_POINT('',(3.E0,-5.2E0,5.E0));
#3705=CARTESIAN_POINT('',(5.188040191791E0,-3.229085396971E0,5.E0));
#3706=VERTEX_POINT('',#3704);
#3707=VERTEX_POINT('',#3705);
#3708=CARTESIAN_POINT('',(-3.E0,-5.2E0,5.E0));
#3709=VERTEX_POINT('',#3708);
#3710=CARTESIAN_POINT('',(-5.188040191791E0,-3.229085396971E0,5.E0));
#3711=VERTEX_POINT('',#3710);
#3712=CARTESIAN_POINT('',(2.6E0,3.2E0,-4.8E0));
#3713=CARTESIAN_POINT('',(-2.6E0,3.2E0,-4.8E0));
#3714=VERTEX_POINT('',#3712);
#3715=VERTEX_POINT('',#3713);
#3716=CARTESIAN_POINT('',(-3.2E0,-2.6E0,-4.8E0));
#3717=CARTESIAN_POINT('',(-3.2E0,2.6E0,-4.8E0));
#3718=VERTEX_POINT('',#3716);
#3719=VERTEX_POINT('',#3717);
#3720=CARTESIAN_POINT('',(-2.6E0,-3.2E0,-4.8E0));
#3721=CARTESIAN_POINT('',(2.6E0,-3.2E0,-4.8E0));
#3722=VERTEX_POINT('',#3720);
#3723=VERTEX_POINT('',#3721);
#3724=CARTESIAN_POINT('',(3.2E0,2.6E0,-4.8E0));
#3725=CARTESIAN_POINT('',(3.2E0,-2.6E0,-4.8E0));
#3726=VERTEX_POINT('',#3724);
#3727=VERTEX_POINT('',#3725);
#3728=CARTESIAN_POINT('',(-3.908604948596E0,-2.979595524548E0,5.E0));
#3729=VERTEX_POINT('',#3728);
#3730=CARTESIAN_POINT('',(-3.569352261958E0,-2.845674900347E0,5.E0));
#3731=VERTEX_POINT('',#3730);
#3732=VERTEX_POINT('',#2794);
#3733=VERTEX_POINT('',#2776);
#3734=CARTESIAN_POINT('',(-3.440625019498E0,-1.601914654828E0,
4.999999999992E0));
#3735=VERTEX_POINT('',#3734);
#3736=VERTEX_POINT('',#2713);
#3737=CARTESIAN_POINT('',(-3.908604949919E0,-6.204044751940E-1,5.E0));
#3738=VERTEX_POINT('',#3737);
#3739=CARTESIAN_POINT('',(3.908604948595E0,6.204044754523E-1,5.E0));
#3740=VERTEX_POINT('',#3739);
#3741=CARTESIAN_POINT('',(3.599985700663E0,7.359004116706E-1,5.E0));
#3742=VERTEX_POINT('',#3741);
#3743=VERTEX_POINT('',#2225);
#3744=CARTESIAN_POINT('',(3.440625019315E0,1.998082440230E0,4.999999999998E0));
#3745=VERTEX_POINT('',#3744);
#3746=VERTEX_POINT('',#2240);
#3747=VERTEX_POINT('',#2304);
#3748=CARTESIAN_POINT('',(3.908604949921E0,2.979595524806E0,5.E0));
#3749=VERTEX_POINT('',#3748);
#3750=CARTESIAN_POINT('',(3.908604948595E0,-2.979595524548E0,5.E0));
#3751=VERTEX_POINT('',#3750);
#3752=CARTESIAN_POINT('',(3.569316468397E0,-2.845652490209E0,5.E0));
#3753=VERTEX_POINT('',#3752);
#3754=VERTEX_POINT('',#2021);
#3755=VERTEX_POINT('',#2004);
#3756=CARTESIAN_POINT('',(3.440625019314E0,-1.601917559776E0,4.999999999997E0));
#3757=VERTEX_POINT('',#3756);
#3758=VERTEX_POINT('',#1980);
#3759=CARTESIAN_POINT('',(3.908604949921E0,-6.204044751937E-1,5.E0));
#3760=VERTEX_POINT('',#3759);
#3761=CARTESIAN_POINT('',(-3.908604948596E0,6.204044754520E-1,5.E0));
#3762=VERTEX_POINT('',#3761);
#3763=CARTESIAN_POINT('',(-3.599988255382E0,7.358989366517E-1,5.E0));
#3764=VERTEX_POINT('',#3763);
#3765=VERTEX_POINT('',#2597);
#3766=CARTESIAN_POINT('',(-3.440625019327E0,1.998084157559E0,4.999999999995E0));
#3767=VERTEX_POINT('',#3766);
#3768=VERTEX_POINT('',#2564);
#3769=VERTEX_POINT('',#2582);
#3770=CARTESIAN_POINT('',(-3.908604949919E0,2.979595524806E0,5.E0));
#3771=VERTEX_POINT('',#3770);
#3772=CARTESIAN_POINT('',(2.35E0,6.05E0,1.E-1));
#3773=CARTESIAN_POINT('',(2.35E0,8.35E0,1.E-1));
#3774=VERTEX_POINT('',#3772);
#3775=VERTEX_POINT('',#3773);
#3776=CARTESIAN_POINT('',(-2.35E0,6.05E0,1.E-1));
#3777=CARTESIAN_POINT('',(-2.35E0,8.35E0,1.E-1));
#3778=VERTEX_POINT('',#3776);
#3779=VERTEX_POINT('',#3777);
#3780=CARTESIAN_POINT('',(2.35E0,-8.35E0,1.E-1));
#3781=CARTESIAN_POINT('',(2.35E0,-6.05E0,1.E-1));
#3782=VERTEX_POINT('',#3780);
#3783=VERTEX_POINT('',#3781);
#3784=CARTESIAN_POINT('',(2.35E0,-6.05E0,-5.6E0));
#3785=VERTEX_POINT('',#3784);
#3786=CARTESIAN_POINT('',(2.35E0,6.05E0,-5.6E0));
#3787=VERTEX_POINT('',#3786);
#3788=CARTESIAN_POINT('',(-2.35E0,-8.35E0,1.E-1));
#3789=CARTESIAN_POINT('',(-2.35E0,-6.05E0,1.E-1));
#3790=VERTEX_POINT('',#3788);
#3791=VERTEX_POINT('',#3789);
#3792=CARTESIAN_POINT('',(-2.35E0,-6.05E0,-5.6E0));
#3793=VERTEX_POINT('',#3792);
#3794=CARTESIAN_POINT('',(-2.35E0,6.05E0,-5.6E0));
#3795=VERTEX_POINT('',#3794);
#3796=CARTESIAN_POINT('',(2.35E0,-2.E0,-5.6E0));
#3797=CARTESIAN_POINT('',(-2.35E0,-2.E0,-5.6E0));
#3798=VERTEX_POINT('',#3796);
#3799=VERTEX_POINT('',#3797);
#3800=CARTESIAN_POINT('',(2.35E0,2.E0,-5.6E0));
#3801=CARTESIAN_POINT('',(-2.35E0,2.E0,-5.6E0));
#3802=VERTEX_POINT('',#3800);
#3803=VERTEX_POINT('',#3801);
#3804=CARTESIAN_POINT('',(2.35E0,7.85E0,-8.1E0));
#3805=CARTESIAN_POINT('',(2.35E0,8.35E0,-7.6E0));
#3806=VERTEX_POINT('',#3804);
#3807=VERTEX_POINT('',#3805);
#3808=CARTESIAN_POINT('',(-2.35E0,8.35E0,-7.6E0));
#3809=VERTEX_POINT('',#3808);
#3810=CARTESIAN_POINT('',(-2.35E0,7.85E0,-8.1E0));
#3811=VERTEX_POINT('',#3810);
#3812=CARTESIAN_POINT('',(2.35E0,-8.35E0,-7.6E0));
#3813=CARTESIAN_POINT('',(2.35E0,-7.85E0,-8.1E0));
#3814=VERTEX_POINT('',#3812);
#3815=VERTEX_POINT('',#3813);
#3816=CARTESIAN_POINT('',(-2.35E0,-7.85E0,-8.1E0));
#3817=VERTEX_POINT('',#3816);
#3818=CARTESIAN_POINT('',(-2.35E0,-8.35E0,-7.6E0));
#3819=VERTEX_POINT('',#3818);
#3820=CARTESIAN_POINT('',(2.35E0,2.4E0,-5.6E0));
#3821=CARTESIAN_POINT('',(-2.35E0,2.4E0,-5.6E0));
#3822=VERTEX_POINT('',#3820);
#3823=VERTEX_POINT('',#3821);
#3824=CARTESIAN_POINT('',(2.35E0,-2.4E0,-5.6E0));
#3825=CARTESIAN_POINT('',(-2.35E0,-2.4E0,-5.6E0));
#3826=VERTEX_POINT('',#3824);
#3827=VERTEX_POINT('',#3825);
#3828=CARTESIAN_POINT('',(2.35E0,5.55E0,-5.6E0));
#3829=VERTEX_POINT('',#3828);
#3830=CARTESIAN_POINT('',(2.35E0,-5.55E0,-5.6E0));
#3831=VERTEX_POINT('',#3830);
#3832=CARTESIAN_POINT('',(-2.35E0,5.55E0,-5.6E0));
#3833=VERTEX_POINT('',#3832);
#3834=CARTESIAN_POINT('',(-2.35E0,-5.55E0,-5.6E0));
#3835=VERTEX_POINT('',#3834);
#3836=CARTESIAN_POINT('',(2.35E0,-2.E0,-4.8E0));
#3837=CARTESIAN_POINT('',(2.35E0,2.E0,-4.8E0));
#3838=VERTEX_POINT('',#3836);
#3839=VERTEX_POINT('',#3837);
#3840=CARTESIAN_POINT('',(-2.35E0,-2.E0,-4.8E0));
#3841=CARTESIAN_POINT('',(-2.35E0,2.E0,-4.8E0));
#3842=VERTEX_POINT('',#3840);
#3843=VERTEX_POINT('',#3841);
#3844=CARTESIAN_POINT('',(2.35E0,-6.05E0,1.2E-1));
#3845=CARTESIAN_POINT('',(2.35E0,-8.35E0,1.2E-1));
#3846=VERTEX_POINT('',#3844);
#3847=VERTEX_POINT('',#3845);
#3848=CARTESIAN_POINT('',(-2.35E0,-6.05E0,1.2E-1));
#3849=CARTESIAN_POINT('',(-2.35E0,-8.35E0,1.2E-1));
#3850=VERTEX_POINT('',#3848);
#3851=VERTEX_POINT('',#3849);
#3852=CARTESIAN_POINT('',(2.35E0,8.35E0,1.2E-1));
#3853=CARTESIAN_POINT('',(2.35E0,6.05E0,1.2E-1));
#3854=VERTEX_POINT('',#3852);
#3855=VERTEX_POINT('',#3853);
#3856=CARTESIAN_POINT('',(2.35E0,6.05E0,5.82E0));
#3857=VERTEX_POINT('',#3856);
#3858=CARTESIAN_POINT('',(2.35E0,2.E0,5.82E0));
#3859=VERTEX_POINT('',#3858);
#3860=CARTESIAN_POINT('',(2.35E0,-2.E0,5.82E0));
#3861=CARTESIAN_POINT('',(2.35E0,-6.05E0,5.82E0));
#3862=VERTEX_POINT('',#3860);
#3863=VERTEX_POINT('',#3861);
#3864=CARTESIAN_POINT('',(-2.35E0,8.35E0,1.2E-1));
#3865=CARTESIAN_POINT('',(-2.35E0,6.05E0,1.2E-1));
#3866=VERTEX_POINT('',#3864);
#3867=VERTEX_POINT('',#3865);
#3868=CARTESIAN_POINT('',(-2.35E0,6.05E0,5.82E0));
#3869=VERTEX_POINT('',#3868);
#3870=CARTESIAN_POINT('',(-2.35E0,2.E0,5.82E0));
#3871=VERTEX_POINT('',#3870);
#3872=CARTESIAN_POINT('',(-2.35E0,-2.E0,5.82E0));
#3873=CARTESIAN_POINT('',(-2.35E0,-6.05E0,5.82E0));
#3874=VERTEX_POINT('',#3872);
#3875=VERTEX_POINT('',#3873);
#3876=CARTESIAN_POINT('',(2.35E0,-7.85E0,8.32E0));
#3877=CARTESIAN_POINT('',(2.35E0,-8.35E0,7.82E0));
#3878=VERTEX_POINT('',#3876);
#3879=VERTEX_POINT('',#3877);
#3880=CARTESIAN_POINT('',(-2.35E0,-8.35E0,7.82E0));
#3881=VERTEX_POINT('',#3880);
#3882=CARTESIAN_POINT('',(-2.35E0,-7.85E0,8.32E0));
#3883=VERTEX_POINT('',#3882);
#3884=CARTESIAN_POINT('',(2.35E0,8.35E0,7.82E0));
#3885=CARTESIAN_POINT('',(2.35E0,7.85E0,8.32E0));
#3886=VERTEX_POINT('',#3884);
#3887=VERTEX_POINT('',#3885);
#3888=CARTESIAN_POINT('',(-2.35E0,7.85E0,8.32E0));
#3889=VERTEX_POINT('',#3888);
#3890=CARTESIAN_POINT('',(-2.35E0,8.35E0,7.82E0));
#3891=VERTEX_POINT('',#3890);
#3892=CARTESIAN_POINT('',(2.35E0,-2.E0,5.E0));
#3893=CARTESIAN_POINT('',(2.35E0,2.E0,5.E0));
#3894=VERTEX_POINT('',#3892);
#3895=VERTEX_POINT('',#3893);
#3896=CARTESIAN_POINT('',(-2.35E0,-2.E0,5.E0));
#3897=CARTESIAN_POINT('',(-2.35E0,2.E0,5.E0));
#3898=VERTEX_POINT('',#3896);
#3899=VERTEX_POINT('',#3897);
#3900=CARTESIAN_POINT('',(-2.4E0,2.4E0,-5.E0));
#3901=DIRECTION('',(0.E0,-1.E0,0.E0));
#3902=DIRECTION('',(1.E0,0.E0,0.E0));
#3903=AXIS2_PLACEMENT_3D('',#3900,#3901,#3902);
#3904=PLANE('',#3903);
#3906=ORIENTED_EDGE('',*,*,#3905,.T.);
#3908=ORIENTED_EDGE('',*,*,#3907,.T.);
#3910=ORIENTED_EDGE('',*,*,#3909,.T.);
#3912=ORIENTED_EDGE('',*,*,#3911,.T.);
#3914=ORIENTED_EDGE('',*,*,#3913,.T.);
#3916=ORIENTED_EDGE('',*,*,#3915,.T.);
#3917=EDGE_LOOP('',(#3906,#3908,#3910,#3912,#3914,#3916));
#3918=FACE_OUTER_BOUND('',#3917,.F.);
#3919=ADVANCED_FACE('',(#3918),#3904,.T.);
#3920=FILL_AREA_STYLE_COLOUR('',#4);
#3921=FILL_AREA_STYLE('',(#3920));
#3922=SURFACE_STYLE_FILL_AREA(#3921);
#3923=SURFACE_SIDE_STYLE('',(#3922));
#3924=SURFACE_STYLE_USAGE(.BOTH.,#3923);
#3925=PRESENTATION_STYLE_ASSIGNMENT((#3924));
#3926=STYLED_ITEM('',(#3925),#3919);
#3927=CARTESIAN_POINT('',(0.E0,0.E0,-5.6E0));
#3928=DIRECTION('',(0.E0,0.E0,-1.E0));
#3929=DIRECTION('',(0.E0,-1.E0,0.E0));
#3930=AXIS2_PLACEMENT_3D('',#3927,#3928,#3929);
#3931=PLANE('',#3930);
#3933=ORIENTED_EDGE('',*,*,#3932,.F.);
#3935=ORIENTED_EDGE('',*,*,#3934,.F.);
#3937=ORIENTED_EDGE('',*,*,#3936,.F.);
#3938=ORIENTED_EDGE('',*,*,#3905,.F.);
#3939=EDGE_LOOP('',(#3933,#3935,#3937,#3938));
#3940=FACE_OUTER_BOUND('',#3939,.F.);
#3941=ADVANCED_FACE('',(#3940),#3931,.T.);
#3942=FILL_AREA_STYLE_COLOUR('',#4);
#3943=FILL_AREA_STYLE('',(#3942));
#3944=SURFACE_STYLE_FILL_AREA(#3943);
#3945=SURFACE_SIDE_STYLE('',(#3944));
#3946=SURFACE_STYLE_USAGE(.POSITIVE.,#3945);
#3947=PRESENTATION_STYLE_ASSIGNMENT((#3946));
#3948=STYLED_ITEM('',(#3947),#3941);
#3949=CARTESIAN_POINT('',(-2.35E0,0.E0,-8.1E0));
#3950=DIRECTION('',(-1.E0,0.E0,0.E0));
#3951=DIRECTION('',(0.E0,-1.E0,0.E0));
#3952=AXIS2_PLACEMENT_3D('',#3949,#3950,#3951);
#3953=PLANE('',#3952);
#3954=ORIENTED_EDGE('',*,*,#3932,.T.);
#3956=ORIENTED_EDGE('',*,*,#3955,.F.);
#3958=ORIENTED_EDGE('',*,*,#3957,.F.);
#3960=ORIENTED_EDGE('',*,*,#3959,.F.);
#3962=ORIENTED_EDGE('',*,*,#3961,.F.);
#3964=ORIENTED_EDGE('',*,*,#3963,.F.);
#3966=ORIENTED_EDGE('',*,*,#3965,.T.);
#3968=ORIENTED_EDGE('',*,*,#3967,.F.);
#3970=ORIENTED_EDGE('',*,*,#3969,.F.);
#3972=ORIENTED_EDGE('',*,*,#3971,.F.);
#3974=ORIENTED_EDGE('',*,*,#3973,.F.);
#3976=ORIENTED_EDGE('',*,*,#3975,.F.);
#3978=ORIENTED_EDGE('',*,*,#3977,.F.);
#3980=ORIENTED_EDGE('',*,*,#3979,.F.);
#3982=ORIENTED_EDGE('',*,*,#3981,.F.);
#3984=ORIENTED_EDGE('',*,*,#3983,.F.);
#3986=ORIENTED_EDGE('',*,*,#3985,.F.);
#3988=ORIENTED_EDGE('',*,*,#3987,.F.);
#3989=EDGE_LOOP('',(#3954,#3956,#3958,#3960,#3962,#3964,#3966,#3968,#3970,#3972,
#3974,#3976,#3978,#3980,#3982,#3984,#3986,#3988));
#3990=FACE_OUTER_BOUND('',#3989,.F.);
#3991=ADVANCED_FACE('',(#3990),#3953,.T.);
#3992=FILL_AREA_STYLE_COLOUR('',#6);
#3993=FILL_AREA_STYLE('',(#3992));
#3994=SURFACE_STYLE_FILL_AREA(#3993);
#3995=SURFACE_SIDE_STYLE('',(#3994));
#3996=SURFACE_STYLE_USAGE(.BOTH.,#3995);
#3997=PRESENTATION_STYLE_ASSIGNMENT((#3996));
#3998=STYLED_ITEM('',(#3997),#3991);
#3999=CARTESIAN_POINT('',(2.35E0,2.E0,-5.6E0));
#4000=DIRECTION('',(0.E0,0.E0,1.E0));
#4001=DIRECTION('',(0.E0,1.E0,0.E0));
#4002=AXIS2_PLACEMENT_3D('',#3999,#4000,#4001);
#4003=PLANE('',#4002);
#4004=ORIENTED_EDGE('',*,*,#3915,.F.);
#4006=ORIENTED_EDGE('',*,*,#4005,.F.);
#4008=ORIENTED_EDGE('',*,*,#4007,.T.);
#4009=ORIENTED_EDGE('',*,*,#3955,.T.);
#4010=EDGE_LOOP('',(#4004,#4006,#4008,#4009));
#4011=FACE_OUTER_BOUND('',#4010,.F.);
#4012=ADVANCED_FACE('',(#4011),#4003,.T.);
#4013=FILL_AREA_STYLE_COLOUR('',#6);
#4014=FILL_AREA_STYLE('',(#4013));
#4015=SURFACE_STYLE_FILL_AREA(#4014);
#4016=SURFACE_SIDE_STYLE('',(#4015));
#4017=SURFACE_STYLE_USAGE(.BOTH.,#4016);
#4018=PRESENTATION_STYLE_ASSIGNMENT((#4017));
#4019=STYLED_ITEM('',(#4018),#4012);
#4020=CARTESIAN_POINT('',(2.35E0,0.E0,-8.1E0));
#4021=DIRECTION('',(-1.E0,0.E0,0.E0));
#4022=DIRECTION('',(0.E0,-1.E0,0.E0));
#4023=AXIS2_PLACEMENT_3D('',#4020,#4021,#4022);
#4024=PLANE('',#4023);
#4026=ORIENTED_EDGE('',*,*,#4025,.F.);
#4028=ORIENTED_EDGE('',*,*,#4027,.T.);
#4030=ORIENTED_EDGE('',*,*,#4029,.T.);
#4032=ORIENTED_EDGE('',*,*,#4031,.T.);
#4034=ORIENTED_EDGE('',*,*,#4033,.T.);
#4036=ORIENTED_EDGE('',*,*,#4035,.F.);
#4038=ORIENTED_EDGE('',*,*,#4037,.T.);
#4040=ORIENTED_EDGE('',*,*,#4039,.F.);
#4042=ORIENTED_EDGE('',*,*,#4041,.T.);
#4044=ORIENTED_EDGE('',*,*,#4043,.T.);
#4046=ORIENTED_EDGE('',*,*,#4045,.T.);
#4048=ORIENTED_EDGE('',*,*,#4047,.T.);
#4050=ORIENTED_EDGE('',*,*,#4049,.F.);
#4052=ORIENTED_EDGE('',*,*,#4051,.T.);
#4054=ORIENTED_EDGE('',*,*,#4053,.T.);
#4056=ORIENTED_EDGE('',*,*,#4055,.T.);
#4058=ORIENTED_EDGE('',*,*,#4057,.T.);
#4059=ORIENTED_EDGE('',*,*,#4005,.T.);
#4060=EDGE_LOOP('',(#4026,#4028,#4030,#4032,#4034,#4036,#4038,#4040,#4042,#4044,
#4046,#4048,#4050,#4052,#4054,#4056,#4058,#4059));
#4061=FACE_OUTER_BOUND('',#4060,.F.);
#4062=ADVANCED_FACE('',(#4061),#4024,.F.);
#4063=FILL_AREA_STYLE_COLOUR('',#6);
#4064=FILL_AREA_STYLE('',(#4063));
#4065=SURFACE_STYLE_FILL_AREA(#4064);
#4066=SURFACE_SIDE_STYLE('',(#4065));
#4067=SURFACE_STYLE_USAGE(.BOTH.,#4066);
#4068=PRESENTATION_STYLE_ASSIGNMENT((#4067));
#4069=STYLED_ITEM('',(#4068),#4062);
#4070=CARTESIAN_POINT('',(0.E0,0.E0,-5.6E0));
#4071=DIRECTION('',(0.E0,0.E0,-1.E0));
#4072=DIRECTION('',(0.E0,-1.E0,0.E0));
#4073=AXIS2_PLACEMENT_3D('',#4070,#4071,#4072);
#4074=PLANE('',#4073);
#4075=ORIENTED_EDGE('',*,*,#4025,.T.);
#4076=ORIENTED_EDGE('',*,*,#3913,.F.);
#4078=ORIENTED_EDGE('',*,*,#4077,.F.);
#4080=ORIENTED_EDGE('',*,*,#4079,.F.);
#4081=EDGE_LOOP('',(#4075,#4076,#4078,#4080));
#4082=FACE_OUTER_BOUND('',#4081,.F.);
#4083=ADVANCED_FACE('',(#4082),#4074,.T.);
#4084=FILL_AREA_STYLE_COLOUR('',#4);
#4085=FILL_AREA_STYLE('',(#4084));
#4086=SURFACE_STYLE_FILL_AREA(#4085);
#4087=SURFACE_SIDE_STYLE('',(#4086));
#4088=SURFACE_STYLE_USAGE(.BOTH.,#4087);
#4089=PRESENTATION_STYLE_ASSIGNMENT((#4088));
#4090=STYLED_ITEM('',(#4089),#4083);
#4091=CARTESIAN_POINT('',(2.4E0,1.47E1,-5.6E0));
#4092=DIRECTION('',(9.975640502598E-1,0.E0,6.975647374413E-2));
#4093=DIRECTION('',(6.975647374413E-2,0.E0,-9.975640502598E-1));
#4094=AXIS2_PLACEMENT_3D('',#4091,#4092,#4093);
#4095=PLANE('',#4094);
#4097=ORIENTED_EDGE('',*,*,#4096,.T.);
#4098=ORIENTED_EDGE('',*,*,#4077,.T.);
#4100=ORIENTED_EDGE('',*,*,#4099,.T.);
#4102=ORIENTED_EDGE('',*,*,#4101,.T.);
#4104=ORIENTED_EDGE('',*,*,#4103,.T.);
#4106=ORIENTED_EDGE('',*,*,#4105,.F.);
#4108=ORIENTED_EDGE('',*,*,#4107,.T.);
#4110=ORIENTED_EDGE('',*,*,#4109,.T.);
#4111=EDGE_LOOP('',(#4097,#4098,#4100,#4102,#4104,#4106,#4108,#4110));
#4112=FACE_OUTER_BOUND('',#4111,.F.);
#4113=ADVANCED_FACE('',(#4112),#4095,.F.);
#4114=FILL_AREA_STYLE_COLOUR('',#4);
#4115=FILL_AREA_STYLE('',(#4114));
#4116=SURFACE_STYLE_FILL_AREA(#4115);
#4117=SURFACE_SIDE_STYLE('',(#4116));
#4118=SURFACE_STYLE_USAGE(.BOTH.,#4117);
#4119=PRESENTATION_STYLE_ASSIGNMENT((#4118));
#4120=STYLED_ITEM('',(#4119),#4113);
#4121=CARTESIAN_POINT('',(2.4E0,2.4E0,-5.E0));
#4122=DIRECTION('',(-1.E0,0.E0,0.E0));
#4123=DIRECTION('',(0.E0,-1.E0,0.E0));
#4124=AXIS2_PLACEMENT_3D('',#4121,#4122,#4123);
#4125=PLANE('',#4124);
#4126=ORIENTED_EDGE('',*,*,#4096,.F.);
#4128=ORIENTED_EDGE('',*,*,#4127,.F.);
#4130=ORIENTED_EDGE('',*,*,#4129,.F.);
#4132=ORIENTED_EDGE('',*,*,#4131,.T.);
#4133=EDGE_LOOP('',(#4126,#4128,#4130,#4132));
#4134=FACE_OUTER_BOUND('',#4133,.F.);
#4135=ADVANCED_FACE('',(#4134),#4125,.T.);
#4136=FILL_AREA_STYLE_COLOUR('',#4);
#4137=FILL_AREA_STYLE('',(#4136));
#4138=SURFACE_STYLE_FILL_AREA(#4137);
#4139=SURFACE_SIDE_STYLE('',(#4138));
#4140=SURFACE_STYLE_USAGE(.BOTH.,#4139);
#4141=PRESENTATION_STYLE_ASSIGNMENT((#4140));
#4142=STYLED_ITEM('',(#4141),#4135);
#4143=CARTESIAN_POINT('',(2.4E0,8.6E0,-5.E0));
#4144=DIRECTION('',(0.E0,1.E0,0.E0));
#4145=DIRECTION('',(1.E0,0.E0,0.E0));
#4146=AXIS2_PLACEMENT_3D('',#4143,#4144,#4145);
#4147=PLANE('',#4146);
#4149=ORIENTED_EDGE('',*,*,#4148,.T.);
#4151=ORIENTED_EDGE('',*,*,#4150,.F.);
#4152=ORIENTED_EDGE('',*,*,#4127,.T.);
#4153=ORIENTED_EDGE('',*,*,#4109,.F.);
#4155=ORIENTED_EDGE('',*,*,#4154,.T.);
#4157=ORIENTED_EDGE('',*,*,#4156,.F.);
#4159=ORIENTED_EDGE('',*,*,#4158,.T.);
#4160=EDGE_LOOP('',(#4149,#4151,#4152,#4153,#4155,#4157,#4159));
#4161=FACE_OUTER_BOUND('',#4160,.F.);
#4162=ADVANCED_FACE('',(#4161),#4147,.T.);
#4163=FILL_AREA_STYLE_COLOUR('',#4);
#4164=FILL_AREA_STYLE('',(#4163));
#4165=SURFACE_STYLE_FILL_AREA(#4164);
#4166=SURFACE_SIDE_STYLE('',(#4165));
#4167=SURFACE_STYLE_USAGE(.BOTH.,#4166);
#4168=PRESENTATION_STYLE_ASSIGNMENT((#4167));
#4169=STYLED_ITEM('',(#4168),#4162);
#4170=CARTESIAN_POINT('',(4.6E0,7.6E0,-3.234696E1));
#4171=DIRECTION('',(0.E0,0.E0,1.E0));
#4172=DIRECTION('',(1.E0,0.E0,0.E0));
#4173=AXIS2_PLACEMENT_3D('',#4170,#4171,#4172);
#4174=CYLINDRICAL_SURFACE('',#4173,1.E0);
#4176=ORIENTED_EDGE('',*,*,#4175,.T.);
#4177=ORIENTED_EDGE('',*,*,#4148,.F.);
#4179=ORIENTED_EDGE('',*,*,#4178,.T.);
#4181=ORIENTED_EDGE('',*,*,#4180,.T.);
#4182=EDGE_LOOP('',(#4176,#4177,#4179,#4181));
#4183=FACE_OUTER_BOUND('',#4182,.F.);
#4184=ADVANCED_FACE('',(#4183),#4174,.T.);
#4185=FILL_AREA_STYLE_COLOUR('',#4);
#4186=FILL_AREA_STYLE('',(#4185));
#4187=SURFACE_STYLE_FILL_AREA(#4186);
#4188=SURFACE_SIDE_STYLE('',(#4187));
#4189=SURFACE_STYLE_USAGE(.BOTH.,#4188);
#4190=PRESENTATION_STYLE_ASSIGNMENT((#4189));
#4191=STYLED_ITEM('',(#4190),#4184);
#4192=CARTESIAN_POINT('',(0.E0,0.E0,-5.E0));
#4193=DIRECTION('',(0.E0,0.E0,-1.E0));
#4194=DIRECTION('',(0.E0,1.E0,0.E0));
#4195=AXIS2_PLACEMENT_3D('',#4192,#4193,#4194);
#4196=PLANE('',#4195);
#4197=ORIENTED_EDGE('',*,*,#4175,.F.);
#4199=ORIENTED_EDGE('',*,*,#4198,.T.);
#4201=ORIENTED_EDGE('',*,*,#4200,.F.);
#4203=ORIENTED_EDGE('',*,*,#4202,.T.);
#4205=ORIENTED_EDGE('',*,*,#4204,.T.);
#4207=ORIENTED_EDGE('',*,*,#4206,.T.);
#4209=ORIENTED_EDGE('',*,*,#4208,.T.);
#4211=ORIENTED_EDGE('',*,*,#4210,.T.);
#4213=ORIENTED_EDGE('',*,*,#4212,.T.);
#4215=ORIENTED_EDGE('',*,*,#4214,.F.);
#4217=ORIENTED_EDGE('',*,*,#4216,.T.);
#4219=ORIENTED_EDGE('',*,*,#4218,.T.);
#4221=ORIENTED_EDGE('',*,*,#4220,.T.);
#4222=ORIENTED_EDGE('',*,*,#4129,.T.);
#4223=ORIENTED_EDGE('',*,*,#4150,.T.);
#4224=EDGE_LOOP('',(#4197,#4199,#4201,#4203,#4205,#4207,#4209,#4211,#4213,#4215,
#4217,#4219,#4221,#4222,#4223));
#4225=FACE_OUTER_BOUND('',#4224,.F.);
#4227=ORIENTED_EDGE('',*,*,#4226,.F.);
#4229=ORIENTED_EDGE('',*,*,#4228,.F.);
#4231=ORIENTED_EDGE('',*,*,#4230,.T.);
#4233=ORIENTED_EDGE('',*,*,#4232,.F.);
#4235=ORIENTED_EDGE('',*,*,#4234,.F.);
#4237=ORIENTED_EDGE('',*,*,#4236,.F.);
#4239=ORIENTED_EDGE('',*,*,#4238,.T.);
#4241=ORIENTED_EDGE('',*,*,#4240,.F.);
#4242=EDGE_LOOP('',(#4227,#4229,#4231,#4233,#4235,#4237,#4239,#4241));
#4243=FACE_BOUND('',#4242,.F.);
#4244=ADVANCED_FACE('',(#4225,#4243),#4196,.F.);
#4245=FILL_AREA_STYLE_COLOUR('',#4);
#4246=FILL_AREA_STYLE('',(#4245));
#4247=SURFACE_STYLE_FILL_AREA(#4246);
#4248=SURFACE_SIDE_STYLE('',(#4247));
#4249=SURFACE_STYLE_USAGE(.BOTH.,#4248);
#4250=PRESENTATION_STYLE_ASSIGNMENT((#4249));
#4251=STYLED_ITEM('',(#4250),#4244);
#4252=CARTESIAN_POINT('',(5.6E0,8.6E0,-5.E0));
#4253=DIRECTION('',(1.E0,0.E0,0.E0));
#4254=DIRECTION('',(0.E0,-1.E0,0.E0));
#4255=AXIS2_PLACEMENT_3D('',#4252,#4253,#4254);
#4256=PLANE('',#4255);
#4257=ORIENTED_EDGE('',*,*,#4180,.F.);
#4259=ORIENTED_EDGE('',*,*,#4258,.T.);
#4261=ORIENTED_EDGE('',*,*,#4260,.T.);
#4262=ORIENTED_EDGE('',*,*,#4198,.F.);
#4263=EDGE_LOOP('',(#4257,#4259,#4261,#4262));
#4264=FACE_OUTER_BOUND('',#4263,.F.);
#4265=ADVANCED_FACE('',(#4264),#4256,.T.);
#4266=FILL_AREA_STYLE_COLOUR('',#4);
#4267=FILL_AREA_STYLE('',(#4266));
#4268=SURFACE_STYLE_FILL_AREA(#4267);
#4269=SURFACE_SIDE_STYLE('',(#4268));
#4270=SURFACE_STYLE_USAGE(.BOTH.,#4269);
#4271=PRESENTATION_STYLE_ASSIGNMENT((#4270));
#4272=STYLED_ITEM('',(#4271),#4265);
#4273=CARTESIAN_POINT('',(0.E0,0.E0,-6.E0));
#4274=DIRECTION('',(0.E0,0.E0,-1.E0));
#4275=DIRECTION('',(0.E0,1.E0,0.E0));
#4276=AXIS2_PLACEMENT_3D('',#4273,#4274,#4275);
#4277=PLANE('',#4276);
#4278=ORIENTED_EDGE('',*,*,#4178,.F.);
#4279=ORIENTED_EDGE('',*,*,#4158,.F.);
#4281=ORIENTED_EDGE('',*,*,#4280,.F.);
#4283=ORIENTED_EDGE('',*,*,#4282,.F.);
#4285=ORIENTED_EDGE('',*,*,#4284,.F.);
#4286=ORIENTED_EDGE('',*,*,#4258,.F.);
#4287=EDGE_LOOP('',(#4278,#4279,#4281,#4283,#4285,#4286));
#4288=FACE_OUTER_BOUND('',#4287,.F.);
#4289=ADVANCED_FACE('',(#4288),#4277,.T.);
#4290=FILL_AREA_STYLE_COLOUR('',#4);
#4291=FILL_AREA_STYLE('',(#4290));
#4292=SURFACE_STYLE_FILL_AREA(#4291);
#4293=SURFACE_SIDE_STYLE('',(#4292));
#4294=SURFACE_STYLE_USAGE(.BOTH.,#4293);
#4295=PRESENTATION_STYLE_ASSIGNMENT((#4294));
#4296=STYLED_ITEM('',(#4295),#4289);
#4297=CARTESIAN_POINT('',(3.4E0,8.6E0,-6.E0));
#4298=DIRECTION('',(1.E0,0.E0,0.E0));
#4299=DIRECTION('',(0.E0,-1.E0,0.E0));
#4300=AXIS2_PLACEMENT_3D('',#4297,#4298,#4299);
#4301=PLANE('',#4300);
#4302=ORIENTED_EDGE('',*,*,#4280,.T.);
#4303=ORIENTED_EDGE('',*,*,#4156,.T.);
#4305=ORIENTED_EDGE('',*,*,#4304,.T.);
#4307=ORIENTED_EDGE('',*,*,#4306,.F.);
#4308=EDGE_LOOP('',(#4302,#4303,#4305,#4307));
#4309=FACE_OUTER_BOUND('',#4308,.F.);
#4310=ADVANCED_FACE('',(#4309),#4301,.T.);
#4311=FILL_AREA_STYLE_COLOUR('',#4);
#4312=FILL_AREA_STYLE('',(#4311));
#4313=SURFACE_STYLE_FILL_AREA(#4312);
#4314=SURFACE_SIDE_STYLE('',(#4313));
#4315=SURFACE_STYLE_USAGE(.BOTH.,#4314);
#4316=PRESENTATION_STYLE_ASSIGNMENT((#4315));
#4317=STYLED_ITEM('',(#4316),#4310);
#4318=CARTESIAN_POINT('',(0.E0,0.E0,-8.1E0));
#4319=DIRECTION('',(0.E0,0.E0,-1.E0));
#4320=DIRECTION('',(0.E0,1.E0,0.E0));
#4321=AXIS2_PLACEMENT_3D('',#4318,#4319,#4320);
#4322=PLANE('',#4321);
#4323=ORIENTED_EDGE('',*,*,#4107,.F.);
#4325=ORIENTED_EDGE('',*,*,#4324,.F.);
#4326=ORIENTED_EDGE('',*,*,#4304,.F.);
#4327=ORIENTED_EDGE('',*,*,#4154,.F.);
#4328=EDGE_LOOP('',(#4323,#4325,#4326,#4327));
#4329=FACE_OUTER_BOUND('',#4328,.F.);
#4330=ADVANCED_FACE('',(#4329),#4322,.T.);
#4331=FILL_AREA_STYLE_COLOUR('',#4);
#4332=FILL_AREA_STYLE('',(#4331));
#4333=SURFACE_STYLE_FILL_AREA(#4332);
#4334=SURFACE_SIDE_STYLE('',(#4333));
#4335=SURFACE_STYLE_USAGE(.POSITIVE.,#4334);
#4336=PRESENTATION_STYLE_ASSIGNMENT((#4335));
#4337=STYLED_ITEM('',(#4336),#4330);
#4338=CARTESIAN_POINT('',(5.6E0,-8.6E0,-5.E0));
#4339=DIRECTION('',(0.E0,-1.E0,0.E0));
#4340=DIRECTION('',(-1.E0,0.E0,0.E0));
#4341=AXIS2_PLACEMENT_3D('',#4338,#4339,#4340);
#4342=PLANE('',#4341);
#4344=ORIENTED_EDGE('',*,*,#4343,.F.);
#4345=ORIENTED_EDGE('',*,*,#4282,.T.);
#4346=ORIENTED_EDGE('',*,*,#4306,.T.);
#4347=ORIENTED_EDGE('',*,*,#4324,.T.);
#4348=ORIENTED_EDGE('',*,*,#4105,.T.);
#4350=ORIENTED_EDGE('',*,*,#4349,.T.);
#4351=ORIENTED_EDGE('',*,*,#4202,.F.);
#4352=EDGE_LOOP('',(#4344,#4345,#4346,#4347,#4348,#4350,#4351));
#4353=FACE_OUTER_BOUND('',#4352,.F.);
#4354=ADVANCED_FACE('',(#4353),#4342,.T.);
#4355=FILL_AREA_STYLE_COLOUR('',#4);
#4356=FILL_AREA_STYLE('',(#4355));
#4357=SURFACE_STYLE_FILL_AREA(#4356);
#4358=SURFACE_SIDE_STYLE('',(#4357));
#4359=SURFACE_STYLE_USAGE(.BOTH.,#4358);
#4360=PRESENTATION_STYLE_ASSIGNMENT((#4359));
#4361=STYLED_ITEM('',(#4360),#4354);
#4362=CARTESIAN_POINT('',(4.6E0,-7.6E0,-3.234696E1));
#4363=DIRECTION('',(0.E0,0.E0,1.E0));
#4364=DIRECTION('',(0.E0,-1.E0,0.E0));
#4365=AXIS2_PLACEMENT_3D('',#4362,#4363,#4364);
#4366=CYLINDRICAL_SURFACE('',#4365,1.E0);
#4367=ORIENTED_EDGE('',*,*,#4200,.T.);
#4368=ORIENTED_EDGE('',*,*,#4260,.F.);
#4369=ORIENTED_EDGE('',*,*,#4284,.T.);
#4370=ORIENTED_EDGE('',*,*,#4343,.T.);
#4371=EDGE_LOOP('',(#4367,#4368,#4369,#4370));
#4372=FACE_OUTER_BOUND('',#4371,.F.);
#4373=ADVANCED_FACE('',(#4372),#4366,.T.);
#4374=FILL_AREA_STYLE_COLOUR('',#4);
#4375=FILL_AREA_STYLE('',(#4374));
#4376=SURFACE_STYLE_FILL_AREA(#4375);
#4377=SURFACE_SIDE_STYLE('',(#4376));
#4378=SURFACE_STYLE_USAGE(.BOTH.,#4377);
#4379=PRESENTATION_STYLE_ASSIGNMENT((#4378));
#4380=STYLED_ITEM('',(#4379),#4373);
#4381=CARTESIAN_POINT('',(2.4E0,2.4E0,-5.E0));
#4382=DIRECTION('',(-1.E0,0.E0,0.E0));
#4383=DIRECTION('',(0.E0,-1.E0,0.E0));
#4384=AXIS2_PLACEMENT_3D('',#4381,#4382,#4383);
#4385=PLANE('',#4384);
#4386=ORIENTED_EDGE('',*,*,#4103,.F.);
#4388=ORIENTED_EDGE('',*,*,#4387,.F.);
#4389=ORIENTED_EDGE('',*,*,#4204,.F.);
#4390=ORIENTED_EDGE('',*,*,#4349,.F.);
#4391=EDGE_LOOP('',(#4386,#4388,#4389,#4390));
#4392=FACE_OUTER_BOUND('',#4391,.F.);
#4393=ADVANCED_FACE('',(#4392),#4385,.T.);
#4394=FILL_AREA_STYLE_COLOUR('',#4);
#4395=FILL_AREA_STYLE('',(#4394));
#4396=SURFACE_STYLE_FILL_AREA(#4395);
#4397=SURFACE_SIDE_STYLE('',(#4396));
#4398=SURFACE_STYLE_USAGE(.POSITIVE.,#4397);
#4399=PRESENTATION_STYLE_ASSIGNMENT((#4398));
#4400=STYLED_ITEM('',(#4399),#4393);
#4401=CARTESIAN_POINT('',(5.6E0,-5.55E0,-5.E0));
#4402=DIRECTION('',(0.E0,-1.E0,0.E0));
#4403=DIRECTION('',(-1.E0,0.E0,0.E0));
#4404=AXIS2_PLACEMENT_3D('',#4401,#4402,#4403);
#4405=PLANE('',#4404);
#4407=ORIENTED_EDGE('',*,*,#4406,.T.);
#4409=ORIENTED_EDGE('',*,*,#4408,.T.);
#4411=ORIENTED_EDGE('',*,*,#4410,.F.);
#4412=ORIENTED_EDGE('',*,*,#4206,.F.);
#4413=ORIENTED_EDGE('',*,*,#4387,.T.);
#4415=ORIENTED_EDGE('',*,*,#4414,.T.);
#4416=EDGE_LOOP('',(#4407,#4409,#4411,#4412,#4413,#4415));
#4417=FACE_OUTER_BOUND('',#4416,.F.);
#4418=ADVANCED_FACE('',(#4417),#4405,.T.);
#4419=FILL_AREA_STYLE_COLOUR('',#4);
#4420=FILL_AREA_STYLE('',(#4419));
#4421=SURFACE_STYLE_FILL_AREA(#4420);
#4422=SURFACE_SIDE_STYLE('',(#4421));
#4423=SURFACE_STYLE_USAGE(.BOTH.,#4422);
#4424=PRESENTATION_STYLE_ASSIGNMENT((#4423));
#4425=STYLED_ITEM('',(#4424),#4418);
#4426=CARTESIAN_POINT('',(2.35E0,-6.05E0,-5.6E0));
#4427=DIRECTION('',(0.E0,0.E0,1.E0));
#4428=DIRECTION('',(0.E0,1.E0,0.E0));
#4429=AXIS2_PLACEMENT_3D('',#4426,#4427,#4428);
#4430=PLANE('',#4429);
#4431=ORIENTED_EDGE('',*,*,#4406,.F.);
#4432=ORIENTED_EDGE('',*,*,#4047,.F.);
#4434=ORIENTED_EDGE('',*,*,#4433,.T.);
#4435=ORIENTED_EDGE('',*,*,#3967,.T.);
#4436=EDGE_LOOP('',(#4431,#4432,#4434,#4435));
#4437=FACE_OUTER_BOUND('',#4436,.F.);
#4438=ADVANCED_FACE('',(#4437),#4430,.T.);
#4439=FILL_AREA_STYLE_COLOUR('',#6);
#4440=FILL_AREA_STYLE('',(#4439));
#4441=SURFACE_STYLE_FILL_AREA(#4440);
#4442=SURFACE_SIDE_STYLE('',(#4441));
#4443=SURFACE_STYLE_USAGE(.BOTH.,#4442);
#4444=PRESENTATION_STYLE_ASSIGNMENT((#4443));
#4445=STYLED_ITEM('',(#4444),#4438);
#4446=CARTESIAN_POINT('',(2.35E0,-6.05E0,1.E-1));
#4447=DIRECTION('',(0.E0,1.E0,0.E0));
#4448=DIRECTION('',(0.E0,0.E0,-1.E0));
#4449=AXIS2_PLACEMENT_3D('',#4446,#4447,#4448);
#4450=PLANE('',#4449);
#4451=ORIENTED_EDGE('',*,*,#4045,.F.);
#4453=ORIENTED_EDGE('',*,*,#4452,.T.);
#4454=ORIENTED_EDGE('',*,*,#3969,.T.);
#4455=ORIENTED_EDGE('',*,*,#4433,.F.);
#4456=EDGE_LOOP('',(#4451,#4453,#4454,#4455));
#4457=FACE_OUTER_BOUND('',#4456,.F.);
#4458=ADVANCED_FACE('',(#4457),#4450,.T.);
#4459=FILL_AREA_STYLE_COLOUR('',#6);
#4460=FILL_AREA_STYLE('',(#4459));
#4461=SURFACE_STYLE_FILL_AREA(#4460);
#4462=SURFACE_SIDE_STYLE('',(#4461));
#4463=SURFACE_STYLE_USAGE(.BOTH.,#4462);
#4464=PRESENTATION_STYLE_ASSIGNMENT((#4463));
#4465=STYLED_ITEM('',(#4464),#4458);
#4466=CARTESIAN_POINT('',(2.35E0,-8.35E0,1.E-1));
#4467=DIRECTION('',(0.E0,0.E0,1.E0));
#4468=DIRECTION('',(0.E0,1.E0,0.E0));
#4469=AXIS2_PLACEMENT_3D('',#4466,#4467,#4468);
#4470=PLANE('',#4469);
#4471=ORIENTED_EDGE('',*,*,#4043,.F.);
#4473=ORIENTED_EDGE('',*,*,#4472,.T.);
#4474=ORIENTED_EDGE('',*,*,#3971,.T.);
#4475=ORIENTED_EDGE('',*,*,#4452,.F.);
#4476=EDGE_LOOP('',(#4471,#4473,#4474,#4475));
#4477=FACE_OUTER_BOUND('',#4476,.F.);
#4478=ADVANCED_FACE('',(#4477),#4470,.T.);
#4479=FILL_AREA_STYLE_COLOUR('',#6);
#4480=FILL_AREA_STYLE('',(#4479));
#4481=SURFACE_STYLE_FILL_AREA(#4480);
#4482=SURFACE_SIDE_STYLE('',(#4481));
#4483=SURFACE_STYLE_USAGE(.BOTH.,#4482);
#4484=PRESENTATION_STYLE_ASSIGNMENT((#4483));
#4485=STYLED_ITEM('',(#4484),#4478);
#4486=CARTESIAN_POINT('',(2.35E0,-8.35E0,-8.1E0));
#4487=DIRECTION('',(0.E0,-1.E0,0.E0));
#4488=DIRECTION('',(0.E0,0.E0,1.E0));
#4489=AXIS2_PLACEMENT_3D('',#4486,#4487,#4488);
#4490=PLANE('',#4489);
#4492=ORIENTED_EDGE('',*,*,#4491,.F.);
#4493=ORIENTED_EDGE('',*,*,#3973,.T.);
#4494=ORIENTED_EDGE('',*,*,#4472,.F.);
#4495=ORIENTED_EDGE('',*,*,#4041,.F.);
#4496=EDGE_LOOP('',(#4492,#4493,#4494,#4495));
#4497=FACE_OUTER_BOUND('',#4496,.F.);
#4498=ADVANCED_FACE('',(#4497),#4490,.T.);
#4499=FILL_AREA_STYLE_COLOUR('',#6);
#4500=FILL_AREA_STYLE('',(#4499));
#4501=SURFACE_STYLE_FILL_AREA(#4500);
#4502=SURFACE_SIDE_STYLE('',(#4501));
#4503=SURFACE_STYLE_USAGE(.BOTH.,#4502);
#4504=PRESENTATION_STYLE_ASSIGNMENT((#4503));
#4505=STYLED_ITEM('',(#4504),#4498);
#4506=CARTESIAN_POINT('',(-8.47692E0,-7.85E0,-7.6E0));
#4507=DIRECTION('',(1.E0,0.E0,0.E0));
#4508=DIRECTION('',(0.E0,-1.E0,0.E0));
#4509=AXIS2_PLACEMENT_3D('',#4506,#4507,#4508);
#4510=CYLINDRICAL_SURFACE('',#4509,5.E-1);
#4511=ORIENTED_EDGE('',*,*,#4039,.T.);
#4513=ORIENTED_EDGE('',*,*,#4512,.F.);
#4514=ORIENTED_EDGE('',*,*,#3975,.T.);
#4515=ORIENTED_EDGE('',*,*,#4491,.T.);
#4516=EDGE_LOOP('',(#4511,#4513,#4514,#4515));
#4517=FACE_OUTER_BOUND('',#4516,.F.);
#4518=ADVANCED_FACE('',(#4517),#4510,.T.);
#4519=FILL_AREA_STYLE_COLOUR('',#6);
#4520=FILL_AREA_STYLE('',(#4519));
#4521=SURFACE_STYLE_FILL_AREA(#4520);
#4522=SURFACE_SIDE_STYLE('',(#4521));
#4523=SURFACE_STYLE_USAGE(.BOTH.,#4522);
#4524=PRESENTATION_STYLE_ASSIGNMENT((#4523));
#4525=STYLED_ITEM('',(#4524),#4518);
#4526=CARTESIAN_POINT('',(2.35E0,8.35E0,-8.1E0));
#4527=DIRECTION('',(0.E0,0.E0,-1.E0));
#4528=DIRECTION('',(0.E0,-1.E0,0.E0));
#4529=AXIS2_PLACEMENT_3D('',#4526,#4527,#4528);
#4530=PLANE('',#4529);
#4532=ORIENTED_EDGE('',*,*,#4531,.F.);
#4533=ORIENTED_EDGE('',*,*,#3977,.T.);
#4534=ORIENTED_EDGE('',*,*,#4512,.T.);
#4535=ORIENTED_EDGE('',*,*,#4037,.F.);
#4536=EDGE_LOOP('',(#4532,#4533,#4534,#4535));
#4537=FACE_OUTER_BOUND('',#4536,.F.);
#4538=ADVANCED_FACE('',(#4537),#4530,.T.);
#4539=FILL_AREA_STYLE_COLOUR('',#6);
#4540=FILL_AREA_STYLE('',(#4539));
#4541=SURFACE_STYLE_FILL_AREA(#4540);
#4542=SURFACE_SIDE_STYLE('',(#4541));
#4543=SURFACE_STYLE_USAGE(.BOTH.,#4542);
#4544=PRESENTATION_STYLE_ASSIGNMENT((#4543));
#4545=STYLED_ITEM('',(#4544),#4538);
#4546=CARTESIAN_POINT('',(-8.47692E0,7.85E0,-7.6E0));
#4547=DIRECTION('',(1.E0,0.E0,0.E0));
#4548=DIRECTION('',(0.E0,0.E0,-1.E0));
#4549=AXIS2_PLACEMENT_3D('',#4546,#4547,#4548);
#4550=CYLINDRICAL_SURFACE('',#4549,5.E-1);
#4551=ORIENTED_EDGE('',*,*,#4035,.T.);
#4553=ORIENTED_EDGE('',*,*,#4552,.F.);
#4554=ORIENTED_EDGE('',*,*,#3979,.T.);
#4555=ORIENTED_EDGE('',*,*,#4531,.T.);
#4556=EDGE_LOOP('',(#4551,#4553,#4554,#4555));
#4557=FACE_OUTER_BOUND('',#4556,.F.);
#4558=ADVANCED_FACE('',(#4557),#4550,.T.);
#4559=FILL_AREA_STYLE_COLOUR('',#6);
#4560=FILL_AREA_STYLE('',(#4559));
#4561=SURFACE_STYLE_FILL_AREA(#4560);
#4562=SURFACE_SIDE_STYLE('',(#4561));
#4563=SURFACE_STYLE_USAGE(.BOTH.,#4562);
#4564=PRESENTATION_STYLE_ASSIGNMENT((#4563));
#4565=STYLED_ITEM('',(#4564),#4558);
#4566=CARTESIAN_POINT('',(2.35E0,8.35E0,1.E-1));
#4567=DIRECTION('',(0.E0,1.E0,0.E0));
#4568=DIRECTION('',(0.E0,0.E0,-1.E0));
#4569=AXIS2_PLACEMENT_3D('',#4566,#4567,#4568);
#4570=PLANE('',#4569);
#4571=ORIENTED_EDGE('',*,*,#4552,.T.);
#4572=ORIENTED_EDGE('',*,*,#4033,.F.);
#4574=ORIENTED_EDGE('',*,*,#4573,.T.);
#4575=ORIENTED_EDGE('',*,*,#3981,.T.);
#4576=EDGE_LOOP('',(#4571,#4572,#4574,#4575));
#4577=FACE_OUTER_BOUND('',#4576,.F.);
#4578=ADVANCED_FACE('',(#4577),#4570,.T.);
#4579=FILL_AREA_STYLE_COLOUR('',#6);
#4580=FILL_AREA_STYLE('',(#4579));
#4581=SURFACE_STYLE_FILL_AREA(#4580);
#4582=SURFACE_SIDE_STYLE('',(#4581));
#4583=SURFACE_STYLE_USAGE(.BOTH.,#4582);
#4584=PRESENTATION_STYLE_ASSIGNMENT((#4583));
#4585=STYLED_ITEM('',(#4584),#4578);
#4586=CARTESIAN_POINT('',(2.35E0,6.05E0,1.E-1));
#4587=DIRECTION('',(0.E0,0.E0,1.E0));
#4588=DIRECTION('',(0.E0,1.E0,0.E0));
#4589=AXIS2_PLACEMENT_3D('',#4586,#4587,#4588);
#4590=PLANE('',#4589);
#4591=ORIENTED_EDGE('',*,*,#4031,.F.);
#4593=ORIENTED_EDGE('',*,*,#4592,.T.);
#4594=ORIENTED_EDGE('',*,*,#3983,.T.);
#4595=ORIENTED_EDGE('',*,*,#4573,.F.);
#4596=EDGE_LOOP('',(#4591,#4593,#4594,#4595));
#4597=FACE_OUTER_BOUND('',#4596,.F.);
#4598=ADVANCED_FACE('',(#4597),#4590,.T.);
#4599=FILL_AREA_STYLE_COLOUR('',#6);
#4600=FILL_AREA_STYLE('',(#4599));
#4601=SURFACE_STYLE_FILL_AREA(#4600);
#4602=SURFACE_SIDE_STYLE('',(#4601));
#4603=SURFACE_STYLE_USAGE(.BOTH.,#4602);
#4604=PRESENTATION_STYLE_ASSIGNMENT((#4603));
#4605=STYLED_ITEM('',(#4604),#4598);
#4606=CARTESIAN_POINT('',(2.35E0,6.05E0,-5.6E0));
#4607=DIRECTION('',(0.E0,-1.E0,0.E0));
#4608=DIRECTION('',(0.E0,0.E0,1.E0));
#4609=AXIS2_PLACEMENT_3D('',#4606,#4607,#4608);
#4610=PLANE('',#4609);
#4611=ORIENTED_EDGE('',*,*,#4029,.F.);
#4613=ORIENTED_EDGE('',*,*,#4612,.T.);
#4614=ORIENTED_EDGE('',*,*,#3985,.T.);
#4615=ORIENTED_EDGE('',*,*,#4592,.F.);
#4616=EDGE_LOOP('',(#4611,#4613,#4614,#4615));
#4617=FACE_OUTER_BOUND('',#4616,.F.);
#4618=ADVANCED_FACE('',(#4617),#4610,.T.);
#4619=FILL_AREA_STYLE_COLOUR('',#6);
#4620=FILL_AREA_STYLE('',(#4619));
#4621=SURFACE_STYLE_FILL_AREA(#4620);
#4622=SURFACE_SIDE_STYLE('',(#4621));
#4623=SURFACE_STYLE_USAGE(.BOTH.,#4622);
#4624=PRESENTATION_STYLE_ASSIGNMENT((#4623));
#4625=STYLED_ITEM('',(#4624),#4618);
#4626=CARTESIAN_POINT('',(2.35E0,2.E0,-5.6E0));
#4627=DIRECTION('',(0.E0,0.E0,1.E0));
#4628=DIRECTION('',(0.E0,1.E0,0.E0));
#4629=AXIS2_PLACEMENT_3D('',#4626,#4627,#4628);
#4630=PLANE('',#4629);
#4632=ORIENTED_EDGE('',*,*,#4631,.T.);
#4633=ORIENTED_EDGE('',*,*,#3987,.T.);
#4634=ORIENTED_EDGE('',*,*,#4612,.F.);
#4635=ORIENTED_EDGE('',*,*,#4027,.F.);
#4636=EDGE_LOOP('',(#4632,#4633,#4634,#4635));
#4637=FACE_OUTER_BOUND('',#4636,.F.);
#4638=ADVANCED_FACE('',(#4637),#4630,.T.);
#4639=FILL_AREA_STYLE_COLOUR('',#6);
#4640=FILL_AREA_STYLE('',(#4639));
#4641=SURFACE_STYLE_FILL_AREA(#4640);
#4642=SURFACE_SIDE_STYLE('',(#4641));
#4643=SURFACE_STYLE_USAGE(.POSITIVE.,#4642);
#4644=PRESENTATION_STYLE_ASSIGNMENT((#4643));
#4645=STYLED_ITEM('',(#4644),#4638);
#4646=CARTESIAN_POINT('',(-5.6E0,5.55E0,-5.E0));
#4647=DIRECTION('',(0.E0,1.E0,0.E0));
#4648=DIRECTION('',(1.E0,0.E0,0.E0));
#4649=AXIS2_PLACEMENT_3D('',#4646,#4647,#4648);
#4650=PLANE('',#4649);
#4651=ORIENTED_EDGE('',*,*,#4631,.F.);
#4652=ORIENTED_EDGE('',*,*,#4079,.T.);
#4653=ORIENTED_EDGE('',*,*,#4131,.F.);
#4654=ORIENTED_EDGE('',*,*,#4220,.F.);
#4656=ORIENTED_EDGE('',*,*,#4655,.T.);
#4657=ORIENTED_EDGE('',*,*,#3934,.T.);
#4658=EDGE_LOOP('',(#4651,#4652,#4653,#4654,#4656,#4657));
#4659=FACE_OUTER_BOUND('',#4658,.F.);
#4660=ADVANCED_FACE('',(#4659),#4650,.T.);
#4661=FILL_AREA_STYLE_COLOUR('',#4);
#4662=FILL_AREA_STYLE('',(#4661));
#4663=SURFACE_STYLE_FILL_AREA(#4662);
#4664=SURFACE_SIDE_STYLE('',(#4663));
#4665=SURFACE_STYLE_USAGE(.BOTH.,#4664);
#4666=PRESENTATION_STYLE_ASSIGNMENT((#4665));
#4667=STYLED_ITEM('',(#4666),#4660);
#4668=CARTESIAN_POINT('',(-2.4E0,-2.4E0,-5.E0));
#4669=DIRECTION('',(1.E0,0.E0,0.E0));
#4670=DIRECTION('',(0.E0,1.E0,0.E0));
#4671=AXIS2_PLACEMENT_3D('',#4668,#4669,#4670);
#4672=PLANE('',#4671);
#4674=ORIENTED_EDGE('',*,*,#4673,.F.);
#4675=ORIENTED_EDGE('',*,*,#4655,.F.);
#4676=ORIENTED_EDGE('',*,*,#4218,.F.);
#4678=ORIENTED_EDGE('',*,*,#4677,.F.);
#4679=EDGE_LOOP('',(#4674,#4675,#4676,#4678));
#4680=FACE_OUTER_BOUND('',#4679,.F.);
#4681=ADVANCED_FACE('',(#4680),#4672,.T.);
#4682=FILL_AREA_STYLE_COLOUR('',#4);
#4683=FILL_AREA_STYLE('',(#4682));
#4684=SURFACE_STYLE_FILL_AREA(#4683);
#4685=SURFACE_SIDE_STYLE('',(#4684));
#4686=SURFACE_STYLE_USAGE(.POSITIVE.,#4685);
#4687=PRESENTATION_STYLE_ASSIGNMENT((#4686));
#4688=STYLED_ITEM('',(#4687),#4681);
#4689=CARTESIAN_POINT('',(-2.824393769573E0,1.47E1,-1.166911366008E1));
#4690=DIRECTION('',(-9.975640502598E-1,0.E0,6.975647374413E-2));
#4691=DIRECTION('',(6.975647374413E-2,0.E0,9.975640502598E-1));
#4692=AXIS2_PLACEMENT_3D('',#4689,#4690,#4691);
#4693=PLANE('',#4692);
#4695=ORIENTED_EDGE('',*,*,#4694,.T.);
#4697=ORIENTED_EDGE('',*,*,#4696,.T.);
#4699=ORIENTED_EDGE('',*,*,#4698,.T.);
#4700=ORIENTED_EDGE('',*,*,#3936,.T.);
#4701=ORIENTED_EDGE('',*,*,#4673,.T.);
#4703=ORIENTED_EDGE('',*,*,#4702,.F.);
#4705=ORIENTED_EDGE('',*,*,#4704,.F.);
#4707=ORIENTED_EDGE('',*,*,#4706,.T.);
#4708=EDGE_LOOP('',(#4695,#4697,#4699,#4700,#4701,#4703,#4705,#4707));
#4709=FACE_OUTER_BOUND('',#4708,.F.);
#4710=ADVANCED_FACE('',(#4709),#4693,.F.);
#4711=FILL_AREA_STYLE_COLOUR('',#4);
#4712=FILL_AREA_STYLE('',(#4711));
#4713=SURFACE_STYLE_FILL_AREA(#4712);
#4714=SURFACE_SIDE_STYLE('',(#4713));
#4715=SURFACE_STYLE_USAGE(.BOTH.,#4714);
#4716=PRESENTATION_STYLE_ASSIGNMENT((#4715));
#4717=STYLED_ITEM('',(#4716),#4710);
#4718=CARTESIAN_POINT('',(-2.4E0,-2.4E0,-5.E0));
#4719=DIRECTION('',(1.E0,0.E0,0.E0));
#4720=DIRECTION('',(0.E0,1.E0,0.E0));
#4721=AXIS2_PLACEMENT_3D('',#4718,#4719,#4720);
#4722=PLANE('',#4721);
#4723=ORIENTED_EDGE('',*,*,#4694,.F.);
#4725=ORIENTED_EDGE('',*,*,#4724,.F.);
#4726=ORIENTED_EDGE('',*,*,#4208,.F.);
#4727=ORIENTED_EDGE('',*,*,#4410,.T.);
#4728=EDGE_LOOP('',(#4723,#4725,#4726,#4727));
#4729=FACE_OUTER_BOUND('',#4728,.F.);
#4730=ADVANCED_FACE('',(#4729),#4722,.T.);
#4731=FILL_AREA_STYLE_COLOUR('',#4);
#4732=FILL_AREA_STYLE('',(#4731));
#4733=SURFACE_STYLE_FILL_AREA(#4732);
#4734=SURFACE_SIDE_STYLE('',(#4733));
#4735=SURFACE_STYLE_USAGE(.BOTH.,#4734);
#4736=PRESENTATION_STYLE_ASSIGNMENT((#4735));
#4737=STYLED_ITEM('',(#4736),#4730);
#4738=CARTESIAN_POINT('',(-2.4E0,-8.6E0,-5.E0));
#4739=DIRECTION('',(0.E0,-1.E0,0.E0));
#4740=DIRECTION('',(-1.E0,0.E0,0.E0));
#4741=AXIS2_PLACEMENT_3D('',#4738,#4739,#4740);
#4742=PLANE('',#4741);
#4743=ORIENTED_EDGE('',*,*,#4706,.F.);
#4745=ORIENTED_EDGE('',*,*,#4744,.T.);
#4747=ORIENTED_EDGE('',*,*,#4746,.F.);
#4749=ORIENTED_EDGE('',*,*,#4748,.F.);
#4750=ORIENTED_EDGE('',*,*,#4210,.F.);
#4751=ORIENTED_EDGE('',*,*,#4724,.T.);
#4752=EDGE_LOOP('',(#4743,#4745,#4747,#4749,#4750,#4751));
#4753=FACE_OUTER_BOUND('',#4752,.F.);
#4754=ADVANCED_FACE('',(#4753),#4742,.T.);
#4755=FILL_AREA_STYLE_COLOUR('',#4);
#4756=FILL_AREA_STYLE('',(#4755));
#4757=SURFACE_STYLE_FILL_AREA(#4756);
#4758=SURFACE_SIDE_STYLE('',(#4757));
#4759=SURFACE_STYLE_USAGE(.BOTH.,#4758);
#4760=PRESENTATION_STYLE_ASSIGNMENT((#4759));
#4761=STYLED_ITEM('',(#4760),#4754);
#4762=CARTESIAN_POINT('',(0.E0,0.E0,-8.1E0));
#4763=DIRECTION('',(0.E0,0.E0,-1.E0));
#4764=DIRECTION('',(0.E0,1.E0,0.E0));
#4765=AXIS2_PLACEMENT_3D('',#4762,#4763,#4764);
#4766=PLANE('',#4765);
#4767=ORIENTED_EDGE('',*,*,#4704,.T.);
#4769=ORIENTED_EDGE('',*,*,#4768,.F.);
#4771=ORIENTED_EDGE('',*,*,#4770,.F.);
#4773=ORIENTED_EDGE('',*,*,#4772,.F.);
#4775=ORIENTED_EDGE('',*,*,#4774,.F.);
#4776=ORIENTED_EDGE('',*,*,#4744,.F.);
#4777=EDGE_LOOP('',(#4767,#4769,#4771,#4773,#4775,#4776));
#4778=FACE_OUTER_BOUND('',#4777,.F.);
#4779=ADVANCED_FACE('',(#4778),#4766,.T.);
#4780=FILL_AREA_STYLE_COLOUR('',#4);
#4781=FILL_AREA_STYLE('',(#4780));
#4782=SURFACE_STYLE_FILL_AREA(#4781);
#4783=SURFACE_SIDE_STYLE('',(#4782));
#4784=SURFACE_STYLE_USAGE(.BOTH.,#4783);
#4785=PRESENTATION_STYLE_ASSIGNMENT((#4784));
#4786=STYLED_ITEM('',(#4785),#4779);
#4787=CARTESIAN_POINT('',(-5.6E0,8.6E0,-5.E0));
#4788=DIRECTION('',(0.E0,1.E0,0.E0));
#4789=DIRECTION('',(1.E0,0.E0,0.E0));
#4790=AXIS2_PLACEMENT_3D('',#4787,#4788,#4789);
#4791=PLANE('',#4790);
#4793=ORIENTED_EDGE('',*,*,#4792,.F.);
#4795=ORIENTED_EDGE('',*,*,#4794,.T.);
#4797=ORIENTED_EDGE('',*,*,#4796,.T.);
#4798=ORIENTED_EDGE('',*,*,#4768,.T.);
#4799=ORIENTED_EDGE('',*,*,#4702,.T.);
#4800=ORIENTED_EDGE('',*,*,#4677,.T.);
#4801=ORIENTED_EDGE('',*,*,#4216,.F.);
#4802=EDGE_LOOP('',(#4793,#4795,#4797,#4798,#4799,#4800,#4801));
#4803=FACE_OUTER_BOUND('',#4802,.F.);
#4804=ADVANCED_FACE('',(#4803),#4791,.T.);
#4805=FILL_AREA_STYLE_COLOUR('',#4);
#4806=FILL_AREA_STYLE('',(#4805));
#4807=SURFACE_STYLE_FILL_AREA(#4806);
#4808=SURFACE_SIDE_STYLE('',(#4807));
#4809=SURFACE_STYLE_USAGE(.BOTH.,#4808);
#4810=PRESENTATION_STYLE_ASSIGNMENT((#4809));
#4811=STYLED_ITEM('',(#4810),#4804);
#4812=CARTESIAN_POINT('',(-4.6E0,7.6E0,-3.234696E1));
#4813=DIRECTION('',(0.E0,0.E0,1.E0));
#4814=DIRECTION('',(0.E0,1.E0,0.E0));
#4815=AXIS2_PLACEMENT_3D('',#4812,#4813,#4814);
#4816=CYLINDRICAL_SURFACE('',#4815,1.E0);
#4817=ORIENTED_EDGE('',*,*,#4214,.T.);
#4819=ORIENTED_EDGE('',*,*,#4818,.F.);
#4821=ORIENTED_EDGE('',*,*,#4820,.T.);
#4822=ORIENTED_EDGE('',*,*,#4792,.T.);
#4823=EDGE_LOOP('',(#4817,#4819,#4821,#4822));
#4824=FACE_OUTER_BOUND('',#4823,.F.);
#4825=ADVANCED_FACE('',(#4824),#4816,.T.);
#4826=FILL_AREA_STYLE_COLOUR('',#4);
#4827=FILL_AREA_STYLE('',(#4826));
#4828=SURFACE_STYLE_FILL_AREA(#4827);
#4829=SURFACE_SIDE_STYLE('',(#4828));
#4830=SURFACE_STYLE_USAGE(.BOTH.,#4829);
#4831=PRESENTATION_STYLE_ASSIGNMENT((#4830));
#4832=STYLED_ITEM('',(#4831),#4825);
#4833=CARTESIAN_POINT('',(-5.6E0,-8.6E0,-5.E0));
#4834=DIRECTION('',(-1.E0,0.E0,0.E0));
#4835=DIRECTION('',(0.E0,1.E0,0.E0));
#4836=AXIS2_PLACEMENT_3D('',#4833,#4834,#4835);
#4837=PLANE('',#4836);
#4838=ORIENTED_EDGE('',*,*,#4818,.T.);
#4839=ORIENTED_EDGE('',*,*,#4212,.F.);
#4840=ORIENTED_EDGE('',*,*,#4748,.T.);
#4842=ORIENTED_EDGE('',*,*,#4841,.T.);
#4844=ORIENTED_EDGE('',*,*,#4843,.F.);
#4846=ORIENTED_EDGE('',*,*,#4845,.F.);
#4848=ORIENTED_EDGE('',*,*,#4847,.T.);
#4849=EDGE_LOOP('',(#4838,#4839,#4840,#4842,#4844,#4846,#4848));
#4850=FACE_OUTER_BOUND('',#4849,.F.);
#4851=ADVANCED_FACE('',(#4850),#4837,.T.);
#4852=FILL_AREA_STYLE_COLOUR('',#4);
#4853=FILL_AREA_STYLE('',(#4852));
#4854=SURFACE_STYLE_FILL_AREA(#4853);
#4855=SURFACE_SIDE_STYLE('',(#4854));
#4856=SURFACE_STYLE_USAGE(.BOTH.,#4855);
#4857=PRESENTATION_STYLE_ASSIGNMENT((#4856));
#4858=STYLED_ITEM('',(#4857),#4851);
#4859=CARTESIAN_POINT('',(-5.1E0,-3.102192E1,-7.6E0));
#4860=DIRECTION('',(0.E0,1.E0,0.E0));
#4861=DIRECTION('',(0.E0,0.E0,-1.E0));
#4862=AXIS2_PLACEMENT_3D('',#4859,#4860,#4861);
#4863=CYLINDRICAL_SURFACE('',#4862,5.E-1);
#4865=ORIENTED_EDGE('',*,*,#4864,.T.);
#4866=ORIENTED_EDGE('',*,*,#4841,.F.);
#4867=ORIENTED_EDGE('',*,*,#4746,.T.);
#4868=ORIENTED_EDGE('',*,*,#4774,.T.);
#4869=EDGE_LOOP('',(#4865,#4866,#4867,#4868));
#4870=FACE_OUTER_BOUND('',#4869,.F.);
#4871=ADVANCED_FACE('',(#4870),#4863,.T.);
#4872=FILL_AREA_STYLE_COLOUR('',#4);
#4873=FILL_AREA_STYLE('',(#4872));
#4874=SURFACE_STYLE_FILL_AREA(#4873);
#4875=SURFACE_SIDE_STYLE('',(#4874));
#4876=SURFACE_STYLE_USAGE(.BOTH.,#4875);
#4877=PRESENTATION_STYLE_ASSIGNMENT((#4876));
#4878=STYLED_ITEM('',(#4877),#4871);
#4879=CARTESIAN_POINT('',(-5.6E0,-7.5E0,-6.E0));
#4880=DIRECTION('',(0.E0,1.E0,0.E0));
#4881=DIRECTION('',(1.E0,0.E0,0.E0));
#4882=AXIS2_PLACEMENT_3D('',#4879,#4880,#4881);
#4883=PLANE('',#4882);
#4884=ORIENTED_EDGE('',*,*,#4864,.F.);
#4885=ORIENTED_EDGE('',*,*,#4772,.T.);
#4887=ORIENTED_EDGE('',*,*,#4886,.F.);
#4889=ORIENTED_EDGE('',*,*,#4888,.F.);
#4890=ORIENTED_EDGE('',*,*,#4843,.T.);
#4891=EDGE_LOOP('',(#4884,#4885,#4887,#4889,#4890));
#4892=FACE_OUTER_BOUND('',#4891,.F.);
#4893=ADVANCED_FACE('',(#4892),#4883,.T.);
#4894=FILL_AREA_STYLE_COLOUR('',#4);
#4895=FILL_AREA_STYLE('',(#4894));
#4896=SURFACE_STYLE_FILL_AREA(#4895);
#4897=SURFACE_SIDE_STYLE('',(#4896));
#4898=SURFACE_STYLE_USAGE(.BOTH.,#4897);
#4899=PRESENTATION_STYLE_ASSIGNMENT((#4898));
#4900=STYLED_ITEM('',(#4899),#4893);
#4901=CARTESIAN_POINT('',(-3.4E0,-7.5E0,-6.E0));
#4902=DIRECTION('',(-1.E0,0.E0,0.E0));
#4903=DIRECTION('',(0.E0,1.E0,0.E0));
#4904=AXIS2_PLACEMENT_3D('',#4901,#4902,#4903);
#4905=PLANE('',#4904);
#4907=ORIENTED_EDGE('',*,*,#4906,.F.);
#4908=ORIENTED_EDGE('',*,*,#4886,.T.);
#4909=ORIENTED_EDGE('',*,*,#4770,.T.);
#4910=ORIENTED_EDGE('',*,*,#4796,.F.);
#4912=ORIENTED_EDGE('',*,*,#4911,.T.);
#4913=EDGE_LOOP('',(#4907,#4908,#4909,#4910,#4912));
#4914=FACE_OUTER_BOUND('',#4913,.F.);
#4915=ADVANCED_FACE('',(#4914),#4905,.T.);
#4916=FILL_AREA_STYLE_COLOUR('',#4);
#4917=FILL_AREA_STYLE('',(#4916));
#4918=SURFACE_STYLE_FILL_AREA(#4917);
#4919=SURFACE_SIDE_STYLE('',(#4918));
#4920=SURFACE_STYLE_USAGE(.BOTH.,#4919);
#4921=PRESENTATION_STYLE_ASSIGNMENT((#4920));
#4922=STYLED_ITEM('',(#4921),#4915);
#4923=CARTESIAN_POINT('',(-2.054552011471E1,-7.E0,-6.5E0));
#4924=DIRECTION('',(1.E0,0.E0,0.E0));
#4925=DIRECTION('',(0.E0,0.E0,1.E0));
#4926=AXIS2_PLACEMENT_3D('',#4923,#4924,#4925);
#4927=CYLINDRICAL_SURFACE('',#4926,5.E-1);
#4928=ORIENTED_EDGE('',*,*,#4906,.T.);
#4930=ORIENTED_EDGE('',*,*,#4929,.F.);
#4931=ORIENTED_EDGE('',*,*,#4845,.T.);
#4932=ORIENTED_EDGE('',*,*,#4888,.T.);
#4933=EDGE_LOOP('',(#4928,#4930,#4931,#4932));
#4934=FACE_OUTER_BOUND('',#4933,.F.);
#4935=ADVANCED_FACE('',(#4934),#4927,.F.);
#4936=FILL_AREA_STYLE_COLOUR('',#4);
#4937=FILL_AREA_STYLE('',(#4936));
#4938=SURFACE_STYLE_FILL_AREA(#4937);
#4939=SURFACE_SIDE_STYLE('',(#4938));
#4940=SURFACE_STYLE_USAGE(.BOTH.,#4939);
#4941=PRESENTATION_STYLE_ASSIGNMENT((#4940));
#4942=STYLED_ITEM('',(#4941),#4935);
#4943=CARTESIAN_POINT('',(0.E0,0.E0,-6.E0));
#4944=DIRECTION('',(0.E0,0.E0,-1.E0));
#4945=DIRECTION('',(0.E0,1.E0,0.E0));
#4946=AXIS2_PLACEMENT_3D('',#4943,#4944,#4945);
#4947=PLANE('',#4946);
#4948=ORIENTED_EDGE('',*,*,#4820,.F.);
#4949=ORIENTED_EDGE('',*,*,#4847,.F.);
#4950=ORIENTED_EDGE('',*,*,#4929,.T.);
#4951=ORIENTED_EDGE('',*,*,#4911,.F.);
#4952=ORIENTED_EDGE('',*,*,#4794,.F.);
#4953=EDGE_LOOP('',(#4948,#4949,#4950,#4951,#4952));
#4954=FACE_OUTER_BOUND('',#4953,.F.);
#4955=ADVANCED_FACE('',(#4954),#4947,.T.);
#4956=FILL_AREA_STYLE_COLOUR('',#4);
#4957=FILL_AREA_STYLE('',(#4956));
#4958=SURFACE_STYLE_FILL_AREA(#4957);
#4959=SURFACE_SIDE_STYLE('',(#4958));
#4960=SURFACE_STYLE_USAGE(.POSITIVE.,#4959);
#4961=PRESENTATION_STYLE_ASSIGNMENT((#4960));
#4962=STYLED_ITEM('',(#4961),#4955);
#4963=CARTESIAN_POINT('',(0.E0,0.E0,-5.6E0));
#4964=DIRECTION('',(0.E0,0.E0,-1.E0));
#4965=DIRECTION('',(0.E0,-1.E0,0.E0));
#4966=AXIS2_PLACEMENT_3D('',#4963,#4964,#4965);
#4967=PLANE('',#4966);
#4968=ORIENTED_EDGE('',*,*,#3965,.F.);
#4970=ORIENTED_EDGE('',*,*,#4969,.F.);
#4971=ORIENTED_EDGE('',*,*,#4696,.F.);
#4972=ORIENTED_EDGE('',*,*,#4408,.F.);
#4973=EDGE_LOOP('',(#4968,#4970,#4971,#4972));
#4974=FACE_OUTER_BOUND('',#4973,.F.);
#4975=ADVANCED_FACE('',(#4974),#4967,.T.);
#4976=FILL_AREA_STYLE_COLOUR('',#4);
#4977=FILL_AREA_STYLE('',(#4976));
#4978=SURFACE_STYLE_FILL_AREA(#4977);
#4979=SURFACE_SIDE_STYLE('',(#4978));
#4980=SURFACE_STYLE_USAGE(.POSITIVE.,#4979);
#4981=PRESENTATION_STYLE_ASSIGNMENT((#4980));
#4982=STYLED_ITEM('',(#4981),#4975);
#4983=CARTESIAN_POINT('',(2.4E0,-2.4E0,-5.E0));
#4984=DIRECTION('',(0.E0,1.E0,0.E0));
#4985=DIRECTION('',(-1.E0,0.E0,0.E0));
#4986=AXIS2_PLACEMENT_3D('',#4983,#4984,#4985);
#4987=PLANE('',#4986);
#4989=ORIENTED_EDGE('',*,*,#4988,.T.);
#4991=ORIENTED_EDGE('',*,*,#4990,.T.);
#4993=ORIENTED_EDGE('',*,*,#4992,.T.);
#4995=ORIENTED_EDGE('',*,*,#4994,.T.);
#4996=ORIENTED_EDGE('',*,*,#4969,.T.);
#4998=ORIENTED_EDGE('',*,*,#4997,.F.);
#4999=EDGE_LOOP('',(#4989,#4991,#4993,#4995,#4996,#4998));
#5000=FACE_OUTER_BOUND('',#4999,.F.);
#5001=ADVANCED_FACE('',(#5000),#4987,.T.);
#5002=FILL_AREA_STYLE_COLOUR('',#4);
#5003=FILL_AREA_STYLE('',(#5002));
#5004=SURFACE_STYLE_FILL_AREA(#5003);
#5005=SURFACE_SIDE_STYLE('',(#5004));
#5006=SURFACE_STYLE_USAGE(.BOTH.,#5005);
#5007=PRESENTATION_STYLE_ASSIGNMENT((#5006));
#5008=STYLED_ITEM('',(#5007),#5001);
#5009=CARTESIAN_POINT('',(0.E0,0.E0,-5.6E0));
#5010=DIRECTION('',(0.E0,0.E0,-1.E0));
#5011=DIRECTION('',(0.E0,-1.E0,0.E0));
#5012=AXIS2_PLACEMENT_3D('',#5009,#5010,#5011);
#5013=PLANE('',#5012);
#5014=ORIENTED_EDGE('',*,*,#4049,.T.);
#5015=ORIENTED_EDGE('',*,*,#4414,.F.);
#5016=ORIENTED_EDGE('',*,*,#4101,.F.);
#5017=ORIENTED_EDGE('',*,*,#4988,.F.);
#5018=EDGE_LOOP('',(#5014,#5015,#5016,#5017));
#5019=FACE_OUTER_BOUND('',#5018,.F.);
#5020=ADVANCED_FACE('',(#5019),#5013,.T.);
#5021=FILL_AREA_STYLE_COLOUR('',#4);
#5022=FILL_AREA_STYLE('',(#5021));
#5023=SURFACE_STYLE_FILL_AREA(#5022);
#5024=SURFACE_SIDE_STYLE('',(#5023));
#5025=SURFACE_STYLE_USAGE(.POSITIVE.,#5024);
#5026=PRESENTATION_STYLE_ASSIGNMENT((#5025));
#5027=STYLED_ITEM('',(#5026),#5020);
#5028=CARTESIAN_POINT('',(2.4E0,2.4E0,-5.E0));
#5029=DIRECTION('',(-1.E0,0.E0,0.E0));
#5030=DIRECTION('',(0.E0,-1.E0,0.E0));
#5031=AXIS2_PLACEMENT_3D('',#5028,#5029,#5030);
#5032=PLANE('',#5031);
#5034=ORIENTED_EDGE('',*,*,#5033,.F.);
#5035=ORIENTED_EDGE('',*,*,#4990,.F.);
#5036=ORIENTED_EDGE('',*,*,#4099,.F.);
#5037=ORIENTED_EDGE('',*,*,#3911,.F.);
#5038=EDGE_LOOP('',(#5034,#5035,#5036,#5037));
#5039=FACE_OUTER_BOUND('',#5038,.F.);
#5040=ADVANCED_FACE('',(#5039),#5032,.T.);
#5041=FILL_AREA_STYLE_COLOUR('',#4);
#5042=FILL_AREA_STYLE('',(#5041));
#5043=SURFACE_STYLE_FILL_AREA(#5042);
#5044=SURFACE_SIDE_STYLE('',(#5043));
#5045=SURFACE_STYLE_USAGE(.POSITIVE.,#5044);
#5046=PRESENTATION_STYLE_ASSIGNMENT((#5045));
#5047=STYLED_ITEM('',(#5046),#5040);
#5048=CARTESIAN_POINT('',(0.E0,0.E0,-4.8E0));
#5049=DIRECTION('',(0.E0,0.E0,-1.E0));
#5050=DIRECTION('',(0.E0,1.E0,0.E0));
#5051=AXIS2_PLACEMENT_3D('',#5048,#5049,#5050);
#5052=PLANE('',#5051);
#5053=ORIENTED_EDGE('',*,*,#3909,.F.);
#5055=ORIENTED_EDGE('',*,*,#5054,.F.);
#5056=ORIENTED_EDGE('',*,*,#4992,.F.);
#5057=ORIENTED_EDGE('',*,*,#5033,.T.);
#5058=EDGE_LOOP('',(#5053,#5055,#5056,#5057));
#5059=FACE_OUTER_BOUND('',#5058,.F.);
#5060=ORIENTED_EDGE('',*,*,#4055,.F.);
#5062=ORIENTED_EDGE('',*,*,#5061,.T.);
#5063=ORIENTED_EDGE('',*,*,#3959,.T.);
#5065=ORIENTED_EDGE('',*,*,#5064,.F.);
#5066=EDGE_LOOP('',(#5060,#5062,#5063,#5065));
#5067=FACE_BOUND('',#5066,.F.);
#5068=ADVANCED_FACE('',(#5059,#5067),#5052,.T.);
#5069=FILL_AREA_STYLE_COLOUR('',#14);
#5070=FILL_AREA_STYLE('',(#5069));
#5071=SURFACE_STYLE_FILL_AREA(#5070);
#5072=SURFACE_SIDE_STYLE('',(#5071));
#5073=SURFACE_STYLE_USAGE(.POSITIVE.,#5072);
#5074=PRESENTATION_STYLE_ASSIGNMENT((#5073));
#5075=STYLED_ITEM('',(#5074),#5068);
#5076=CARTESIAN_POINT('',(-2.4E0,-2.4E0,-5.E0));
#5077=DIRECTION('',(1.E0,0.E0,0.E0));
#5078=DIRECTION('',(0.E0,1.E0,0.E0));
#5079=AXIS2_PLACEMENT_3D('',#5076,#5077,#5078);
#5080=PLANE('',#5079);
#5081=ORIENTED_EDGE('',*,*,#5054,.T.);
#5082=ORIENTED_EDGE('',*,*,#3907,.F.);
#5083=ORIENTED_EDGE('',*,*,#4698,.F.);
#5084=ORIENTED_EDGE('',*,*,#4994,.F.);
#5085=EDGE_LOOP('',(#5081,#5082,#5083,#5084));
#5086=FACE_OUTER_BOUND('',#5085,.F.);
#5087=ADVANCED_FACE('',(#5086),#5080,.T.);
#5088=FILL_AREA_STYLE_COLOUR('',#4);
#5089=FILL_AREA_STYLE('',(#5088));
#5090=SURFACE_STYLE_FILL_AREA(#5089);
#5091=SURFACE_SIDE_STYLE('',(#5090));
#5092=SURFACE_STYLE_USAGE(.POSITIVE.,#5091);
#5093=PRESENTATION_STYLE_ASSIGNMENT((#5092));
#5094=STYLED_ITEM('',(#5093),#5087);
#5095=CARTESIAN_POINT('',(2.35E0,-2.E0,-5.6E0));
#5096=DIRECTION('',(0.E0,-1.E0,0.E0));
#5097=DIRECTION('',(0.E0,0.E0,1.E0));
#5098=AXIS2_PLACEMENT_3D('',#5095,#5096,#5097);
#5099=PLANE('',#5098);
#5100=ORIENTED_EDGE('',*,*,#5061,.F.);
#5101=ORIENTED_EDGE('',*,*,#4053,.F.);
#5103=ORIENTED_EDGE('',*,*,#5102,.T.);
#5104=ORIENTED_EDGE('',*,*,#3961,.T.);
#5105=EDGE_LOOP('',(#5100,#5101,#5103,#5104));
#5106=FACE_OUTER_BOUND('',#5105,.F.);
#5107=ADVANCED_FACE('',(#5106),#5099,.T.);
#5108=FILL_AREA_STYLE_COLOUR('',#6);
#5109=FILL_AREA_STYLE('',(#5108));
#5110=SURFACE_STYLE_FILL_AREA(#5109);
#5111=SURFACE_SIDE_STYLE('',(#5110));
#5112=SURFACE_STYLE_USAGE(.BOTH.,#5111);
#5113=PRESENTATION_STYLE_ASSIGNMENT((#5112));
#5114=STYLED_ITEM('',(#5113),#5107);
#5115=CARTESIAN_POINT('',(2.35E0,-6.05E0,-5.6E0));
#5116=DIRECTION('',(0.E0,0.E0,1.E0));
#5117=DIRECTION('',(0.E0,1.E0,0.E0));
#5118=AXIS2_PLACEMENT_3D('',#5115,#5116,#5117);
#5119=PLANE('',#5118);
#5120=ORIENTED_EDGE('',*,*,#4997,.T.);
#5121=ORIENTED_EDGE('',*,*,#3963,.T.);
#5122=ORIENTED_EDGE('',*,*,#5102,.F.);
#5123=ORIENTED_EDGE('',*,*,#4051,.F.);
#5124=EDGE_LOOP('',(#5120,#5121,#5122,#5123));
#5125=FACE_OUTER_BOUND('',#5124,.F.);
#5126=ADVANCED_FACE('',(#5125),#5119,.T.);
#5127=FILL_AREA_STYLE_COLOUR('',#6);
#5128=FILL_AREA_STYLE('',(#5127));
#5129=SURFACE_STYLE_FILL_AREA(#5128);
#5130=SURFACE_SIDE_STYLE('',(#5129));
#5131=SURFACE_STYLE_USAGE(.POSITIVE.,#5130);
#5132=PRESENTATION_STYLE_ASSIGNMENT((#5131));
#5133=STYLED_ITEM('',(#5132),#5126);
#5134=CARTESIAN_POINT('',(2.35E0,2.E0,1.E-1));
#5135=DIRECTION('',(0.E0,1.E0,0.E0));
#5136=DIRECTION('',(0.E0,0.E0,-1.E0));
#5137=AXIS2_PLACEMENT_3D('',#5134,#5135,#5136);
#5138=PLANE('',#5137);
#5139=ORIENTED_EDGE('',*,*,#5064,.T.);
#5140=ORIENTED_EDGE('',*,*,#3957,.T.);
#5141=ORIENTED_EDGE('',*,*,#4007,.F.);
#5142=ORIENTED_EDGE('',*,*,#4057,.F.);
#5143=EDGE_LOOP('',(#5139,#5140,#5141,#5142));
#5144=FACE_OUTER_BOUND('',#5143,.F.);
#5145=ADVANCED_FACE('',(#5144),#5138,.T.);
#5146=FILL_AREA_STYLE_COLOUR('',#6);
#5147=FILL_AREA_STYLE('',(#5146));
#5148=SURFACE_STYLE_FILL_AREA(#5147);
#5149=SURFACE_SIDE_STYLE('',(#5148));
#5150=SURFACE_STYLE_USAGE(.BOTH.,#5149);
#5151=PRESENTATION_STYLE_ASSIGNMENT((#5150));
#5152=STYLED_ITEM('',(#5151),#5145);
#5153=CARTESIAN_POINT('',(3.6E0,3.102192E1,-4.5E0));
#5154=DIRECTION('',(0.E0,-1.E0,0.E0));
#5155=DIRECTION('',(-1.E0,0.E0,0.E0));
#5156=AXIS2_PLACEMENT_3D('',#5153,#5154,#5155);
#5157=CYLINDRICAL_SURFACE('',#5156,5.E-1);
#5159=ORIENTED_EDGE('',*,*,#5158,.F.);
#5161=ORIENTED_EDGE('',*,*,#5160,.T.);
#5162=ORIENTED_EDGE('',*,*,#4226,.T.);
#5164=ORIENTED_EDGE('',*,*,#5163,.T.);
#5165=EDGE_LOOP('',(#5159,#5161,#5162,#5164));
#5166=FACE_OUTER_BOUND('',#5165,.F.);
#5167=ADVANCED_FACE('',(#5166),#5157,.F.);
#5168=FILL_AREA_STYLE_COLOUR('',#4);
#5169=FILL_AREA_STYLE('',(#5168));
#5170=SURFACE_STYLE_FILL_AREA(#5169);
#5171=SURFACE_SIDE_STYLE('',(#5170));
#5172=SURFACE_STYLE_USAGE(.BOTH.,#5171);
#5173=PRESENTATION_STYLE_ASSIGNMENT((#5172));
#5174=STYLED_ITEM('',(#5173),#5167);
#5175=CARTESIAN_POINT('',(0.E0,0.E0,-4.8E0));
#5176=DIRECTION('',(0.E0,0.E0,-1.E0));
#5177=DIRECTION('',(0.E0,1.E0,0.E0));
#5178=AXIS2_PLACEMENT_3D('',#5175,#5176,#5177);
#5179=PLANE('',#5178);
#5181=ORIENTED_EDGE('',*,*,#5180,.F.);
#5183=ORIENTED_EDGE('',*,*,#5182,.F.);
#5185=ORIENTED_EDGE('',*,*,#5184,.F.);
#5187=ORIENTED_EDGE('',*,*,#5186,.F.);
#5189=ORIENTED_EDGE('',*,*,#5188,.F.);
#5191=ORIENTED_EDGE('',*,*,#5190,.F.);
#5193=ORIENTED_EDGE('',*,*,#5192,.F.);
#5195=ORIENTED_EDGE('',*,*,#5194,.F.);
#5196=EDGE_LOOP('',(#5181,#5183,#5185,#5187,#5189,#5191,#5193,#5195));
#5197=FACE_OUTER_BOUND('',#5196,.F.);
#5199=ORIENTED_EDGE('',*,*,#5198,.F.);
#5201=ORIENTED_EDGE('',*,*,#5200,.T.);
#5202=ORIENTED_EDGE('',*,*,#5158,.T.);
#5204=ORIENTED_EDGE('',*,*,#5203,.T.);
#5206=ORIENTED_EDGE('',*,*,#5205,.F.);
#5208=ORIENTED_EDGE('',*,*,#5207,.T.);
#5210=ORIENTED_EDGE('',*,*,#5209,.T.);
#5212=ORIENTED_EDGE('',*,*,#5211,.T.);
#5213=EDGE_LOOP('',(#5199,#5201,#5202,#5204,#5206,#5208,#5210,#5212));
#5214=FACE_BOUND('',#5213,.F.);
#5215=ADVANCED_FACE('',(#5197,#5214),#5179,.T.);
#5216=FILL_AREA_STYLE_COLOUR('',#14);
#5217=FILL_AREA_STYLE('',(#5216));
#5218=SURFACE_STYLE_FILL_AREA(#5217);
#5219=SURFACE_SIDE_STYLE('',(#5218));
#5220=SURFACE_STYLE_USAGE(.BOTH.,#5219);
#5221=PRESENTATION_STYLE_ASSIGNMENT((#5220));
#5222=STYLED_ITEM('',(#5221),#5215);
#5223=CARTESIAN_POINT('',(-3.E0,3.E0,-4.5E0));
#5224=DIRECTION('',(0.E0,0.E0,1.E0));
#5225=DIRECTION('',(-9.998709783989E-1,-1.606320502232E-2,0.E0));
#5226=AXIS2_PLACEMENT_3D('',#5223,#5224,#5225);
#5227=TOROIDAL_SURFACE('',#5226,2.2E0,3.E-1);
#5228=ORIENTED_EDGE('',*,*,#5180,.T.);
#5230=ORIENTED_EDGE('',*,*,#5229,.T.);
#5232=ORIENTED_EDGE('',*,*,#5231,.F.);
#5234=ORIENTED_EDGE('',*,*,#5233,.F.);
#5235=EDGE_LOOP('',(#5228,#5230,#5232,#5234));
#5236=FACE_OUTER_BOUND('',#5235,.F.);
#5237=ADVANCED_FACE('',(#5236),#5227,.T.);
#5238=FILL_AREA_STYLE_COLOUR('',#14);
#5239=FILL_AREA_STYLE('',(#5238));
#5240=SURFACE_STYLE_FILL_AREA(#5239);
#5241=SURFACE_SIDE_STYLE('',(#5240));
#5242=SURFACE_STYLE_USAGE(.BOTH.,#5241);
#5243=PRESENTATION_STYLE_ASSIGNMENT((#5242));
#5244=STYLED_ITEM('',(#5243),#5237);
#5245=CARTESIAN_POINT('',(-3.028270444700E0,5.2E0,-4.5E0));
#5246=DIRECTION('',(1.E0,0.E0,0.E0));
#5247=DIRECTION('',(0.E0,0.E0,-1.E0));
#5248=AXIS2_PLACEMENT_3D('',#5245,#5246,#5247);
#5249=CYLINDRICAL_SURFACE('',#5248,3.E-1);
#5250=ORIENTED_EDGE('',*,*,#5194,.T.);
#5252=ORIENTED_EDGE('',*,*,#5251,.T.);
#5254=ORIENTED_EDGE('',*,*,#5253,.F.);
#5255=ORIENTED_EDGE('',*,*,#5229,.F.);
#5256=EDGE_LOOP('',(#5250,#5252,#5254,#5255));
#5257=FACE_OUTER_BOUND('',#5256,.F.);
#5258=ADVANCED_FACE('',(#5257),#5249,.T.);
#5259=FILL_AREA_STYLE_COLOUR('',#14);
#5260=FILL_AREA_STYLE('',(#5259));
#5261=SURFACE_STYLE_FILL_AREA(#5260);
#5262=SURFACE_SIDE_STYLE('',(#5261));
#5263=SURFACE_STYLE_USAGE(.BOTH.,#5262);
#5264=PRESENTATION_STYLE_ASSIGNMENT((#5263));
#5265=STYLED_ITEM('',(#5264),#5258);
#5266=CARTESIAN_POINT('',(3.E0,3.E0,-4.5E0));
#5267=DIRECTION('',(0.E0,0.E0,1.E0));
#5268=DIRECTION('',(-1.606320502232E-2,9.998709783989E-1,0.E0));
#5269=AXIS2_PLACEMENT_3D('',#5266,#5267,#5268);
#5270=TOROIDAL_SURFACE('',#5269,2.2E0,3.E-1);
#5271=ORIENTED_EDGE('',*,*,#5192,.T.);
#5273=ORIENTED_EDGE('',*,*,#5272,.T.);
#5275=ORIENTED_EDGE('',*,*,#5274,.F.);
#5276=ORIENTED_EDGE('',*,*,#5251,.F.);
#5277=EDGE_LOOP('',(#5271,#5273,#5275,#5276));
#5278=FACE_OUTER_BOUND('',#5277,.F.);
#5279=ADVANCED_FACE('',(#5278),#5270,.T.);
#5280=FILL_AREA_STYLE_COLOUR('',#14);
#5281=FILL_AREA_STYLE('',(#5280));
#5282=SURFACE_STYLE_FILL_AREA(#5281);
#5283=SURFACE_SIDE_STYLE('',(#5282));
#5284=SURFACE_STYLE_USAGE(.BOTH.,#5283);
#5285=PRESENTATION_STYLE_ASSIGNMENT((#5284));
#5286=STYLED_ITEM('',(#5285),#5279);
#5287=CARTESIAN_POINT('',(5.2E0,3.028270444700E0,-4.5E0));
#5288=DIRECTION('',(0.E0,-1.E0,0.E0));
#5289=DIRECTION('',(0.E0,0.E0,-1.E0));
#5290=AXIS2_PLACEMENT_3D('',#5287,#5288,#5289);
#5291=CYLINDRICAL_SURFACE('',#5290,3.E-1);
#5292=ORIENTED_EDGE('',*,*,#5190,.T.);
#5294=ORIENTED_EDGE('',*,*,#5293,.T.);
#5296=ORIENTED_EDGE('',*,*,#5295,.F.);
#5297=ORIENTED_EDGE('',*,*,#5272,.F.);
#5298=EDGE_LOOP('',(#5292,#5294,#5296,#5297));
#5299=FACE_OUTER_BOUND('',#5298,.F.);
#5300=ADVANCED_FACE('',(#5299),#5291,.T.);
#5301=FILL_AREA_STYLE_COLOUR('',#14);
#5302=FILL_AREA_STYLE('',(#5301));
#5303=SURFACE_STYLE_FILL_AREA(#5302);
#5304=SURFACE_SIDE_STYLE('',(#5303));
#5305=SURFACE_STYLE_USAGE(.BOTH.,#5304);
#5306=PRESENTATION_STYLE_ASSIGNMENT((#5305));
#5307=STYLED_ITEM('',(#5306),#5300);
#5308=CARTESIAN_POINT('',(3.E0,-3.E0,-4.5E0));
#5309=DIRECTION('',(0.E0,0.E0,1.E0));
#5310=DIRECTION('',(9.998709783989E-1,1.606320502232E-2,0.E0));
#5311=AXIS2_PLACEMENT_3D('',#5308,#5309,#5310);
#5312=TOROIDAL_SURFACE('',#5311,2.2E0,3.E-1);
#5313=ORIENTED_EDGE('',*,*,#5188,.T.);
#5315=ORIENTED_EDGE('',*,*,#5314,.T.);
#5317=ORIENTED_EDGE('',*,*,#5316,.F.);
#5318=ORIENTED_EDGE('',*,*,#5293,.F.);
#5319=EDGE_LOOP('',(#5313,#5315,#5317,#5318));
#5320=FACE_OUTER_BOUND('',#5319,.F.);
#5321=ADVANCED_FACE('',(#5320),#5312,.T.);
#5322=FILL_AREA_STYLE_COLOUR('',#14);
#5323=FILL_AREA_STYLE('',(#5322));
#5324=SURFACE_STYLE_FILL_AREA(#5323);
#5325=SURFACE_SIDE_STYLE('',(#5324));
#5326=SURFACE_STYLE_USAGE(.BOTH.,#5325);
#5327=PRESENTATION_STYLE_ASSIGNMENT((#5326));
#5328=STYLED_ITEM('',(#5327),#5321);
#5329=CARTESIAN_POINT('',(3.028270444700E0,-5.2E0,-4.5E0));
#5330=DIRECTION('',(-1.E0,0.E0,0.E0));
#5331=DIRECTION('',(0.E0,0.E0,-1.E0));
#5332=AXIS2_PLACEMENT_3D('',#5329,#5330,#5331);
#5333=CYLINDRICAL_SURFACE('',#5332,3.E-1);
#5334=ORIENTED_EDGE('',*,*,#5186,.T.);
#5336=ORIENTED_EDGE('',*,*,#5335,.T.);
#5338=ORIENTED_EDGE('',*,*,#5337,.F.);
#5339=ORIENTED_EDGE('',*,*,#5314,.F.);
#5340=EDGE_LOOP('',(#5334,#5336,#5338,#5339));
#5341=FACE_OUTER_BOUND('',#5340,.F.);
#5342=ADVANCED_FACE('',(#5341),#5333,.T.);
#5343=FILL_AREA_STYLE_COLOUR('',#14);
#5344=FILL_AREA_STYLE('',(#5343));
#5345=SURFACE_STYLE_FILL_AREA(#5344);
#5346=SURFACE_SIDE_STYLE('',(#5345));
#5347=SURFACE_STYLE_USAGE(.BOTH.,#5346);
#5348=PRESENTATION_STYLE_ASSIGNMENT((#5347));
#5349=STYLED_ITEM('',(#5348),#5342);
#5350=CARTESIAN_POINT('',(-3.E0,-3.E0,-4.5E0));
#5351=DIRECTION('',(0.E0,0.E0,1.E0));
#5352=DIRECTION('',(1.606320502232E-2,-9.998709783989E-1,0.E0));
#5353=AXIS2_PLACEMENT_3D('',#5350,#5351,#5352);
#5354=TOROIDAL_SURFACE('',#5353,2.2E0,3.E-1);
#5355=ORIENTED_EDGE('',*,*,#5184,.T.);
#5357=ORIENTED_EDGE('',*,*,#5356,.T.);
#5359=ORIENTED_EDGE('',*,*,#5358,.F.);
#5360=ORIENTED_EDGE('',*,*,#5335,.F.);
#5361=EDGE_LOOP('',(#5355,#5357,#5359,#5360));
#5362=FACE_OUTER_BOUND('',#5361,.F.);
#5363=ADVANCED_FACE('',(#5362),#5354,.T.);
#5364=FILL_AREA_STYLE_COLOUR('',#14);
#5365=FILL_AREA_STYLE('',(#5364));
#5366=SURFACE_STYLE_FILL_AREA(#5365);
#5367=SURFACE_SIDE_STYLE('',(#5366));
#5368=SURFACE_STYLE_USAGE(.BOTH.,#5367);
#5369=PRESENTATION_STYLE_ASSIGNMENT((#5368));
#5370=STYLED_ITEM('',(#5369),#5363);
#5371=CARTESIAN_POINT('',(-5.2E0,-3.028270444700E0,-4.5E0));
#5372=DIRECTION('',(0.E0,1.E0,0.E0));
#5373=DIRECTION('',(0.E0,0.E0,-1.E0));
#5374=AXIS2_PLACEMENT_3D('',#5371,#5372,#5373);
#5375=CYLINDRICAL_SURFACE('',#5374,3.E-1);
#5376=ORIENTED_EDGE('',*,*,#5182,.T.);
#5377=ORIENTED_EDGE('',*,*,#5233,.T.);
#5379=ORIENTED_EDGE('',*,*,#5378,.F.);
#5380=ORIENTED_EDGE('',*,*,#5356,.F.);
#5381=EDGE_LOOP('',(#5376,#5377,#5379,#5380));
#5382=FACE_OUTER_BOUND('',#5381,.F.);
#5383=ADVANCED_FACE('',(#5382),#5375,.T.);
#5384=FILL_AREA_STYLE_COLOUR('',#14);
#5385=FILL_AREA_STYLE('',(#5384));
#5386=SURFACE_STYLE_FILL_AREA(#5385);
#5387=SURFACE_SIDE_STYLE('',(#5386));
#5388=SURFACE_STYLE_USAGE(.BOTH.,#5387);
#5389=PRESENTATION_STYLE_ASSIGNMENT((#5388));
#5390=STYLED_ITEM('',(#5389),#5383);
#5391=CARTESIAN_POINT('',(-5.5E0,-5.5E0,5.E0));
#5392=DIRECTION('',(-1.E0,0.E0,0.E0));
#5393=DIRECTION('',(0.E0,1.E0,0.E0));
#5394=AXIS2_PLACEMENT_3D('',#5391,#5392,#5393);
#5395=PLANE('',#5394);
#5396=ORIENTED_EDGE('',*,*,#5378,.T.);
#5398=ORIENTED_EDGE('',*,*,#5397,.T.);
#5400=ORIENTED_EDGE('',*,*,#5399,.T.);
#5402=ORIENTED_EDGE('',*,*,#5401,.F.);
#5403=EDGE_LOOP('',(#5396,#5398,#5400,#5402));
#5404=FACE_OUTER_BOUND('',#5403,.F.);
#5405=ADVANCED_FACE('',(#5404),#5395,.T.);
#5406=FILL_AREA_STYLE_COLOUR('',#14);
#5407=FILL_AREA_STYLE('',(#5406));
#5408=SURFACE_STYLE_FILL_AREA(#5407);
#5409=SURFACE_SIDE_STYLE('',(#5408));
#5410=SURFACE_STYLE_USAGE(.BOTH.,#5409);
#5411=PRESENTATION_STYLE_ASSIGNMENT((#5410));
#5412=STYLED_ITEM('',(#5411),#5405);
#5413=CARTESIAN_POINT('',(-3.E0,3.E0,-1.757528E1));
#5414=DIRECTION('',(0.E0,0.E0,1.E0));
#5415=DIRECTION('',(0.E0,1.E0,0.E0));
#5416=AXIS2_PLACEMENT_3D('',#5413,#5414,#5415);
#5417=CYLINDRICAL_SURFACE('',#5416,2.5E0);
#5418=ORIENTED_EDGE('',*,*,#5231,.T.);
#5420=ORIENTED_EDGE('',*,*,#5419,.T.);
#5422=ORIENTED_EDGE('',*,*,#5421,.T.);
#5423=ORIENTED_EDGE('',*,*,#5397,.F.);
#5424=EDGE_LOOP('',(#5418,#5420,#5422,#5423));
#5425=FACE_OUTER_BOUND('',#5424,.F.);
#5426=ADVANCED_FACE('',(#5425),#5417,.T.);
#5427=FILL_AREA_STYLE_COLOUR('',#14);
#5428=FILL_AREA_STYLE('',(#5427));
#5429=SURFACE_STYLE_FILL_AREA(#5428);
#5430=SURFACE_SIDE_STYLE('',(#5429));
#5431=SURFACE_STYLE_USAGE(.BOTH.,#5430);
#5432=PRESENTATION_STYLE_ASSIGNMENT((#5431));
#5433=STYLED_ITEM('',(#5432),#5426);
#5434=CARTESIAN_POINT('',(-5.5E0,5.5E0,5.E0));
#5435=DIRECTION('',(0.E0,1.E0,0.E0));
#5436=DIRECTION('',(1.E0,0.E0,0.E0));
#5437=AXIS2_PLACEMENT_3D('',#5434,#5435,#5436);
#5438=PLANE('',#5437);
#5439=ORIENTED_EDGE('',*,*,#5253,.T.);
#5441=ORIENTED_EDGE('',*,*,#5440,.T.);
#5443=ORIENTED_EDGE('',*,*,#5442,.T.);
#5444=ORIENTED_EDGE('',*,*,#5419,.F.);
#5445=EDGE_LOOP('',(#5439,#5441,#5443,#5444));
#5446=FACE_OUTER_BOUND('',#5445,.F.);
#5447=ADVANCED_FACE('',(#5446),#5438,.T.);
#5448=FILL_AREA_STYLE_COLOUR('',#14);
#5449=FILL_AREA_STYLE('',(#5448));
#5450=SURFACE_STYLE_FILL_AREA(#5449);
#5451=SURFACE_SIDE_STYLE('',(#5450));
#5452=SURFACE_STYLE_USAGE(.BOTH.,#5451);
#5453=PRESENTATION_STYLE_ASSIGNMENT((#5452));
#5454=STYLED_ITEM('',(#5453),#5447);
#5455=CARTESIAN_POINT('',(3.E0,3.E0,-1.757528E1));
#5456=DIRECTION('',(0.E0,0.E0,1.E0));
#5457=DIRECTION('',(1.E0,0.E0,0.E0));
#5458=AXIS2_PLACEMENT_3D('',#5455,#5456,#5457);
#5459=CYLINDRICAL_SURFACE('',#5458,2.5E0);
#5460=ORIENTED_EDGE('',*,*,#5274,.T.);
#5462=ORIENTED_EDGE('',*,*,#5461,.T.);
#5464=ORIENTED_EDGE('',*,*,#5463,.T.);
#5465=ORIENTED_EDGE('',*,*,#5440,.F.);
#5466=EDGE_LOOP('',(#5460,#5462,#5464,#5465));
#5467=FACE_OUTER_BOUND('',#5466,.F.);
#5468=ADVANCED_FACE('',(#5467),#5459,.T.);
#5469=FILL_AREA_STYLE_COLOUR('',#14);
#5470=FILL_AREA_STYLE('',(#5469));
#5471=SURFACE_STYLE_FILL_AREA(#5470);
#5472=SURFACE_SIDE_STYLE('',(#5471));
#5473=SURFACE_STYLE_USAGE(.BOTH.,#5472);
#5474=PRESENTATION_STYLE_ASSIGNMENT((#5473));
#5475=STYLED_ITEM('',(#5474),#5468);
#5476=CARTESIAN_POINT('',(5.5E0,5.5E0,5.E0));
#5477=DIRECTION('',(1.E0,0.E0,0.E0));
#5478=DIRECTION('',(0.E0,-1.E0,0.E0));
#5479=AXIS2_PLACEMENT_3D('',#5476,#5477,#5478);
#5480=PLANE('',#5479);
#5481=ORIENTED_EDGE('',*,*,#5295,.T.);
#5483=ORIENTED_EDGE('',*,*,#5482,.T.);
#5485=ORIENTED_EDGE('',*,*,#5484,.T.);
#5486=ORIENTED_EDGE('',*,*,#5461,.F.);
#5487=EDGE_LOOP('',(#5481,#5483,#5485,#5486));
#5488=FACE_OUTER_BOUND('',#5487,.F.);
#5489=ADVANCED_FACE('',(#5488),#5480,.T.);
#5490=FILL_AREA_STYLE_COLOUR('',#14);
#5491=FILL_AREA_STYLE('',(#5490));
#5492=SURFACE_STYLE_FILL_AREA(#5491);
#5493=SURFACE_SIDE_STYLE('',(#5492));
#5494=SURFACE_STYLE_USAGE(.BOTH.,#5493);
#5495=PRESENTATION_STYLE_ASSIGNMENT((#5494));
#5496=STYLED_ITEM('',(#5495),#5489);
#5497=CARTESIAN_POINT('',(3.E0,-3.E0,-1.757528E1));
#5498=DIRECTION('',(0.E0,0.E0,1.E0));
#5499=DIRECTION('',(0.E0,-1.E0,0.E0));
#5500=AXIS2_PLACEMENT_3D('',#5497,#5498,#5499);
#5501=CYLINDRICAL_SURFACE('',#5500,2.5E0);
#5502=ORIENTED_EDGE('',*,*,#5316,.T.);
#5504=ORIENTED_EDGE('',*,*,#5503,.T.);
#5506=ORIENTED_EDGE('',*,*,#5505,.T.);
#5507=ORIENTED_EDGE('',*,*,#5482,.F.);
#5508=EDGE_LOOP('',(#5502,#5504,#5506,#5507));
#5509=FACE_OUTER_BOUND('',#5508,.F.);
#5510=ADVANCED_FACE('',(#5509),#5501,.T.);
#5511=FILL_AREA_STYLE_COLOUR('',#14);
#5512=FILL_AREA_STYLE('',(#5511));
#5513=SURFACE_STYLE_FILL_AREA(#5512);
#5514=SURFACE_SIDE_STYLE('',(#5513));
#5515=SURFACE_STYLE_USAGE(.BOTH.,#5514);
#5516=PRESENTATION_STYLE_ASSIGNMENT((#5515));
#5517=STYLED_ITEM('',(#5516),#5510);
#5518=CARTESIAN_POINT('',(5.5E0,-5.5E0,5.E0));
#5519=DIRECTION('',(0.E0,-1.E0,0.E0));
#5520=DIRECTION('',(-1.E0,0.E0,0.E0));
#5521=AXIS2_PLACEMENT_3D('',#5518,#5519,#5520);
#5522=PLANE('',#5521);
#5523=ORIENTED_EDGE('',*,*,#5337,.T.);
#5525=ORIENTED_EDGE('',*,*,#5524,.T.);
#5527=ORIENTED_EDGE('',*,*,#5526,.T.);
#5528=ORIENTED_EDGE('',*,*,#5503,.F.);
#5529=EDGE_LOOP('',(#5523,#5525,#5527,#5528));
#5530=FACE_OUTER_BOUND('',#5529,.F.);
#5531=ADVANCED_FACE('',(#5530),#5522,.T.);
#5532=FILL_AREA_STYLE_COLOUR('',#14);
#5533=FILL_AREA_STYLE('',(#5532));
#5534=SURFACE_STYLE_FILL_AREA(#5533);
#5535=SURFACE_SIDE_STYLE('',(#5534));
#5536=SURFACE_STYLE_USAGE(.BOTH.,#5535);
#5537=PRESENTATION_STYLE_ASSIGNMENT((#5536));
#5538=STYLED_ITEM('',(#5537),#5531);
#5539=CARTESIAN_POINT('',(-3.E0,-3.E0,-1.757528E1));
#5540=DIRECTION('',(0.E0,0.E0,1.E0));
#5541=DIRECTION('',(-1.E0,0.E0,0.E0));
#5542=AXIS2_PLACEMENT_3D('',#5539,#5540,#5541);
#5543=CYLINDRICAL_SURFACE('',#5542,2.5E0);
#5544=ORIENTED_EDGE('',*,*,#5358,.T.);
#5545=ORIENTED_EDGE('',*,*,#5401,.T.);
#5547=ORIENTED_EDGE('',*,*,#5546,.T.);
#5548=ORIENTED_EDGE('',*,*,#5524,.F.);
#5549=EDGE_LOOP('',(#5544,#5545,#5547,#5548));
#5550=FACE_OUTER_BOUND('',#5549,.F.);
#5551=ADVANCED_FACE('',(#5550),#5543,.T.);
#5552=FILL_AREA_STYLE_COLOUR('',#14);
#5553=FILL_AREA_STYLE('',(#5552));
#5554=SURFACE_STYLE_FILL_AREA(#5553);
#5555=SURFACE_SIDE_STYLE('',(#5554));
#5556=SURFACE_STYLE_USAGE(.BOTH.,#5555);
#5557=PRESENTATION_STYLE_ASSIGNMENT((#5556));
#5558=STYLED_ITEM('',(#5557),#5551);
#5559=CARTESIAN_POINT('',(-3.E0,-3.E0,4.7E0));
#5560=DIRECTION('',(0.E0,0.E0,1.E0));
#5561=DIRECTION('',(-9.999360632378E-1,1.130793687640E-2,0.E0));
#5562=AXIS2_PLACEMENT_3D('',#5559,#5560,#5561);
#5563=TOROIDAL_SURFACE('',#5562,2.2E0,3.E-1);
#5565=ORIENTED_EDGE('',*,*,#5564,.T.);
#5567=ORIENTED_EDGE('',*,*,#5566,.T.);
#5568=ORIENTED_EDGE('',*,*,#5546,.F.);
#5570=ORIENTED_EDGE('',*,*,#5569,.F.);
#5572=ORIENTED_EDGE('',*,*,#5571,.T.);
#5573=EDGE_LOOP('',(#5565,#5567,#5568,#5570,#5572));
#5574=FACE_OUTER_BOUND('',#5573,.F.);
#5575=ADVANCED_FACE('',(#5574),#5563,.T.);
#5576=FILL_AREA_STYLE_COLOUR('',#14);
#5577=FILL_AREA_STYLE('',(#5576));
#5578=SURFACE_STYLE_FILL_AREA(#5577);
#5579=SURFACE_SIDE_STYLE('',(#5578));
#5580=SURFACE_STYLE_USAGE(.BOTH.,#5579);
#5581=PRESENTATION_STYLE_ASSIGNMENT((#5580));
#5582=STYLED_ITEM('',(#5581),#5575);
#5583=CARTESIAN_POINT('',(0.E0,0.E0,5.E0));
#5584=DIRECTION('',(0.E0,0.E0,1.E0));
#5585=DIRECTION('',(1.E0,0.E0,0.E0));
#5586=AXIS2_PLACEMENT_3D('',#5583,#5584,#5585);
#5587=PLANE('',#5586);
#5589=ORIENTED_EDGE('',*,*,#5588,.F.);
#5591=ORIENTED_EDGE('',*,*,#5590,.F.);
#5592=ORIENTED_EDGE('',*,*,#5564,.F.);
#5594=ORIENTED_EDGE('',*,*,#5593,.F.);
#5596=ORIENTED_EDGE('',*,*,#5595,.T.);
#5598=ORIENTED_EDGE('',*,*,#5597,.F.);
#5600=ORIENTED_EDGE('',*,*,#5599,.F.);
#5602=ORIENTED_EDGE('',*,*,#5601,.T.);
#5604=ORIENTED_EDGE('',*,*,#5603,.T.);
#5606=ORIENTED_EDGE('',*,*,#5605,.T.);
#5608=ORIENTED_EDGE('',*,*,#5607,.T.);
#5610=ORIENTED_EDGE('',*,*,#5609,.F.);
#5612=ORIENTED_EDGE('',*,*,#5611,.T.);
#5614=ORIENTED_EDGE('',*,*,#5613,.F.);
#5615=EDGE_LOOP('',(#5589,#5591,#5592,#5594,#5596,#5598,#5600,#5602,#5604,#5606,
#5608,#5610,#5612,#5614));
#5616=FACE_OUTER_BOUND('',#5615,.F.);
#5617=ADVANCED_FACE('',(#5616),#5587,.F.);
#5618=FILL_AREA_STYLE_COLOUR('',#4);
#5619=FILL_AREA_STYLE('',(#5618));
#5620=SURFACE_STYLE_FILL_AREA(#5619);
#5621=SURFACE_SIDE_STYLE('',(#5620));
#5622=SURFACE_STYLE_USAGE(.BOTH.,#5621);
#5623=PRESENTATION_STYLE_ASSIGNMENT((#5622));
#5624=STYLED_ITEM('',(#5623),#5617);
#5625=CARTESIAN_POINT('',(3.E0,-3.E0,4.7E0));
#5626=DIRECTION('',(0.E0,0.E0,1.E0));
#5627=DIRECTION('',(-1.130793687640E-2,-9.999360632378E-1,0.E0));
#5628=AXIS2_PLACEMENT_3D('',#5625,#5626,#5627);
#5629=TOROIDAL_SURFACE('',#5628,2.2E0,3.E-1);
#5630=ORIENTED_EDGE('',*,*,#5588,.T.);
#5632=ORIENTED_EDGE('',*,*,#5631,.T.);
#5634=ORIENTED_EDGE('',*,*,#5633,.T.);
#5635=ORIENTED_EDGE('',*,*,#5505,.F.);
#5637=ORIENTED_EDGE('',*,*,#5636,.F.);
#5638=EDGE_LOOP('',(#5630,#5632,#5634,#5635,#5637));
#5639=FACE_OUTER_BOUND('',#5638,.F.);
#5640=ADVANCED_FACE('',(#5639),#5629,.T.);
#5641=FILL_AREA_STYLE_COLOUR('',#14);
#5642=FILL_AREA_STYLE('',(#5641));
#5643=SURFACE_STYLE_FILL_AREA(#5642);
#5644=SURFACE_SIDE_STYLE('',(#5643));
#5645=SURFACE_STYLE_USAGE(.BOTH.,#5644);
#5646=PRESENTATION_STYLE_ASSIGNMENT((#5645));
#5647=STYLED_ITEM('',(#5646),#5640);
#5648=CARTESIAN_POINT('',(0.E0,0.E0,5.E0));
#5649=DIRECTION('',(0.E0,0.E0,-1.E0));
#5650=DIRECTION('',(0.E0,1.E0,0.E0));
#5651=AXIS2_PLACEMENT_3D('',#5648,#5649,#5650);
#5652=PLANE('',#5651);
#5654=ORIENTED_EDGE('',*,*,#5653,.F.);
#5656=ORIENTED_EDGE('',*,*,#5655,.F.);
#5658=ORIENTED_EDGE('',*,*,#5657,.F.);
#5660=ORIENTED_EDGE('',*,*,#5659,.F.);
#5662=ORIENTED_EDGE('',*,*,#5661,.F.);
#5664=ORIENTED_EDGE('',*,*,#5663,.F.);
#5666=ORIENTED_EDGE('',*,*,#5665,.F.);
#5668=ORIENTED_EDGE('',*,*,#5667,.F.);
#5670=ORIENTED_EDGE('',*,*,#5669,.F.);
#5671=ORIENTED_EDGE('',*,*,#5631,.F.);
#5672=EDGE_LOOP('',(#5654,#5656,#5658,#5660,#5662,#5664,#5666,#5668,#5670,
#5671));
#5673=FACE_OUTER_BOUND('',#5672,.F.);
#5674=ADVANCED_FACE('',(#5673),#5652,.F.);
#5675=FILL_AREA_STYLE_COLOUR('',#14);
#5676=FILL_AREA_STYLE('',(#5675));
#5677=SURFACE_STYLE_FILL_AREA(#5676);
#5678=SURFACE_SIDE_STYLE('',(#5677));
#5679=SURFACE_STYLE_USAGE(.POSITIVE.,#5678);
#5680=PRESENTATION_STYLE_ASSIGNMENT((#5679));
#5681=STYLED_ITEM('',(#5680),#5674);
#5682=CARTESIAN_POINT('',(3.851330918661E0,-2.968427088711E0,5.5E0));
#5683=DIRECTION('',(9.815130841198E-1,-1.913950514034E-1,0.E0));
#5684=DIRECTION('',(0.E0,0.E0,-1.E0));
#5685=AXIS2_PLACEMENT_3D('',#5682,#5683,#5684);
#5686=CYLINDRICAL_SURFACE('',#5685,5.E-1);
#5687=ORIENTED_EDGE('',*,*,#5653,.T.);
#5688=ORIENTED_EDGE('',*,*,#5613,.T.);
#5690=ORIENTED_EDGE('',*,*,#5689,.T.);
#5692=ORIENTED_EDGE('',*,*,#5691,.F.);
#5694=ORIENTED_EDGE('',*,*,#5693,.F.);
#5695=EDGE_LOOP('',(#5687,#5688,#5690,#5692,#5694));
#5696=FACE_OUTER_BOUND('',#5695,.F.);
#5697=ADVANCED_FACE('',(#5696),#5686,.T.);
#5698=FILL_AREA_STYLE_COLOUR('',#4);
#5699=FILL_AREA_STYLE('',(#5698));
#5700=SURFACE_STYLE_FILL_AREA(#5699);
#5701=SURFACE_SIDE_STYLE('',(#5700));
#5702=SURFACE_STYLE_USAGE(.BOTH.,#5701);
#5703=PRESENTATION_STYLE_ASSIGNMENT((#5702));
#5704=STYLED_ITEM('',(#5703),#5697);
#5705=CARTESIAN_POINT('',(5.6E0,-5.55E0,5.E0));
#5706=DIRECTION('',(1.E0,0.E0,0.E0));
#5707=DIRECTION('',(0.E0,1.E0,0.E0));
#5708=AXIS2_PLACEMENT_3D('',#5705,#5706,#5707);
#5709=PLANE('',#5708);
#5711=ORIENTED_EDGE('',*,*,#5710,.F.);
#5713=ORIENTED_EDGE('',*,*,#5712,.T.);
#5715=ORIENTED_EDGE('',*,*,#5714,.F.);
#5716=ORIENTED_EDGE('',*,*,#5689,.F.);
#5717=ORIENTED_EDGE('',*,*,#5611,.F.);
#5718=EDGE_LOOP('',(#5711,#5713,#5715,#5716,#5717));
#5719=FACE_OUTER_BOUND('',#5718,.F.);
#5720=ADVANCED_FACE('',(#5719),#5709,.T.);
#5721=FILL_AREA_STYLE_COLOUR('',#4);
#5722=FILL_AREA_STYLE('',(#5721));
#5723=SURFACE_STYLE_FILL_AREA(#5722);
#5724=SURFACE_SIDE_STYLE('',(#5723));
#5725=SURFACE_STYLE_USAGE(.BOTH.,#5724);
#5726=PRESENTATION_STYLE_ASSIGNMENT((#5725));
#5727=STYLED_ITEM('',(#5726),#5720);
#5728=CARTESIAN_POINT('',(5.1E0,-4.297502066907E0,3.129156E1));
#5729=DIRECTION('',(0.E0,0.E0,-1.E0));
#5730=DIRECTION('',(1.E0,0.E0,0.E0));
#5731=AXIS2_PLACEMENT_3D('',#5728,#5729,#5730);
#5732=CYLINDRICAL_SURFACE('',#5731,5.E-1);
#5733=ORIENTED_EDGE('',*,*,#5609,.T.);
#5735=ORIENTED_EDGE('',*,*,#5734,.F.);
#5737=ORIENTED_EDGE('',*,*,#5736,.T.);
#5738=ORIENTED_EDGE('',*,*,#5710,.T.);
#5739=EDGE_LOOP('',(#5733,#5735,#5737,#5738));
#5740=FACE_OUTER_BOUND('',#5739,.F.);
#5741=ADVANCED_FACE('',(#5740),#5732,.T.);
#5742=FILL_AREA_STYLE_COLOUR('',#4);
#5743=FILL_AREA_STYLE('',(#5742));
#5744=SURFACE_STYLE_FILL_AREA(#5743);
#5745=SURFACE_SIDE_STYLE('',(#5744));
#5746=SURFACE_STYLE_USAGE(.BOTH.,#5745);
#5747=PRESENTATION_STYLE_ASSIGNMENT((#5746));
#5748=STYLED_ITEM('',(#5747),#5741);
#5749=CARTESIAN_POINT('',(4.49E0,-5.55E0,9.E0));
#5750=DIRECTION('',(6.819983600625E-1,-7.313537016192E-1,0.E0));
#5751=DIRECTION('',(7.313537016192E-1,6.819983600625E-1,0.E0));
#5752=AXIS2_PLACEMENT_3D('',#5749,#5750,#5751);
#5753=PLANE('',#5752);
#5754=ORIENTED_EDGE('',*,*,#5734,.T.);
#5755=ORIENTED_EDGE('',*,*,#5607,.F.);
#5757=ORIENTED_EDGE('',*,*,#5756,.F.);
#5759=ORIENTED_EDGE('',*,*,#5758,.T.);
#5760=EDGE_LOOP('',(#5754,#5755,#5757,#5759));
#5761=FACE_OUTER_BOUND('',#5760,.F.);
#5762=ADVANCED_FACE('',(#5761),#5753,.T.);
#5763=FILL_AREA_STYLE_COLOUR('',#4);
#5764=FILL_AREA_STYLE('',(#5763));
#5765=SURFACE_STYLE_FILL_AREA(#5764);
#5766=SURFACE_SIDE_STYLE('',(#5765));
#5767=SURFACE_STYLE_USAGE(.BOTH.,#5766);
#5768=PRESENTATION_STYLE_ASSIGNMENT((#5767));
#5769=STYLED_ITEM('',(#5768),#5762);
#5770=CARTESIAN_POINT('',(4.49E0,-9.860499301810E0,9.E0));
#5771=DIRECTION('',(1.E0,0.E0,0.E0));
#5772=DIRECTION('',(0.E0,1.E0,0.E0));
#5773=AXIS2_PLACEMENT_3D('',#5770,#5771,#5772);
#5774=PLANE('',#5773);
#5776=ORIENTED_EDGE('',*,*,#5775,.T.);
#5778=ORIENTED_EDGE('',*,*,#5777,.T.);
#5780=ORIENTED_EDGE('',*,*,#5779,.F.);
#5782=ORIENTED_EDGE('',*,*,#5781,.T.);
#5783=ORIENTED_EDGE('',*,*,#5756,.T.);
#5785=ORIENTED_EDGE('',*,*,#5784,.F.);
#5787=ORIENTED_EDGE('',*,*,#5786,.F.);
#5788=EDGE_LOOP('',(#5776,#5778,#5780,#5782,#5783,#5785,#5787));
#5789=FACE_OUTER_BOUND('',#5788,.F.);
#5790=ADVANCED_FACE('',(#5789),#5774,.T.);
#5791=FILL_AREA_STYLE_COLOUR('',#4);
#5792=FILL_AREA_STYLE('',(#5791));
#5793=SURFACE_STYLE_FILL_AREA(#5792);
#5794=SURFACE_SIDE_STYLE('',(#5793));
#5795=SURFACE_STYLE_USAGE(.BOTH.,#5794);
#5796=PRESENTATION_STYLE_ASSIGNMENT((#5795));
#5797=STYLED_ITEM('',(#5796),#5790);
#5798=CARTESIAN_POINT('',(3.99E0,-8.1E0,-3.234696E1));
#5799=DIRECTION('',(0.E0,0.E0,1.E0));
#5800=DIRECTION('',(0.E0,-1.E0,0.E0));
#5801=AXIS2_PLACEMENT_3D('',#5798,#5799,#5800);
#5802=CYLINDRICAL_SURFACE('',#5801,5.E-1);
#5804=ORIENTED_EDGE('',*,*,#5803,.T.);
#5805=ORIENTED_EDGE('',*,*,#5775,.F.);
#5807=ORIENTED_EDGE('',*,*,#5806,.T.);
#5809=ORIENTED_EDGE('',*,*,#5808,.T.);
#5810=EDGE_LOOP('',(#5804,#5805,#5807,#5809));
#5811=FACE_OUTER_BOUND('',#5810,.F.);
#5812=ADVANCED_FACE('',(#5811),#5802,.T.);
#5813=FILL_AREA_STYLE_COLOUR('',#4);
#5814=FILL_AREA_STYLE('',(#5813));
#5815=SURFACE_STYLE_FILL_AREA(#5814);
#5816=SURFACE_SIDE_STYLE('',(#5815));
#5817=SURFACE_STYLE_USAGE(.BOTH.,#5816);
#5818=PRESENTATION_STYLE_ASSIGNMENT((#5817));
#5819=STYLED_ITEM('',(#5818),#5812);
#5820=CARTESIAN_POINT('',(0.E0,0.E0,1.05E1));
#5821=DIRECTION('',(0.E0,0.E0,1.E0));
#5822=DIRECTION('',(0.E0,1.E0,0.E0));
#5823=AXIS2_PLACEMENT_3D('',#5820,#5821,#5822);
#5824=PLANE('',#5823);
#5825=ORIENTED_EDGE('',*,*,#5803,.F.);
#5827=ORIENTED_EDGE('',*,*,#5826,.F.);
#5829=ORIENTED_EDGE('',*,*,#5828,.F.);
#5831=ORIENTED_EDGE('',*,*,#5830,.F.);
#5833=ORIENTED_EDGE('',*,*,#5832,.F.);
#5834=ORIENTED_EDGE('',*,*,#5777,.F.);
#5835=EDGE_LOOP('',(#5825,#5827,#5829,#5831,#5833,#5834));
#5836=FACE_OUTER_BOUND('',#5835,.F.);
#5837=ADVANCED_FACE('',(#5836),#5824,.T.);
#5838=FILL_AREA_STYLE_COLOUR('',#4);
#5839=FILL_AREA_STYLE('',(#5838));
#5840=SURFACE_STYLE_FILL_AREA(#5839);
#5841=SURFACE_SIDE_STYLE('',(#5840));
#5842=SURFACE_STYLE_USAGE(.BOTH.,#5841);
#5843=PRESENTATION_STYLE_ASSIGNMENT((#5842));
#5844=STYLED_ITEM('',(#5843),#5837);
#5845=CARTESIAN_POINT('',(2.4E0,-8.6E0,5.7E0));
#5846=DIRECTION('',(0.E0,-1.E0,0.E0));
#5847=DIRECTION('',(1.E0,0.E0,0.E0));
#5848=AXIS2_PLACEMENT_3D('',#5845,#5846,#5847);
#5849=PLANE('',#5848);
#5850=ORIENTED_EDGE('',*,*,#5808,.F.);
#5852=ORIENTED_EDGE('',*,*,#5851,.F.);
#5854=ORIENTED_EDGE('',*,*,#5853,.F.);
#5856=ORIENTED_EDGE('',*,*,#5855,.F.);
#5857=ORIENTED_EDGE('',*,*,#5826,.T.);
#5858=EDGE_LOOP('',(#5850,#5852,#5854,#5856,#5857));
#5859=FACE_OUTER_BOUND('',#5858,.F.);
#5860=ADVANCED_FACE('',(#5859),#5849,.T.);
#5861=FILL_AREA_STYLE_COLOUR('',#4);
#5862=FILL_AREA_STYLE('',(#5861));
#5863=SURFACE_STYLE_FILL_AREA(#5862);
#5864=SURFACE_SIDE_STYLE('',(#5863));
#5865=SURFACE_STYLE_USAGE(.BOTH.,#5864);
#5866=PRESENTATION_STYLE_ASSIGNMENT((#5865));
#5867=STYLED_ITEM('',(#5866),#5860);
#5868=CARTESIAN_POINT('',(0.E0,0.E0,5.7E0));
#5869=DIRECTION('',(0.E0,0.E0,1.E0));
#5870=DIRECTION('',(0.E0,1.E0,0.E0));
#5871=AXIS2_PLACEMENT_3D('',#5868,#5869,#5870);
#5872=PLANE('',#5871);
#5873=ORIENTED_EDGE('',*,*,#5806,.F.);
#5874=ORIENTED_EDGE('',*,*,#5786,.T.);
#5876=ORIENTED_EDGE('',*,*,#5875,.F.);
#5878=ORIENTED_EDGE('',*,*,#5877,.T.);
#5880=ORIENTED_EDGE('',*,*,#5879,.F.);
#5881=ORIENTED_EDGE('',*,*,#5851,.T.);
#5882=EDGE_LOOP('',(#5873,#5874,#5876,#5878,#5880,#5881));
#5883=FACE_OUTER_BOUND('',#5882,.F.);
#5884=ADVANCED_FACE('',(#5883),#5872,.F.);
#5885=FILL_AREA_STYLE_COLOUR('',#4);
#5886=FILL_AREA_STYLE('',(#5885));
#5887=SURFACE_STYLE_FILL_AREA(#5886);
#5888=SURFACE_SIDE_STYLE('',(#5887));
#5889=SURFACE_STYLE_USAGE(.BOTH.,#5888);
#5890=PRESENTATION_STYLE_ASSIGNMENT((#5889));
#5891=STYLED_ITEM('',(#5890),#5884);
#5892=CARTESIAN_POINT('',(3.445E0,-5.8E0,5.35E0));
#5893=DIRECTION('',(0.E0,-8.137334712067E-1,-5.812381937191E-1));
#5894=DIRECTION('',(0.E0,5.812381937191E-1,-8.137334712067E-1));
#5895=AXIS2_PLACEMENT_3D('',#5892,#5893,#5894);
#5896=PLANE('',#5895);
#5897=ORIENTED_EDGE('',*,*,#5875,.T.);
#5898=ORIENTED_EDGE('',*,*,#5784,.T.);
#5899=ORIENTED_EDGE('',*,*,#5605,.F.);
#5901=ORIENTED_EDGE('',*,*,#5900,.T.);
#5902=EDGE_LOOP('',(#5897,#5898,#5899,#5901));
#5903=FACE_OUTER_BOUND('',#5902,.F.);
#5904=ADVANCED_FACE('',(#5903),#5896,.T.);
#5905=FILL_AREA_STYLE_COLOUR('',#4);
#5906=FILL_AREA_STYLE('',(#5905));
#5907=SURFACE_STYLE_FILL_AREA(#5906);
#5908=SURFACE_SIDE_STYLE('',(#5907));
#5909=SURFACE_STYLE_USAGE(.BOTH.,#5908);
#5910=PRESENTATION_STYLE_ASSIGNMENT((#5909));
#5911=STYLED_ITEM('',(#5910),#5904);
#5912=CARTESIAN_POINT('',(2.4E0,2.4E0,-5.E0));
#5913=DIRECTION('',(-1.E0,0.E0,0.E0));
#5914=DIRECTION('',(0.E0,-1.E0,0.E0));
#5915=AXIS2_PLACEMENT_3D('',#5912,#5913,#5914);
#5916=PLANE('',#5915);
#5918=ORIENTED_EDGE('',*,*,#5917,.T.);
#5919=ORIENTED_EDGE('',*,*,#5900,.F.);
#5921=ORIENTED_EDGE('',*,*,#5920,.T.);
#5922=EDGE_LOOP('',(#5918,#5919,#5921));
#5923=FACE_OUTER_BOUND('',#5922,.F.);
#5924=ADVANCED_FACE('',(#5923),#5916,.T.);
#5925=FILL_AREA_STYLE_COLOUR('',#4);
#5926=FILL_AREA_STYLE('',(#5925));
#5927=SURFACE_STYLE_FILL_AREA(#5926);
#5928=SURFACE_SIDE_STYLE('',(#5927));
#5929=SURFACE_STYLE_USAGE(.POSITIVE.,#5928);
#5930=PRESENTATION_STYLE_ASSIGNMENT((#5929));
#5931=STYLED_ITEM('',(#5930),#5924);
#5932=CARTESIAN_POINT('',(2.981520598527E0,1.47E1,1.234681085630E1));
#5933=DIRECTION('',(9.961946980917E-1,0.E0,-8.715574274766E-2));
#5934=DIRECTION('',(-8.715574274766E-2,0.E0,-9.961946980917E-1));
#5935=AXIS2_PLACEMENT_3D('',#5932,#5933,#5934);
#5936=PLANE('',#5935);
#5938=ORIENTED_EDGE('',*,*,#5937,.T.);
#5939=ORIENTED_EDGE('',*,*,#5877,.F.);
#5940=ORIENTED_EDGE('',*,*,#5917,.F.);
#5942=ORIENTED_EDGE('',*,*,#5941,.F.);
#5944=ORIENTED_EDGE('',*,*,#5943,.F.);
#5946=ORIENTED_EDGE('',*,*,#5945,.F.);
#5948=ORIENTED_EDGE('',*,*,#5947,.F.);
#5950=ORIENTED_EDGE('',*,*,#5949,.F.);
#5952=ORIENTED_EDGE('',*,*,#5951,.T.);
#5954=ORIENTED_EDGE('',*,*,#5953,.T.);
#5956=ORIENTED_EDGE('',*,*,#5955,.F.);
#5958=ORIENTED_EDGE('',*,*,#5957,.F.);
#5959=EDGE_LOOP('',(#5938,#5939,#5940,#5942,#5944,#5946,#5948,#5950,#5952,#5954,
#5956,#5958));
#5960=FACE_OUTER_BOUND('',#5959,.F.);
#5961=ADVANCED_FACE('',(#5960),#5936,.F.);
#5962=FILL_AREA_STYLE_COLOUR('',#4);
#5963=FILL_AREA_STYLE('',(#5962));
#5964=SURFACE_STYLE_FILL_AREA(#5963);
#5965=SURFACE_SIDE_STYLE('',(#5964));
#5966=SURFACE_STYLE_USAGE(.BOTH.,#5965);
#5967=PRESENTATION_STYLE_ASSIGNMENT((#5966));
#5968=STYLED_ITEM('',(#5967),#5961);
#5969=CARTESIAN_POINT('',(5.443189628663E0,-8.1E0,3.474696E1));
#5970=DIRECTION('',(-8.715574274766E-2,0.E0,-9.961946980917E-1));
#5971=DIRECTION('',(0.E0,-1.E0,0.E0));
#5972=AXIS2_PLACEMENT_3D('',#5969,#5970,#5971);
#5973=CYLINDRICAL_SURFACE('',#5972,5.E-1);
#5974=ORIENTED_EDGE('',*,*,#5879,.T.);
#5975=ORIENTED_EDGE('',*,*,#5937,.F.);
#5977=ORIENTED_EDGE('',*,*,#5976,.T.);
#5978=ORIENTED_EDGE('',*,*,#5853,.T.);
#5979=EDGE_LOOP('',(#5974,#5975,#5977,#5978));
#5980=FACE_OUTER_BOUND('',#5979,.F.);
#5981=ADVANCED_FACE('',(#5980),#5973,.T.);
#5982=FILL_AREA_STYLE_COLOUR('',#4);
#5983=FILL_AREA_STYLE('',(#5982));
#5984=SURFACE_STYLE_FILL_AREA(#5983);
#5985=SURFACE_SIDE_STYLE('',(#5984));
#5986=SURFACE_STYLE_USAGE(.BOTH.,#5985);
#5987=PRESENTATION_STYLE_ASSIGNMENT((#5986));
#5988=STYLED_ITEM('',(#5987),#5981);
#5989=CARTESIAN_POINT('',(3.188712589636E0,-8.1E0,3.474696E1));
#5990=DIRECTION('',(0.E0,0.E0,-1.E0));
#5991=DIRECTION('',(0.E0,-1.E0,0.E0));
#5992=AXIS2_PLACEMENT_3D('',#5989,#5990,#5991);
#5993=CYLINDRICAL_SURFACE('',#5992,5.E-1);
#5994=ORIENTED_EDGE('',*,*,#5828,.T.);
#5995=ORIENTED_EDGE('',*,*,#5855,.T.);
#5996=ORIENTED_EDGE('',*,*,#5976,.F.);
#5998=ORIENTED_EDGE('',*,*,#5997,.F.);
#5999=EDGE_LOOP('',(#5994,#5995,#5996,#5998));
#6000=FACE_OUTER_BOUND('',#5999,.F.);
#6001=ADVANCED_FACE('',(#6000),#5993,.T.);
#6002=FILL_AREA_STYLE_COLOUR('',#4);
#6003=FILL_AREA_STYLE('',(#6002));
#6004=SURFACE_STYLE_FILL_AREA(#6003);
#6005=SURFACE_SIDE_STYLE('',(#6004));
#6006=SURFACE_STYLE_USAGE(.BOTH.,#6005);
#6007=PRESENTATION_STYLE_ASSIGNMENT((#6006));
#6008=STYLED_ITEM('',(#6007),#6001);
#6009=CARTESIAN_POINT('',(2.688712589636E0,-7.1E0,9.E0));
#6010=DIRECTION('',(-1.E0,0.E0,0.E0));
#6011=DIRECTION('',(0.E0,-1.E0,0.E0));
#6012=AXIS2_PLACEMENT_3D('',#6009,#6010,#6011);
#6013=PLANE('',#6012);
#6014=ORIENTED_EDGE('',*,*,#5997,.T.);
#6015=ORIENTED_EDGE('',*,*,#5957,.T.);
#6017=ORIENTED_EDGE('',*,*,#6016,.T.);
#6018=ORIENTED_EDGE('',*,*,#5830,.T.);
#6019=EDGE_LOOP('',(#6014,#6015,#6017,#6018));
#6020=FACE_OUTER_BOUND('',#6019,.F.);
#6021=ADVANCED_FACE('',(#6020),#6013,.T.);
#6022=FILL_AREA_STYLE_COLOUR('',#4);
#6023=FILL_AREA_STYLE('',(#6022));
#6024=SURFACE_STYLE_FILL_AREA(#6023);
#6025=SURFACE_SIDE_STYLE('',(#6024));
#6026=SURFACE_STYLE_USAGE(.BOTH.,#6025);
#6027=PRESENTATION_STYLE_ASSIGNMENT((#6026));
#6028=STYLED_ITEM('',(#6027),#6021);
#6029=CARTESIAN_POINT('',(4.49E0,-7.1E0,9.E0));
#6030=DIRECTION('',(0.E0,1.E0,0.E0));
#6031=DIRECTION('',(-1.E0,0.E0,0.E0));
#6032=AXIS2_PLACEMENT_3D('',#6029,#6030,#6031);
#6033=PLANE('',#6032);
#6035=ORIENTED_EDGE('',*,*,#6034,.F.);
#6036=ORIENTED_EDGE('',*,*,#5779,.T.);
#6037=ORIENTED_EDGE('',*,*,#5832,.T.);
#6038=ORIENTED_EDGE('',*,*,#6016,.F.);
#6039=EDGE_LOOP('',(#6035,#6036,#6037,#6038));
#6040=FACE_OUTER_BOUND('',#6039,.F.);
#6041=ADVANCED_FACE('',(#6040),#6033,.T.);
#6042=FILL_AREA_STYLE_COLOUR('',#4);
#6043=FILL_AREA_STYLE('',(#6042));
#6044=SURFACE_STYLE_FILL_AREA(#6043);
#6045=SURFACE_SIDE_STYLE('',(#6044));
#6046=SURFACE_STYLE_USAGE(.BOTH.,#6045);
#6047=PRESENTATION_STYLE_ASSIGNMENT((#6046));
#6048=STYLED_ITEM('',(#6047),#6041);
#6049=CARTESIAN_POINT('',(0.E0,0.E0,9.E0));
#6050=DIRECTION('',(0.E0,0.E0,1.E0));
#6051=DIRECTION('',(0.E0,1.E0,0.E0));
#6052=AXIS2_PLACEMENT_3D('',#6049,#6050,#6051);
#6053=PLANE('',#6052);
#6054=ORIENTED_EDGE('',*,*,#6034,.T.);
#6055=ORIENTED_EDGE('',*,*,#5955,.T.);
#6057=ORIENTED_EDGE('',*,*,#6056,.T.);
#6059=ORIENTED_EDGE('',*,*,#6058,.T.);
#6061=ORIENTED_EDGE('',*,*,#6060,.F.);
#6063=ORIENTED_EDGE('',*,*,#6062,.F.);
#6065=ORIENTED_EDGE('',*,*,#6064,.F.);
#6067=ORIENTED_EDGE('',*,*,#6066,.F.);
#6069=ORIENTED_EDGE('',*,*,#6068,.F.);
#6071=ORIENTED_EDGE('',*,*,#6070,.F.);
#6073=ORIENTED_EDGE('',*,*,#6072,.F.);
#6075=ORIENTED_EDGE('',*,*,#6074,.F.);
#6077=ORIENTED_EDGE('',*,*,#6076,.F.);
#6079=ORIENTED_EDGE('',*,*,#6078,.F.);
#6081=ORIENTED_EDGE('',*,*,#6080,.F.);
#6083=ORIENTED_EDGE('',*,*,#6082,.F.);
#6085=ORIENTED_EDGE('',*,*,#6084,.F.);
#6087=ORIENTED_EDGE('',*,*,#6086,.F.);
#6088=ORIENTED_EDGE('',*,*,#5712,.F.);
#6089=ORIENTED_EDGE('',*,*,#5736,.F.);
#6090=ORIENTED_EDGE('',*,*,#5758,.F.);
#6091=ORIENTED_EDGE('',*,*,#5781,.F.);
#6092=EDGE_LOOP('',(#6054,#6055,#6057,#6059,#6061,#6063,#6065,#6067,#6069,#6071,
#6073,#6075,#6077,#6079,#6081,#6083,#6085,#6087,#6088,#6089,#6090,#6091));
#6093=FACE_OUTER_BOUND('',#6092,.F.);
#6095=ORIENTED_EDGE('',*,*,#6094,.F.);
#6097=ORIENTED_EDGE('',*,*,#6096,.F.);
#6099=ORIENTED_EDGE('',*,*,#6098,.F.);
#6101=ORIENTED_EDGE('',*,*,#6100,.F.);
#6102=EDGE_LOOP('',(#6095,#6097,#6099,#6101));
#6103=FACE_BOUND('',#6102,.F.);
#6105=ORIENTED_EDGE('',*,*,#6104,.F.);
#6107=ORIENTED_EDGE('',*,*,#6106,.F.);
#6109=ORIENTED_EDGE('',*,*,#6108,.F.);
#6111=ORIENTED_EDGE('',*,*,#6110,.F.);
#6112=EDGE_LOOP('',(#6105,#6107,#6109,#6111));
#6113=FACE_BOUND('',#6112,.F.);
#6115=ORIENTED_EDGE('',*,*,#6114,.F.);
#6117=ORIENTED_EDGE('',*,*,#6116,.F.);
#6119=ORIENTED_EDGE('',*,*,#6118,.F.);
#6121=ORIENTED_EDGE('',*,*,#6120,.F.);
#6122=EDGE_LOOP('',(#6115,#6117,#6119,#6121));
#6123=FACE_BOUND('',#6122,.F.);
#6124=ADVANCED_FACE('',(#6093,#6103,#6113,#6123),#6053,.T.);
#6125=FILL_AREA_STYLE_COLOUR('',#4);
#6126=FILL_AREA_STYLE('',(#6125));
#6127=SURFACE_STYLE_FILL_AREA(#6126);
#6128=SURFACE_SIDE_STYLE('',(#6127));
#6129=SURFACE_STYLE_USAGE(.BOTH.,#6128);
#6130=PRESENTATION_STYLE_ASSIGNMENT((#6129));
#6131=STYLED_ITEM('',(#6130),#6124);
#6132=CARTESIAN_POINT('',(2.688712589636E0,7.1E0,9.E0));
#6133=DIRECTION('',(0.E0,-1.E0,0.E0));
#6134=DIRECTION('',(1.E0,0.E0,0.E0));
#6135=AXIS2_PLACEMENT_3D('',#6132,#6133,#6134);
#6136=PLANE('',#6135);
#6137=ORIENTED_EDGE('',*,*,#6056,.F.);
#6139=ORIENTED_EDGE('',*,*,#6138,.T.);
#6141=ORIENTED_EDGE('',*,*,#6140,.T.);
#6143=ORIENTED_EDGE('',*,*,#6142,.F.);
#6144=EDGE_LOOP('',(#6137,#6139,#6141,#6143));
#6145=FACE_OUTER_BOUND('',#6144,.F.);
#6146=ADVANCED_FACE('',(#6145),#6136,.T.);
#6147=FILL_AREA_STYLE_COLOUR('',#4);
#6148=FILL_AREA_STYLE('',(#6147));
#6149=SURFACE_STYLE_FILL_AREA(#6148);
#6150=SURFACE_SIDE_STYLE('',(#6149));
#6151=SURFACE_STYLE_USAGE(.BOTH.,#6150);
#6152=PRESENTATION_STYLE_ASSIGNMENT((#6151));
#6153=STYLED_ITEM('',(#6152),#6146);
#6154=CARTESIAN_POINT('',(2.688712589636E0,8.6E0,9.E0));
#6155=DIRECTION('',(-1.E0,0.E0,0.E0));
#6156=DIRECTION('',(0.E0,-1.E0,0.E0));
#6157=AXIS2_PLACEMENT_3D('',#6154,#6155,#6156);
#6158=PLANE('',#6157);
#6160=ORIENTED_EDGE('',*,*,#6159,.F.);
#6162=ORIENTED_EDGE('',*,*,#6161,.T.);
#6163=ORIENTED_EDGE('',*,*,#6138,.F.);
#6164=ORIENTED_EDGE('',*,*,#5953,.F.);
#6165=EDGE_LOOP('',(#6160,#6162,#6163,#6164));
#6166=FACE_OUTER_BOUND('',#6165,.F.);
#6167=ADVANCED_FACE('',(#6166),#6158,.T.);
#6168=FILL_AREA_STYLE_COLOUR('',#4);
#6169=FILL_AREA_STYLE('',(#6168));
#6170=SURFACE_STYLE_FILL_AREA(#6169);
#6171=SURFACE_SIDE_STYLE('',(#6170));
#6172=SURFACE_STYLE_USAGE(.BOTH.,#6171);
#6173=PRESENTATION_STYLE_ASSIGNMENT((#6172));
#6174=STYLED_ITEM('',(#6173),#6167);
#6175=CARTESIAN_POINT('',(3.188712589636E0,8.1E0,3.474696E1));
#6176=DIRECTION('',(0.E0,0.E0,-1.E0));
#6177=DIRECTION('',(-1.E0,0.E0,0.E0));
#6178=AXIS2_PLACEMENT_3D('',#6175,#6176,#6177);
#6179=CYLINDRICAL_SURFACE('',#6178,5.E-1);
#6181=ORIENTED_EDGE('',*,*,#6180,.T.);
#6182=ORIENTED_EDGE('',*,*,#6159,.T.);
#6184=ORIENTED_EDGE('',*,*,#6183,.T.);
#6186=ORIENTED_EDGE('',*,*,#6185,.F.);
#6187=EDGE_LOOP('',(#6181,#6182,#6184,#6186));
#6188=FACE_OUTER_BOUND('',#6187,.F.);
#6189=ADVANCED_FACE('',(#6188),#6179,.T.);
#6190=FILL_AREA_STYLE_COLOUR('',#4);
#6191=FILL_AREA_STYLE('',(#6190));
#6192=SURFACE_STYLE_FILL_AREA(#6191);
#6193=SURFACE_SIDE_STYLE('',(#6192));
#6194=SURFACE_STYLE_USAGE(.BOTH.,#6193);
#6195=PRESENTATION_STYLE_ASSIGNMENT((#6194));
#6196=STYLED_ITEM('',(#6195),#6189);
#6197=CARTESIAN_POINT('',(0.E0,0.E0,1.05E1));
#6198=DIRECTION('',(0.E0,0.E0,1.E0));
#6199=DIRECTION('',(0.E0,1.E0,0.E0));
#6200=AXIS2_PLACEMENT_3D('',#6197,#6198,#6199);
#6201=PLANE('',#6200);
#6203=ORIENTED_EDGE('',*,*,#6202,.F.);
#6205=ORIENTED_EDGE('',*,*,#6204,.F.);
#6206=ORIENTED_EDGE('',*,*,#6140,.F.);
#6207=ORIENTED_EDGE('',*,*,#6161,.F.);
#6208=ORIENTED_EDGE('',*,*,#6180,.F.);
#6210=ORIENTED_EDGE('',*,*,#6209,.F.);
#6211=EDGE_LOOP('',(#6203,#6205,#6206,#6207,#6208,#6210));
#6212=FACE_OUTER_BOUND('',#6211,.F.);
#6213=ADVANCED_FACE('',(#6212),#6201,.T.);
#6214=FILL_AREA_STYLE_COLOUR('',#4);
#6215=FILL_AREA_STYLE('',(#6214));
#6216=SURFACE_STYLE_FILL_AREA(#6215);
#6217=SURFACE_SIDE_STYLE('',(#6216));
#6218=SURFACE_STYLE_USAGE(.POSITIVE.,#6217);
#6219=PRESENTATION_STYLE_ASSIGNMENT((#6218));
#6220=STYLED_ITEM('',(#6219),#6213);
#6221=CARTESIAN_POINT('',(3.99E0,8.1E0,-3.234696E1));
#6222=DIRECTION('',(0.E0,0.E0,1.E0));
#6223=DIRECTION('',(1.E0,0.E0,0.E0));
#6224=AXIS2_PLACEMENT_3D('',#6221,#6222,#6223);
#6225=CYLINDRICAL_SURFACE('',#6224,5.E-1);
#6226=ORIENTED_EDGE('',*,*,#6202,.T.);
#6228=ORIENTED_EDGE('',*,*,#6227,.F.);
#6230=ORIENTED_EDGE('',*,*,#6229,.T.);
#6232=ORIENTED_EDGE('',*,*,#6231,.T.);
#6233=EDGE_LOOP('',(#6226,#6228,#6230,#6232));
#6234=FACE_OUTER_BOUND('',#6233,.F.);
#6235=ADVANCED_FACE('',(#6234),#6225,.T.);
#6236=FILL_AREA_STYLE_COLOUR('',#4);
#6237=FILL_AREA_STYLE('',(#6236));
#6238=SURFACE_STYLE_FILL_AREA(#6237);
#6239=SURFACE_SIDE_STYLE('',(#6238));
#6240=SURFACE_STYLE_USAGE(.BOTH.,#6239);
#6241=PRESENTATION_STYLE_ASSIGNMENT((#6240));
#6242=STYLED_ITEM('',(#6241),#6235);
#6243=CARTESIAN_POINT('',(5.6E0,8.6E0,5.7E0));
#6244=DIRECTION('',(0.E0,1.E0,0.E0));
#6245=DIRECTION('',(-1.E0,0.E0,0.E0));
#6246=AXIS2_PLACEMENT_3D('',#6243,#6244,#6245);
#6247=PLANE('',#6246);
#6248=ORIENTED_EDGE('',*,*,#6227,.T.);
#6249=ORIENTED_EDGE('',*,*,#6209,.T.);
#6250=ORIENTED_EDGE('',*,*,#6185,.T.);
#6252=ORIENTED_EDGE('',*,*,#6251,.F.);
#6254=ORIENTED_EDGE('',*,*,#6253,.F.);
#6255=EDGE_LOOP('',(#6248,#6249,#6250,#6252,#6254));
#6256=FACE_OUTER_BOUND('',#6255,.F.);
#6257=ADVANCED_FACE('',(#6256),#6247,.T.);
#6258=FILL_AREA_STYLE_COLOUR('',#4);
#6259=FILL_AREA_STYLE('',(#6258));
#6260=SURFACE_STYLE_FILL_AREA(#6259);
#6261=SURFACE_SIDE_STYLE('',(#6260));
#6262=SURFACE_STYLE_USAGE(.BOTH.,#6261);
#6263=PRESENTATION_STYLE_ASSIGNMENT((#6262));
#6264=STYLED_ITEM('',(#6263),#6257);
#6265=CARTESIAN_POINT('',(-4.267677628526E-1,8.1E0,-3.234696E1));
#6266=DIRECTION('',(8.715574274766E-2,0.E0,9.961946980917E-1));
#6267=DIRECTION('',(0.E0,1.E0,0.E0));
#6268=AXIS2_PLACEMENT_3D('',#6265,#6266,#6267);
#6269=CYLINDRICAL_SURFACE('',#6268,5.E-1);
#6271=ORIENTED_EDGE('',*,*,#6270,.T.);
#6272=ORIENTED_EDGE('',*,*,#6251,.T.);
#6273=ORIENTED_EDGE('',*,*,#6183,.F.);
#6274=ORIENTED_EDGE('',*,*,#5951,.F.);
#6275=EDGE_LOOP('',(#6271,#6272,#6273,#6274));
#6276=FACE_OUTER_BOUND('',#6275,.F.);
#6277=ADVANCED_FACE('',(#6276),#6269,.T.);
#6278=FILL_AREA_STYLE_COLOUR('',#4);
#6279=FILL_AREA_STYLE('',(#6278));
#6280=SURFACE_STYLE_FILL_AREA(#6279);
#6281=SURFACE_SIDE_STYLE('',(#6280));
#6282=SURFACE_STYLE_USAGE(.BOTH.,#6281);
#6283=PRESENTATION_STYLE_ASSIGNMENT((#6282));
#6284=STYLED_ITEM('',(#6283),#6277);
#6285=CARTESIAN_POINT('',(0.E0,0.E0,5.7E0));
#6286=DIRECTION('',(0.E0,0.E0,1.E0));
#6287=DIRECTION('',(0.E0,1.E0,0.E0));
#6288=AXIS2_PLACEMENT_3D('',#6285,#6286,#6287);
#6289=PLANE('',#6288);
#6290=ORIENTED_EDGE('',*,*,#6229,.F.);
#6291=ORIENTED_EDGE('',*,*,#6253,.T.);
#6292=ORIENTED_EDGE('',*,*,#6270,.F.);
#6293=ORIENTED_EDGE('',*,*,#5949,.T.);
#6295=ORIENTED_EDGE('',*,*,#6294,.F.);
#6297=ORIENTED_EDGE('',*,*,#6296,.F.);
#6298=EDGE_LOOP('',(#6290,#6291,#6292,#6293,#6295,#6297));
#6299=FACE_OUTER_BOUND('',#6298,.F.);
#6300=ADVANCED_FACE('',(#6299),#6289,.F.);
#6301=FILL_AREA_STYLE_COLOUR('',#4);
#6302=FILL_AREA_STYLE('',(#6301));
#6303=SURFACE_STYLE_FILL_AREA(#6302);
#6304=SURFACE_SIDE_STYLE('',(#6303));
#6305=SURFACE_STYLE_USAGE(.POSITIVE.,#6304);
#6306=PRESENTATION_STYLE_ASSIGNMENT((#6305));
#6307=STYLED_ITEM('',(#6306),#6300);
#6308=CARTESIAN_POINT('',(3.445E0,5.8E0,5.35E0));
#6309=DIRECTION('',(0.E0,8.137334712067E-1,-5.812381937191E-1));
#6310=DIRECTION('',(0.E0,-5.812381937191E-1,-8.137334712067E-1));
#6311=AXIS2_PLACEMENT_3D('',#6308,#6309,#6310);
#6312=PLANE('',#6311);
#6313=ORIENTED_EDGE('',*,*,#6294,.T.);
#6315=ORIENTED_EDGE('',*,*,#6314,.T.);
#6317=ORIENTED_EDGE('',*,*,#6316,.F.);
#6319=ORIENTED_EDGE('',*,*,#6318,.T.);
#6320=EDGE_LOOP('',(#6313,#6315,#6317,#6319));
#6321=FACE_OUTER_BOUND('',#6320,.F.);
#6322=ADVANCED_FACE('',(#6321),#6312,.T.);
#6323=FILL_AREA_STYLE_COLOUR('',#4);
#6324=FILL_AREA_STYLE('',(#6323));
#6325=SURFACE_STYLE_FILL_AREA(#6324);
#6326=SURFACE_SIDE_STYLE('',(#6325));
#6327=SURFACE_STYLE_USAGE(.BOTH.,#6326);
#6328=PRESENTATION_STYLE_ASSIGNMENT((#6327));
#6329=STYLED_ITEM('',(#6328),#6322);
#6330=CARTESIAN_POINT('',(2.4E0,2.4E0,-5.E0));
#6331=DIRECTION('',(-1.E0,0.E0,0.E0));
#6332=DIRECTION('',(0.E0,-1.E0,0.E0));
#6333=AXIS2_PLACEMENT_3D('',#6330,#6331,#6332);
#6334=PLANE('',#6333);
#6335=ORIENTED_EDGE('',*,*,#5947,.T.);
#6337=ORIENTED_EDGE('',*,*,#6336,.F.);
#6338=ORIENTED_EDGE('',*,*,#6314,.F.);
#6339=EDGE_LOOP('',(#6335,#6337,#6338));
#6340=FACE_OUTER_BOUND('',#6339,.F.);
#6341=ADVANCED_FACE('',(#6340),#6334,.T.);
#6342=FILL_AREA_STYLE_COLOUR('',#4);
#6343=FILL_AREA_STYLE('',(#6342));
#6344=SURFACE_STYLE_FILL_AREA(#6343);
#6345=SURFACE_SIDE_STYLE('',(#6344));
#6346=SURFACE_STYLE_USAGE(.POSITIVE.,#6345);
#6347=PRESENTATION_STYLE_ASSIGNMENT((#6346));
#6348=STYLED_ITEM('',(#6347),#6341);
#6349=CARTESIAN_POINT('',(5.6E0,5.55E0,5.E0));
#6350=DIRECTION('',(0.E0,1.E0,0.E0));
#6351=DIRECTION('',(-1.E0,0.E0,0.E0));
#6352=AXIS2_PLACEMENT_3D('',#6349,#6350,#6351);
#6353=PLANE('',#6352);
#6355=ORIENTED_EDGE('',*,*,#6354,.F.);
#6357=ORIENTED_EDGE('',*,*,#6356,.F.);
#6358=ORIENTED_EDGE('',*,*,#6336,.T.);
#6360=ORIENTED_EDGE('',*,*,#6359,.T.);
#6361=EDGE_LOOP('',(#6355,#6357,#6358,#6360));
#6362=FACE_OUTER_BOUND('',#6361,.F.);
#6363=ADVANCED_FACE('',(#6362),#6353,.T.);
#6364=FILL_AREA_STYLE_COLOUR('',#4);
#6365=FILL_AREA_STYLE('',(#6364));
#6366=SURFACE_STYLE_FILL_AREA(#6365);
#6367=SURFACE_SIDE_STYLE('',(#6366));
#6368=SURFACE_STYLE_USAGE(.BOTH.,#6367);
#6369=PRESENTATION_STYLE_ASSIGNMENT((#6368));
#6370=STYLED_ITEM('',(#6369),#6363);
#6371=CARTESIAN_POINT('',(-2.4E0,-2.4E0,-5.E0));
#6372=DIRECTION('',(1.E0,0.E0,0.E0));
#6373=DIRECTION('',(0.E0,1.E0,0.E0));
#6374=AXIS2_PLACEMENT_3D('',#6371,#6372,#6373);
#6375=PLANE('',#6374);
#6377=ORIENTED_EDGE('',*,*,#6376,.T.);
#6379=ORIENTED_EDGE('',*,*,#6378,.F.);
#6380=ORIENTED_EDGE('',*,*,#6354,.T.);
#6381=EDGE_LOOP('',(#6377,#6379,#6380));
#6382=FACE_OUTER_BOUND('',#6381,.F.);
#6383=ADVANCED_FACE('',(#6382),#6375,.T.);
#6384=FILL_AREA_STYLE_COLOUR('',#4);
#6385=FILL_AREA_STYLE('',(#6384));
#6386=SURFACE_STYLE_FILL_AREA(#6385);
#6387=SURFACE_SIDE_STYLE('',(#6386));
#6388=SURFACE_STYLE_USAGE(.POSITIVE.,#6387);
#6389=PRESENTATION_STYLE_ASSIGNMENT((#6388));
#6390=STYLED_ITEM('',(#6389),#6383);
#6391=CARTESIAN_POINT('',(-2.4E0,1.47E1,5.7E0));
#6392=DIRECTION('',(-9.961946980917E-1,0.E0,-8.715574274766E-2));
#6393=DIRECTION('',(-8.715574274766E-2,0.E0,9.961946980917E-1));
#6394=AXIS2_PLACEMENT_3D('',#6391,#6392,#6393);
#6395=PLANE('',#6394);
#6397=ORIENTED_EDGE('',*,*,#6396,.T.);
#6399=ORIENTED_EDGE('',*,*,#6398,.T.);
#6401=ORIENTED_EDGE('',*,*,#6400,.T.);
#6403=ORIENTED_EDGE('',*,*,#6402,.F.);
#6405=ORIENTED_EDGE('',*,*,#6404,.T.);
#6407=ORIENTED_EDGE('',*,*,#6406,.F.);
#6408=ORIENTED_EDGE('',*,*,#6376,.F.);
#6410=ORIENTED_EDGE('',*,*,#6409,.F.);
#6412=ORIENTED_EDGE('',*,*,#6411,.F.);
#6414=ORIENTED_EDGE('',*,*,#6413,.F.);
#6416=ORIENTED_EDGE('',*,*,#6415,.F.);
#6418=ORIENTED_EDGE('',*,*,#6417,.F.);
#6419=EDGE_LOOP('',(#6397,#6399,#6401,#6403,#6405,#6407,#6408,#6410,#6412,#6414,
#6416,#6418));
#6420=FACE_OUTER_BOUND('',#6419,.F.);
#6421=ADVANCED_FACE('',(#6420),#6395,.F.);
#6422=FILL_AREA_STYLE_COLOUR('',#4);
#6423=FILL_AREA_STYLE('',(#6422));
#6424=SURFACE_STYLE_FILL_AREA(#6423);
#6425=SURFACE_SIDE_STYLE('',(#6424));
#6426=SURFACE_STYLE_USAGE(.BOTH.,#6425);
#6427=PRESENTATION_STYLE_ASSIGNMENT((#6426));
#6428=STYLED_ITEM('',(#6427),#6421);
#6429=CARTESIAN_POINT('',(4.267677628526E-1,-8.1E0,-3.234696E1));
#6430=DIRECTION('',(-8.715574274766E-2,0.E0,9.961946980917E-1));
#6431=DIRECTION('',(0.E0,-1.E0,0.E0));
#6432=AXIS2_PLACEMENT_3D('',#6429,#6430,#6431);
#6433=CYLINDRICAL_SURFACE('',#6432,5.E-1);
#6435=ORIENTED_EDGE('',*,*,#6434,.T.);
#6437=ORIENTED_EDGE('',*,*,#6436,.T.);
#6439=ORIENTED_EDGE('',*,*,#6438,.F.);
#6440=ORIENTED_EDGE('',*,*,#6396,.F.);
#6441=EDGE_LOOP('',(#6435,#6437,#6439,#6440));
#6442=FACE_OUTER_BOUND('',#6441,.F.);
#6443=ADVANCED_FACE('',(#6442),#6433,.T.);
#6444=FILL_AREA_STYLE_COLOUR('',#4);
#6445=FILL_AREA_STYLE('',(#6444));
#6446=SURFACE_STYLE_FILL_AREA(#6445);
#6447=SURFACE_SIDE_STYLE('',(#6446));
#6448=SURFACE_STYLE_USAGE(.BOTH.,#6447);
#6449=PRESENTATION_STYLE_ASSIGNMENT((#6448));
#6450=STYLED_ITEM('',(#6449),#6443);
#6451=CARTESIAN_POINT('',(0.E0,0.E0,5.7E0));
#6452=DIRECTION('',(0.E0,0.E0,1.E0));
#6453=DIRECTION('',(0.E0,1.E0,0.E0));
#6454=AXIS2_PLACEMENT_3D('',#6451,#6452,#6453);
#6455=PLANE('',#6454);
#6456=ORIENTED_EDGE('',*,*,#6434,.F.);
#6457=ORIENTED_EDGE('',*,*,#6417,.T.);
#6459=ORIENTED_EDGE('',*,*,#6458,.F.);
#6461=ORIENTED_EDGE('',*,*,#6460,.F.);
#6463=ORIENTED_EDGE('',*,*,#6462,.F.);
#6465=ORIENTED_EDGE('',*,*,#6464,.T.);
#6466=EDGE_LOOP('',(#6456,#6457,#6459,#6461,#6463,#6465));
#6467=FACE_OUTER_BOUND('',#6466,.F.);
#6468=ADVANCED_FACE('',(#6467),#6455,.F.);
#6469=FILL_AREA_STYLE_COLOUR('',#4);
#6470=FILL_AREA_STYLE('',(#6469));
#6471=SURFACE_STYLE_FILL_AREA(#6470);
#6472=SURFACE_SIDE_STYLE('',(#6471));
#6473=SURFACE_STYLE_USAGE(.POSITIVE.,#6472);
#6474=PRESENTATION_STYLE_ASSIGNMENT((#6473));
#6475=STYLED_ITEM('',(#6474),#6468);
#6476=CARTESIAN_POINT('',(-3.445E0,-5.8E0,5.35E0));
#6477=DIRECTION('',(0.E0,-8.137334712067E-1,-5.812381937191E-1));
#6478=DIRECTION('',(0.E0,5.812381937191E-1,-8.137334712067E-1));
#6479=AXIS2_PLACEMENT_3D('',#6476,#6477,#6478);
#6480=PLANE('',#6479);
#6481=ORIENTED_EDGE('',*,*,#6458,.T.);
#6483=ORIENTED_EDGE('',*,*,#6482,.T.);
#6484=ORIENTED_EDGE('',*,*,#5601,.F.);
#6486=ORIENTED_EDGE('',*,*,#6485,.T.);
#6487=EDGE_LOOP('',(#6481,#6483,#6484,#6486));
#6488=FACE_OUTER_BOUND('',#6487,.F.);
#6489=ADVANCED_FACE('',(#6488),#6480,.T.);
#6490=FILL_AREA_STYLE_COLOUR('',#4);
#6491=FILL_AREA_STYLE('',(#6490));
#6492=SURFACE_STYLE_FILL_AREA(#6491);
#6493=SURFACE_SIDE_STYLE('',(#6492));
#6494=SURFACE_STYLE_USAGE(.BOTH.,#6493);
#6495=PRESENTATION_STYLE_ASSIGNMENT((#6494));
#6496=STYLED_ITEM('',(#6495),#6489);
#6497=CARTESIAN_POINT('',(-2.4E0,-2.4E0,-5.E0));
#6498=DIRECTION('',(1.E0,0.E0,0.E0));
#6499=DIRECTION('',(0.E0,1.E0,0.E0));
#6500=AXIS2_PLACEMENT_3D('',#6497,#6498,#6499);
#6501=PLANE('',#6500);
#6502=ORIENTED_EDGE('',*,*,#6415,.T.);
#6504=ORIENTED_EDGE('',*,*,#6503,.F.);
#6505=ORIENTED_EDGE('',*,*,#6482,.F.);
#6506=EDGE_LOOP('',(#6502,#6504,#6505));
#6507=FACE_OUTER_BOUND('',#6506,.F.);
#6508=ADVANCED_FACE('',(#6507),#6501,.T.);
#6509=FILL_AREA_STYLE_COLOUR('',#4);
#6510=FILL_AREA_STYLE('',(#6509));
#6511=SURFACE_STYLE_FILL_AREA(#6510);
#6512=SURFACE_SIDE_STYLE('',(#6511));
#6513=SURFACE_STYLE_USAGE(.POSITIVE.,#6512);
#6514=PRESENTATION_STYLE_ASSIGNMENT((#6513));
#6515=STYLED_ITEM('',(#6514),#6508);
#6516=CARTESIAN_POINT('',(-5.6E0,-5.55E0,5.E0));
#6517=DIRECTION('',(0.E0,-1.E0,0.E0));
#6518=DIRECTION('',(1.E0,0.E0,0.E0));
#6519=AXIS2_PLACEMENT_3D('',#6516,#6517,#6518);
#6520=PLANE('',#6519);
#6521=ORIENTED_EDGE('',*,*,#6503,.T.);
#6523=ORIENTED_EDGE('',*,*,#6522,.T.);
#6524=ORIENTED_EDGE('',*,*,#5920,.F.);
#6525=ORIENTED_EDGE('',*,*,#5603,.F.);
#6526=EDGE_LOOP('',(#6521,#6523,#6524,#6525));
#6527=FACE_OUTER_BOUND('',#6526,.F.);
#6528=ADVANCED_FACE('',(#6527),#6520,.T.);
#6529=FILL_AREA_STYLE_COLOUR('',#4);
#6530=FILL_AREA_STYLE('',(#6529));
#6531=SURFACE_STYLE_FILL_AREA(#6530);
#6532=SURFACE_SIDE_STYLE('',(#6531));
#6533=SURFACE_STYLE_USAGE(.BOTH.,#6532);
#6534=PRESENTATION_STYLE_ASSIGNMENT((#6533));
#6535=STYLED_ITEM('',(#6534),#6528);
#6536=CARTESIAN_POINT('',(0.E0,0.E0,5.7E0));
#6537=DIRECTION('',(0.E0,0.E0,1.E0));
#6538=DIRECTION('',(1.E0,0.E0,0.E0));
#6539=AXIS2_PLACEMENT_3D('',#6536,#6537,#6538);
#6540=PLANE('',#6539);
#6541=ORIENTED_EDGE('',*,*,#5941,.T.);
#6542=ORIENTED_EDGE('',*,*,#6522,.F.);
#6543=ORIENTED_EDGE('',*,*,#6413,.T.);
#6545=ORIENTED_EDGE('',*,*,#6544,.F.);
#6546=EDGE_LOOP('',(#6541,#6542,#6543,#6545));
#6547=FACE_OUTER_BOUND('',#6546,.F.);
#6548=ADVANCED_FACE('',(#6547),#6540,.T.);
#6549=FILL_AREA_STYLE_COLOUR('',#4);
#6550=FILL_AREA_STYLE('',(#6549));
#6551=SURFACE_STYLE_FILL_AREA(#6550);
#6552=SURFACE_SIDE_STYLE('',(#6551));
#6553=SURFACE_STYLE_USAGE(.BOTH.,#6552);
#6554=PRESENTATION_STYLE_ASSIGNMENT((#6553));
#6555=STYLED_ITEM('',(#6554),#6548);
#6556=CARTESIAN_POINT('',(2.4E0,-2.4E0,-5.E0));
#6557=DIRECTION('',(0.E0,1.E0,0.E0));
#6558=DIRECTION('',(-1.E0,0.E0,0.E0));
#6559=AXIS2_PLACEMENT_3D('',#6556,#6557,#6558);
#6560=PLANE('',#6559);
#6562=ORIENTED_EDGE('',*,*,#6561,.F.);
#6564=ORIENTED_EDGE('',*,*,#6563,.T.);
#6565=ORIENTED_EDGE('',*,*,#6544,.T.);
#6567=ORIENTED_EDGE('',*,*,#6566,.T.);
#6568=EDGE_LOOP('',(#6562,#6564,#6565,#6567));
#6569=FACE_OUTER_BOUND('',#6568,.F.);
#6570=ADVANCED_FACE('',(#6569),#6560,.T.);
#6571=FILL_AREA_STYLE_COLOUR('',#4);
#6572=FILL_AREA_STYLE('',(#6571));
#6573=SURFACE_STYLE_FILL_AREA(#6572);
#6574=SURFACE_SIDE_STYLE('',(#6573));
#6575=SURFACE_STYLE_USAGE(.POSITIVE.,#6574);
#6576=PRESENTATION_STYLE_ASSIGNMENT((#6575));
#6577=STYLED_ITEM('',(#6576),#6570);
#6578=CARTESIAN_POINT('',(0.E0,0.E0,5.E0));
#6579=DIRECTION('',(0.E0,0.E0,-1.E0));
#6580=DIRECTION('',(0.E0,1.E0,0.E0));
#6581=AXIS2_PLACEMENT_3D('',#6578,#6579,#6580);
#6582=PLANE('',#6581);
#6584=ORIENTED_EDGE('',*,*,#6583,.T.);
#6586=ORIENTED_EDGE('',*,*,#6585,.F.);
#6587=ORIENTED_EDGE('',*,*,#6561,.T.);
#6589=ORIENTED_EDGE('',*,*,#6588,.T.);
#6590=EDGE_LOOP('',(#6584,#6586,#6587,#6589));
#6591=FACE_OUTER_BOUND('',#6590,.F.);
#6593=ORIENTED_EDGE('',*,*,#6592,.T.);
#6595=ORIENTED_EDGE('',*,*,#6594,.T.);
#6597=ORIENTED_EDGE('',*,*,#6596,.F.);
#6599=ORIENTED_EDGE('',*,*,#6598,.F.);
#6600=EDGE_LOOP('',(#6593,#6595,#6597,#6599));
#6601=FACE_BOUND('',#6600,.F.);
#6602=ADVANCED_FACE('',(#6591,#6601),#6582,.F.);
#6603=FILL_AREA_STYLE_COLOUR('',#14);
#6604=FILL_AREA_STYLE('',(#6603));
#6605=SURFACE_STYLE_FILL_AREA(#6604);
#6606=SURFACE_SIDE_STYLE('',(#6605));
#6607=SURFACE_STYLE_USAGE(.POSITIVE.,#6606);
#6608=PRESENTATION_STYLE_ASSIGNMENT((#6607));
#6609=STYLED_ITEM('',(#6608),#6602);
#6610=CARTESIAN_POINT('',(-2.4E0,2.4E0,-5.E0));
#6611=DIRECTION('',(0.E0,-1.E0,0.E0));
#6612=DIRECTION('',(1.E0,0.E0,0.E0));
#6613=AXIS2_PLACEMENT_3D('',#6610,#6611,#6612);
#6614=PLANE('',#6613);
#6615=ORIENTED_EDGE('',*,*,#6583,.F.);
#6617=ORIENTED_EDGE('',*,*,#6616,.T.);
#6619=ORIENTED_EDGE('',*,*,#6618,.T.);
#6621=ORIENTED_EDGE('',*,*,#6620,.T.);
#6622=EDGE_LOOP('',(#6615,#6617,#6619,#6621));
#6623=FACE_OUTER_BOUND('',#6622,.F.);
#6624=ADVANCED_FACE('',(#6623),#6614,.T.);
#6625=FILL_AREA_STYLE_COLOUR('',#4);
#6626=FILL_AREA_STYLE('',(#6625));
#6627=SURFACE_STYLE_FILL_AREA(#6626);
#6628=SURFACE_SIDE_STYLE('',(#6627));
#6629=SURFACE_STYLE_USAGE(.POSITIVE.,#6628);
#6630=PRESENTATION_STYLE_ASSIGNMENT((#6629));
#6631=STYLED_ITEM('',(#6630),#6624);
#6632=CARTESIAN_POINT('',(-2.4E0,-2.4E0,-5.E0));
#6633=DIRECTION('',(1.E0,0.E0,0.E0));
#6634=DIRECTION('',(0.E0,1.E0,0.E0));
#6635=AXIS2_PLACEMENT_3D('',#6632,#6633,#6634);
#6636=PLANE('',#6635);
#6637=ORIENTED_EDGE('',*,*,#6588,.F.);
#6638=ORIENTED_EDGE('',*,*,#6566,.F.);
#6639=ORIENTED_EDGE('',*,*,#6411,.T.);
#6640=ORIENTED_EDGE('',*,*,#6616,.F.);
#6641=EDGE_LOOP('',(#6637,#6638,#6639,#6640));
#6642=FACE_OUTER_BOUND('',#6641,.F.);
#6643=ADVANCED_FACE('',(#6642),#6636,.T.);
#6644=FILL_AREA_STYLE_COLOUR('',#4);
#6645=FILL_AREA_STYLE('',(#6644));
#6646=SURFACE_STYLE_FILL_AREA(#6645);
#6647=SURFACE_SIDE_STYLE('',(#6646));
#6648=SURFACE_STYLE_USAGE(.POSITIVE.,#6647);
#6649=PRESENTATION_STYLE_ASSIGNMENT((#6648));
#6650=STYLED_ITEM('',(#6649),#6643);
#6651=CARTESIAN_POINT('',(0.E0,0.E0,5.7E0));
#6652=DIRECTION('',(0.E0,0.E0,1.E0));
#6653=DIRECTION('',(1.E0,0.E0,0.E0));
#6654=AXIS2_PLACEMENT_3D('',#6651,#6652,#6653);
#6655=PLANE('',#6654);
#6656=ORIENTED_EDGE('',*,*,#5945,.T.);
#6657=ORIENTED_EDGE('',*,*,#6618,.F.);
#6658=ORIENTED_EDGE('',*,*,#6409,.T.);
#6659=ORIENTED_EDGE('',*,*,#6359,.F.);
#6660=EDGE_LOOP('',(#6656,#6657,#6658,#6659));
#6661=FACE_OUTER_BOUND('',#6660,.F.);
#6662=ADVANCED_FACE('',(#6661),#6655,.T.);
#6663=FILL_AREA_STYLE_COLOUR('',#4);
#6664=FILL_AREA_STYLE('',(#6663));
#6665=SURFACE_STYLE_FILL_AREA(#6664);
#6666=SURFACE_SIDE_STYLE('',(#6665));
#6667=SURFACE_STYLE_USAGE(.POSITIVE.,#6666);
#6668=PRESENTATION_STYLE_ASSIGNMENT((#6667));
#6669=STYLED_ITEM('',(#6668),#6662);
#6670=CARTESIAN_POINT('',(2.4E0,2.4E0,-5.E0));
#6671=DIRECTION('',(-1.E0,0.E0,0.E0));
#6672=DIRECTION('',(0.E0,-1.E0,0.E0));
#6673=AXIS2_PLACEMENT_3D('',#6670,#6671,#6672);
#6674=PLANE('',#6673);
#6675=ORIENTED_EDGE('',*,*,#6585,.T.);
#6676=ORIENTED_EDGE('',*,*,#6620,.F.);
#6677=ORIENTED_EDGE('',*,*,#5943,.T.);
#6678=ORIENTED_EDGE('',*,*,#6563,.F.);
#6679=EDGE_LOOP('',(#6675,#6676,#6677,#6678));
#6680=FACE_OUTER_BOUND('',#6679,.F.);
#6681=ADVANCED_FACE('',(#6680),#6674,.T.);
#6682=FILL_AREA_STYLE_COLOUR('',#4);
#6683=FILL_AREA_STYLE('',(#6682));
#6684=SURFACE_STYLE_FILL_AREA(#6683);
#6685=SURFACE_SIDE_STYLE('',(#6684));
#6686=SURFACE_STYLE_USAGE(.POSITIVE.,#6685);
#6687=PRESENTATION_STYLE_ASSIGNMENT((#6686));
#6688=STYLED_ITEM('',(#6687),#6681);
#6689=CARTESIAN_POINT('',(2.35E0,0.E0,8.32E0));
#6690=DIRECTION('',(-1.E0,0.E0,0.E0));
#6691=DIRECTION('',(0.E0,1.E0,0.E0));
#6692=AXIS2_PLACEMENT_3D('',#6689,#6690,#6691);
#6693=PLANE('',#6692);
#6694=ORIENTED_EDGE('',*,*,#6592,.F.);
#6696=ORIENTED_EDGE('',*,*,#6695,.T.);
#6698=ORIENTED_EDGE('',*,*,#6697,.T.);
#6700=ORIENTED_EDGE('',*,*,#6699,.T.);
#6702=ORIENTED_EDGE('',*,*,#6701,.T.);
#6704=ORIENTED_EDGE('',*,*,#6703,.T.);
#6706=ORIENTED_EDGE('',*,*,#6705,.F.);
#6708=ORIENTED_EDGE('',*,*,#6707,.T.);
#6710=ORIENTED_EDGE('',*,*,#6709,.F.);
#6712=ORIENTED_EDGE('',*,*,#6711,.T.);
#6714=ORIENTED_EDGE('',*,*,#6713,.T.);
#6716=ORIENTED_EDGE('',*,*,#6715,.T.);
#6718=ORIENTED_EDGE('',*,*,#6717,.T.);
#6720=ORIENTED_EDGE('',*,*,#6719,.T.);
#6721=EDGE_LOOP('',(#6694,#6696,#6698,#6700,#6702,#6704,#6706,#6708,#6710,#6712,
#6714,#6716,#6718,#6720));
#6722=FACE_OUTER_BOUND('',#6721,.F.);
#6723=ADVANCED_FACE('',(#6722),#6693,.F.);
#6724=FILL_AREA_STYLE_COLOUR('',#6);
#6725=FILL_AREA_STYLE('',(#6724));
#6726=SURFACE_STYLE_FILL_AREA(#6725);
#6727=SURFACE_SIDE_STYLE('',(#6726));
#6728=SURFACE_STYLE_USAGE(.BOTH.,#6727);
#6729=PRESENTATION_STYLE_ASSIGNMENT((#6728));
#6730=STYLED_ITEM('',(#6729),#6723);
#6731=CARTESIAN_POINT('',(2.35E0,-2.E0,1.2E-1));
#6732=DIRECTION('',(0.E0,-1.E0,0.E0));
#6733=DIRECTION('',(0.E0,0.E0,1.E0));
#6734=AXIS2_PLACEMENT_3D('',#6731,#6732,#6733);
#6735=PLANE('',#6734);
#6736=ORIENTED_EDGE('',*,*,#6598,.T.);
#6738=ORIENTED_EDGE('',*,*,#6737,.T.);
#6740=ORIENTED_EDGE('',*,*,#6739,.F.);
#6741=ORIENTED_EDGE('',*,*,#6695,.F.);
#6742=EDGE_LOOP('',(#6736,#6738,#6740,#6741));
#6743=FACE_OUTER_BOUND('',#6742,.F.);
#6744=ADVANCED_FACE('',(#6743),#6735,.T.);
#6745=FILL_AREA_STYLE_COLOUR('',#6);
#6746=FILL_AREA_STYLE('',(#6745));
#6747=SURFACE_STYLE_FILL_AREA(#6746);
#6748=SURFACE_SIDE_STYLE('',(#6747));
#6749=SURFACE_STYLE_USAGE(.BOTH.,#6748);
#6750=PRESENTATION_STYLE_ASSIGNMENT((#6749));
#6751=STYLED_ITEM('',(#6750),#6744);
#6752=CARTESIAN_POINT('',(-2.35E0,0.E0,8.32E0));
#6753=DIRECTION('',(-1.E0,0.E0,0.E0));
#6754=DIRECTION('',(0.E0,1.E0,0.E0));
#6755=AXIS2_PLACEMENT_3D('',#6752,#6753,#6754);
#6756=PLANE('',#6755);
#6757=ORIENTED_EDGE('',*,*,#6596,.T.);
#6759=ORIENTED_EDGE('',*,*,#6758,.F.);
#6761=ORIENTED_EDGE('',*,*,#6760,.F.);
#6763=ORIENTED_EDGE('',*,*,#6762,.F.);
#6765=ORIENTED_EDGE('',*,*,#6764,.F.);
#6767=ORIENTED_EDGE('',*,*,#6766,.F.);
#6769=ORIENTED_EDGE('',*,*,#6768,.F.);
#6771=ORIENTED_EDGE('',*,*,#6770,.F.);
#6773=ORIENTED_EDGE('',*,*,#6772,.F.);
#6775=ORIENTED_EDGE('',*,*,#6774,.F.);
#6777=ORIENTED_EDGE('',*,*,#6776,.F.);
#6779=ORIENTED_EDGE('',*,*,#6778,.F.);
#6781=ORIENTED_EDGE('',*,*,#6780,.F.);
#6782=ORIENTED_EDGE('',*,*,#6737,.F.);
#6783=EDGE_LOOP('',(#6757,#6759,#6761,#6763,#6765,#6767,#6769,#6771,#6773,#6775,
#6777,#6779,#6781,#6782));
#6784=FACE_OUTER_BOUND('',#6783,.F.);
#6785=ADVANCED_FACE('',(#6784),#6756,.T.);
#6786=FILL_AREA_STYLE_COLOUR('',#6);
#6787=FILL_AREA_STYLE('',(#6786));
#6788=SURFACE_STYLE_FILL_AREA(#6787);
#6789=SURFACE_SIDE_STYLE('',(#6788));
#6790=SURFACE_STYLE_USAGE(.BOTH.,#6789);
#6791=PRESENTATION_STYLE_ASSIGNMENT((#6790));
#6792=STYLED_ITEM('',(#6791),#6785);
#6793=CARTESIAN_POINT('',(2.35E0,2.E0,5.82E0));
#6794=DIRECTION('',(0.E0,1.E0,0.E0));
#6795=DIRECTION('',(0.E0,0.E0,-1.E0));
#6796=AXIS2_PLACEMENT_3D('',#6793,#6794,#6795);
#6797=PLANE('',#6796);
#6798=ORIENTED_EDGE('',*,*,#6594,.F.);
#6799=ORIENTED_EDGE('',*,*,#6719,.F.);
#6801=ORIENTED_EDGE('',*,*,#6800,.T.);
#6802=ORIENTED_EDGE('',*,*,#6758,.T.);
#6803=EDGE_LOOP('',(#6798,#6799,#6801,#6802));
#6804=FACE_OUTER_BOUND('',#6803,.F.);
#6805=ADVANCED_FACE('',(#6804),#6797,.T.);
#6806=FILL_AREA_STYLE_COLOUR('',#6);
#6807=FILL_AREA_STYLE('',(#6806));
#6808=SURFACE_STYLE_FILL_AREA(#6807);
#6809=SURFACE_SIDE_STYLE('',(#6808));
#6810=SURFACE_STYLE_USAGE(.BOTH.,#6809);
#6811=PRESENTATION_STYLE_ASSIGNMENT((#6810));
#6812=STYLED_ITEM('',(#6811),#6805);
#6813=CARTESIAN_POINT('',(2.35E0,6.05E0,5.82E0));
#6814=DIRECTION('',(0.E0,0.E0,-1.E0));
#6815=DIRECTION('',(0.E0,-1.E0,0.E0));
#6816=AXIS2_PLACEMENT_3D('',#6813,#6814,#6815);
#6817=PLANE('',#6816);
#6818=ORIENTED_EDGE('',*,*,#6717,.F.);
#6820=ORIENTED_EDGE('',*,*,#6819,.T.);
#6821=ORIENTED_EDGE('',*,*,#6760,.T.);
#6822=ORIENTED_EDGE('',*,*,#6800,.F.);
#6823=EDGE_LOOP('',(#6818,#6820,#6821,#6822));
#6824=FACE_OUTER_BOUND('',#6823,.F.);
#6825=ADVANCED_FACE('',(#6824),#6817,.T.);
#6826=FILL_AREA_STYLE_COLOUR('',#6);
#6827=FILL_AREA_STYLE('',(#6826));
#6828=SURFACE_STYLE_FILL_AREA(#6827);
#6829=SURFACE_SIDE_STYLE('',(#6828));
#6830=SURFACE_STYLE_USAGE(.BOTH.,#6829);
#6831=PRESENTATION_STYLE_ASSIGNMENT((#6830));
#6832=STYLED_ITEM('',(#6831),#6825);
#6833=CARTESIAN_POINT('',(2.35E0,6.05E0,1.2E-1));
#6834=DIRECTION('',(0.E0,-1.E0,0.E0));
#6835=DIRECTION('',(0.E0,0.E0,1.E0));
#6836=AXIS2_PLACEMENT_3D('',#6833,#6834,#6835);
#6837=PLANE('',#6836);
#6838=ORIENTED_EDGE('',*,*,#6715,.F.);
#6840=ORIENTED_EDGE('',*,*,#6839,.T.);
#6841=ORIENTED_EDGE('',*,*,#6762,.T.);
#6842=ORIENTED_EDGE('',*,*,#6819,.F.);
#6843=EDGE_LOOP('',(#6838,#6840,#6841,#6842));
#6844=FACE_OUTER_BOUND('',#6843,.F.);
#6845=ADVANCED_FACE('',(#6844),#6837,.T.);
#6846=FILL_AREA_STYLE_COLOUR('',#6);
#6847=FILL_AREA_STYLE('',(#6846));
#6848=SURFACE_STYLE_FILL_AREA(#6847);
#6849=SURFACE_SIDE_STYLE('',(#6848));
#6850=SURFACE_STYLE_USAGE(.BOTH.,#6849);
#6851=PRESENTATION_STYLE_ASSIGNMENT((#6850));
#6852=STYLED_ITEM('',(#6851),#6845);
#6853=CARTESIAN_POINT('',(2.35E0,8.35E0,1.2E-1));
#6854=DIRECTION('',(0.E0,0.E0,-1.E0));
#6855=DIRECTION('',(0.E0,-1.E0,0.E0));
#6856=AXIS2_PLACEMENT_3D('',#6853,#6854,#6855);
#6857=PLANE('',#6856);
#6858=ORIENTED_EDGE('',*,*,#6713,.F.);
#6860=ORIENTED_EDGE('',*,*,#6859,.T.);
#6861=ORIENTED_EDGE('',*,*,#6764,.T.);
#6862=ORIENTED_EDGE('',*,*,#6839,.F.);
#6863=EDGE_LOOP('',(#6858,#6860,#6861,#6862));
#6864=FACE_OUTER_BOUND('',#6863,.F.);
#6865=ADVANCED_FACE('',(#6864),#6857,.T.);
#6866=FILL_AREA_STYLE_COLOUR('',#6);
#6867=FILL_AREA_STYLE('',(#6866));
#6868=SURFACE_STYLE_FILL_AREA(#6867);
#6869=SURFACE_SIDE_STYLE('',(#6868));
#6870=SURFACE_STYLE_USAGE(.BOTH.,#6869);
#6871=PRESENTATION_STYLE_ASSIGNMENT((#6870));
#6872=STYLED_ITEM('',(#6871),#6865);
#6873=CARTESIAN_POINT('',(2.35E0,8.35E0,8.32E0));
#6874=DIRECTION('',(0.E0,1.E0,0.E0));
#6875=DIRECTION('',(0.E0,0.E0,-1.E0));
#6876=AXIS2_PLACEMENT_3D('',#6873,#6874,#6875);
#6877=PLANE('',#6876);
#6879=ORIENTED_EDGE('',*,*,#6878,.F.);
#6880=ORIENTED_EDGE('',*,*,#6766,.T.);
#6881=ORIENTED_EDGE('',*,*,#6859,.F.);
#6882=ORIENTED_EDGE('',*,*,#6711,.F.);
#6883=EDGE_LOOP('',(#6879,#6880,#6881,#6882));
#6884=FACE_OUTER_BOUND('',#6883,.F.);
#6885=ADVANCED_FACE('',(#6884),#6877,.T.);
#6886=FILL_AREA_STYLE_COLOUR('',#6);
#6887=FILL_AREA_STYLE('',(#6886));
#6888=SURFACE_STYLE_FILL_AREA(#6887);
#6889=SURFACE_SIDE_STYLE('',(#6888));
#6890=SURFACE_STYLE_USAGE(.BOTH.,#6889);
#6891=PRESENTATION_STYLE_ASSIGNMENT((#6890));
#6892=STYLED_ITEM('',(#6891),#6885);
#6893=CARTESIAN_POINT('',(-8.47692E0,7.85E0,7.82E0));
#6894=DIRECTION('',(1.E0,0.E0,0.E0));
#6895=DIRECTION('',(0.E0,1.E0,0.E0));
#6896=AXIS2_PLACEMENT_3D('',#6893,#6894,#6895);
#6897=CYLINDRICAL_SURFACE('',#6896,5.E-1);
#6898=ORIENTED_EDGE('',*,*,#6709,.T.);
#6900=ORIENTED_EDGE('',*,*,#6899,.F.);
#6901=ORIENTED_EDGE('',*,*,#6768,.T.);
#6902=ORIENTED_EDGE('',*,*,#6878,.T.);
#6903=EDGE_LOOP('',(#6898,#6900,#6901,#6902));
#6904=FACE_OUTER_BOUND('',#6903,.F.);
#6905=ADVANCED_FACE('',(#6904),#6897,.T.);
#6906=FILL_AREA_STYLE_COLOUR('',#6);
#6907=FILL_AREA_STYLE('',(#6906));
#6908=SURFACE_STYLE_FILL_AREA(#6907);
#6909=SURFACE_SIDE_STYLE('',(#6908));
#6910=SURFACE_STYLE_USAGE(.BOTH.,#6909);
#6911=PRESENTATION_STYLE_ASSIGNMENT((#6910));
#6912=STYLED_ITEM('',(#6911),#6905);
#6913=CARTESIAN_POINT('',(2.35E0,-8.35E0,8.32E0));
#6914=DIRECTION('',(0.E0,0.E0,1.E0));
#6915=DIRECTION('',(0.E0,1.E0,0.E0));
#6916=AXIS2_PLACEMENT_3D('',#6913,#6914,#6915);
#6917=PLANE('',#6916);
#6919=ORIENTED_EDGE('',*,*,#6918,.F.);
#6920=ORIENTED_EDGE('',*,*,#6770,.T.);
#6921=ORIENTED_EDGE('',*,*,#6899,.T.);
#6922=ORIENTED_EDGE('',*,*,#6707,.F.);
#6923=EDGE_LOOP('',(#6919,#6920,#6921,#6922));
#6924=FACE_OUTER_BOUND('',#6923,.F.);
#6925=ADVANCED_FACE('',(#6924),#6917,.T.);
#6926=FILL_AREA_STYLE_COLOUR('',#6);
#6927=FILL_AREA_STYLE('',(#6926));
#6928=SURFACE_STYLE_FILL_AREA(#6927);
#6929=SURFACE_SIDE_STYLE('',(#6928));
#6930=SURFACE_STYLE_USAGE(.BOTH.,#6929);
#6931=PRESENTATION_STYLE_ASSIGNMENT((#6930));
#6932=STYLED_ITEM('',(#6931),#6925);
#6933=CARTESIAN_POINT('',(-8.47692E0,-7.85E0,7.82E0));
#6934=DIRECTION('',(1.E0,0.E0,0.E0));
#6935=DIRECTION('',(0.E0,0.E0,1.E0));
#6936=AXIS2_PLACEMENT_3D('',#6933,#6934,#6935);
#6937=CYLINDRICAL_SURFACE('',#6936,5.E-1);
#6938=ORIENTED_EDGE('',*,*,#6705,.T.);
#6940=ORIENTED_EDGE('',*,*,#6939,.F.);
#6941=ORIENTED_EDGE('',*,*,#6772,.T.);
#6942=ORIENTED_EDGE('',*,*,#6918,.T.);
#6943=EDGE_LOOP('',(#6938,#6940,#6941,#6942));
#6944=FACE_OUTER_BOUND('',#6943,.F.);
#6945=ADVANCED_FACE('',(#6944),#6937,.T.);
#6946=FILL_AREA_STYLE_COLOUR('',#6);
#6947=FILL_AREA_STYLE('',(#6946));
#6948=SURFACE_STYLE_FILL_AREA(#6947);
#6949=SURFACE_SIDE_STYLE('',(#6948));
#6950=SURFACE_STYLE_USAGE(.BOTH.,#6949);
#6951=PRESENTATION_STYLE_ASSIGNMENT((#6950));
#6952=STYLED_ITEM('',(#6951),#6945);
#6953=CARTESIAN_POINT('',(2.35E0,-8.35E0,1.2E-1));
#6954=DIRECTION('',(0.E0,-1.E0,0.E0));
#6955=DIRECTION('',(0.E0,0.E0,1.E0));
#6956=AXIS2_PLACEMENT_3D('',#6953,#6954,#6955);
#6957=PLANE('',#6956);
#6958=ORIENTED_EDGE('',*,*,#6939,.T.);
#6959=ORIENTED_EDGE('',*,*,#6703,.F.);
#6961=ORIENTED_EDGE('',*,*,#6960,.T.);
#6962=ORIENTED_EDGE('',*,*,#6774,.T.);
#6963=EDGE_LOOP('',(#6958,#6959,#6961,#6962));
#6964=FACE_OUTER_BOUND('',#6963,.F.);
#6965=ADVANCED_FACE('',(#6964),#6957,.T.);
#6966=FILL_AREA_STYLE_COLOUR('',#6);
#6967=FILL_AREA_STYLE('',(#6966));
#6968=SURFACE_STYLE_FILL_AREA(#6967);
#6969=SURFACE_SIDE_STYLE('',(#6968));
#6970=SURFACE_STYLE_USAGE(.BOTH.,#6969);
#6971=PRESENTATION_STYLE_ASSIGNMENT((#6970));
#6972=STYLED_ITEM('',(#6971),#6965);
#6973=CARTESIAN_POINT('',(2.35E0,-6.05E0,1.2E-1));
#6974=DIRECTION('',(0.E0,0.E0,-1.E0));
#6975=DIRECTION('',(0.E0,-1.E0,0.E0));
#6976=AXIS2_PLACEMENT_3D('',#6973,#6974,#6975);
#6977=PLANE('',#6976);
#6978=ORIENTED_EDGE('',*,*,#6701,.F.);
#6980=ORIENTED_EDGE('',*,*,#6979,.T.);
#6981=ORIENTED_EDGE('',*,*,#6776,.T.);
#6982=ORIENTED_EDGE('',*,*,#6960,.F.);
#6983=EDGE_LOOP('',(#6978,#6980,#6981,#6982));
#6984=FACE_OUTER_BOUND('',#6983,.F.);
#6985=ADVANCED_FACE('',(#6984),#6977,.T.);
#6986=FILL_AREA_STYLE_COLOUR('',#6);
#6987=FILL_AREA_STYLE('',(#6986));
#6988=SURFACE_STYLE_FILL_AREA(#6987);
#6989=SURFACE_SIDE_STYLE('',(#6988));
#6990=SURFACE_STYLE_USAGE(.BOTH.,#6989);
#6991=PRESENTATION_STYLE_ASSIGNMENT((#6990));
#6992=STYLED_ITEM('',(#6991),#6985);
#6993=CARTESIAN_POINT('',(2.35E0,-6.05E0,5.82E0));
#6994=DIRECTION('',(0.E0,1.E0,0.E0));
#6995=DIRECTION('',(0.E0,0.E0,-1.E0));
#6996=AXIS2_PLACEMENT_3D('',#6993,#6994,#6995);
#6997=PLANE('',#6996);
#6998=ORIENTED_EDGE('',*,*,#6699,.F.);
#7000=ORIENTED_EDGE('',*,*,#6999,.T.);
#7001=ORIENTED_EDGE('',*,*,#6778,.T.);
#7002=ORIENTED_EDGE('',*,*,#6979,.F.);
#7003=EDGE_LOOP('',(#6998,#7000,#7001,#7002));
#7004=FACE_OUTER_BOUND('',#7003,.F.);
#7005=ADVANCED_FACE('',(#7004),#6997,.T.);
#7006=FILL_AREA_STYLE_COLOUR('',#6);
#7007=FILL_AREA_STYLE('',(#7006));
#7008=SURFACE_STYLE_FILL_AREA(#7007);
#7009=SURFACE_SIDE_STYLE('',(#7008));
#7010=SURFACE_STYLE_USAGE(.BOTH.,#7009);
#7011=PRESENTATION_STYLE_ASSIGNMENT((#7010));
#7012=STYLED_ITEM('',(#7011),#7005);
#7013=CARTESIAN_POINT('',(2.35E0,-2.E0,5.82E0));
#7014=DIRECTION('',(0.E0,0.E0,-1.E0));
#7015=DIRECTION('',(0.E0,-1.E0,0.E0));
#7016=AXIS2_PLACEMENT_3D('',#7013,#7014,#7015);
#7017=PLANE('',#7016);
#7018=ORIENTED_EDGE('',*,*,#6697,.F.);
#7019=ORIENTED_EDGE('',*,*,#6739,.T.);
#7020=ORIENTED_EDGE('',*,*,#6780,.T.);
#7021=ORIENTED_EDGE('',*,*,#6999,.F.);
#7022=EDGE_LOOP('',(#7018,#7019,#7020,#7021));
#7023=FACE_OUTER_BOUND('',#7022,.F.);
#7024=ADVANCED_FACE('',(#7023),#7017,.T.);
#7025=FILL_AREA_STYLE_COLOUR('',#6);
#7026=FILL_AREA_STYLE('',(#7025));
#7027=SURFACE_STYLE_FILL_AREA(#7026);
#7028=SURFACE_SIDE_STYLE('',(#7027));
#7029=SURFACE_STYLE_USAGE(.BOTH.,#7028);
#7030=PRESENTATION_STYLE_ASSIGNMENT((#7029));
#7031=STYLED_ITEM('',(#7030),#7024);
#7032=CARTESIAN_POINT('',(-4.49E0,-9.860499301810E0,9.E0));
#7033=DIRECTION('',(1.E0,0.E0,0.E0));
#7034=DIRECTION('',(0.E0,1.E0,0.E0));
#7035=AXIS2_PLACEMENT_3D('',#7032,#7033,#7034);
#7036=PLANE('',#7035);
#7038=ORIENTED_EDGE('',*,*,#7037,.F.);
#7039=ORIENTED_EDGE('',*,*,#6460,.T.);
#7040=ORIENTED_EDGE('',*,*,#6485,.F.);
#7042=ORIENTED_EDGE('',*,*,#7041,.T.);
#7044=ORIENTED_EDGE('',*,*,#7043,.F.);
#7046=ORIENTED_EDGE('',*,*,#7045,.T.);
#7048=ORIENTED_EDGE('',*,*,#7047,.T.);
#7049=EDGE_LOOP('',(#7038,#7039,#7040,#7042,#7044,#7046,#7048));
#7050=FACE_OUTER_BOUND('',#7049,.F.);
#7051=ADVANCED_FACE('',(#7050),#7036,.F.);
#7052=FILL_AREA_STYLE_COLOUR('',#4);
#7053=FILL_AREA_STYLE('',(#7052));
#7054=SURFACE_STYLE_FILL_AREA(#7053);
#7055=SURFACE_SIDE_STYLE('',(#7054));
#7056=SURFACE_STYLE_USAGE(.BOTH.,#7055);
#7057=PRESENTATION_STYLE_ASSIGNMENT((#7056));
#7058=STYLED_ITEM('',(#7057),#7051);
#7059=CARTESIAN_POINT('',(-3.99E0,-8.1E0,-3.234696E1));
#7060=DIRECTION('',(0.E0,0.E0,1.E0));
#7061=DIRECTION('',(-1.E0,0.E0,0.E0));
#7062=AXIS2_PLACEMENT_3D('',#7059,#7060,#7061);
#7063=CYLINDRICAL_SURFACE('',#7062,5.E-1);
#7065=ORIENTED_EDGE('',*,*,#7064,.T.);
#7067=ORIENTED_EDGE('',*,*,#7066,.F.);
#7068=ORIENTED_EDGE('',*,*,#6462,.T.);
#7069=ORIENTED_EDGE('',*,*,#7037,.T.);
#7070=EDGE_LOOP('',(#7065,#7067,#7068,#7069));
#7071=FACE_OUTER_BOUND('',#7070,.F.);
#7072=ADVANCED_FACE('',(#7071),#7063,.T.);
#7073=FILL_AREA_STYLE_COLOUR('',#4);
#7074=FILL_AREA_STYLE('',(#7073));
#7075=SURFACE_STYLE_FILL_AREA(#7074);
#7076=SURFACE_SIDE_STYLE('',(#7075));
#7077=SURFACE_STYLE_USAGE(.BOTH.,#7076);
#7078=PRESENTATION_STYLE_ASSIGNMENT((#7077));
#7079=STYLED_ITEM('',(#7078),#7072);
#7080=CARTESIAN_POINT('',(0.E0,0.E0,1.05E1));
#7081=DIRECTION('',(0.E0,0.E0,1.E0));
#7082=DIRECTION('',(0.E0,1.E0,0.E0));
#7083=AXIS2_PLACEMENT_3D('',#7080,#7081,#7082);
#7084=PLANE('',#7083);
#7086=ORIENTED_EDGE('',*,*,#7085,.F.);
#7088=ORIENTED_EDGE('',*,*,#7087,.F.);
#7089=ORIENTED_EDGE('',*,*,#7064,.F.);
#7090=ORIENTED_EDGE('',*,*,#7047,.F.);
#7092=ORIENTED_EDGE('',*,*,#7091,.F.);
#7094=ORIENTED_EDGE('',*,*,#7093,.F.);
#7095=EDGE_LOOP('',(#7086,#7088,#7089,#7090,#7092,#7094));
#7096=FACE_OUTER_BOUND('',#7095,.F.);
#7097=ADVANCED_FACE('',(#7096),#7084,.T.);
#7098=FILL_AREA_STYLE_COLOUR('',#4);
#7099=FILL_AREA_STYLE('',(#7098));
#7100=SURFACE_STYLE_FILL_AREA(#7099);
#7101=SURFACE_SIDE_STYLE('',(#7100));
#7102=SURFACE_STYLE_USAGE(.POSITIVE.,#7101);
#7103=PRESENTATION_STYLE_ASSIGNMENT((#7102));
#7104=STYLED_ITEM('',(#7103),#7097);
#7105=CARTESIAN_POINT('',(-3.188712589636E0,-8.1E0,3.474696E1));
#7106=DIRECTION('',(0.E0,0.E0,-1.E0));
#7107=DIRECTION('',(1.E0,0.E0,0.E0));
#7108=AXIS2_PLACEMENT_3D('',#7105,#7106,#7107);
#7109=CYLINDRICAL_SURFACE('',#7108,5.E-1);
#7110=ORIENTED_EDGE('',*,*,#7085,.T.);
#7112=ORIENTED_EDGE('',*,*,#7111,.T.);
#7113=ORIENTED_EDGE('',*,*,#6438,.T.);
#7115=ORIENTED_EDGE('',*,*,#7114,.F.);
#7116=EDGE_LOOP('',(#7110,#7112,#7113,#7115));
#7117=FACE_OUTER_BOUND('',#7116,.F.);
#7118=ADVANCED_FACE('',(#7117),#7109,.T.);
#7119=FILL_AREA_STYLE_COLOUR('',#4);
#7120=FILL_AREA_STYLE('',(#7119));
#7121=SURFACE_STYLE_FILL_AREA(#7120);
#7122=SURFACE_SIDE_STYLE('',(#7121));
#7123=SURFACE_STYLE_USAGE(.BOTH.,#7122);
#7124=PRESENTATION_STYLE_ASSIGNMENT((#7123));
#7125=STYLED_ITEM('',(#7124),#7118);
#7126=CARTESIAN_POINT('',(-2.688712589636E0,-8.6E0,9.E0));
#7127=DIRECTION('',(1.E0,0.E0,0.E0));
#7128=DIRECTION('',(0.E0,1.E0,0.E0));
#7129=AXIS2_PLACEMENT_3D('',#7126,#7127,#7128);
#7130=PLANE('',#7129);
#7131=ORIENTED_EDGE('',*,*,#7111,.F.);
#7132=ORIENTED_EDGE('',*,*,#7093,.T.);
#7134=ORIENTED_EDGE('',*,*,#7133,.F.);
#7135=ORIENTED_EDGE('',*,*,#6398,.F.);
#7136=EDGE_LOOP('',(#7131,#7132,#7134,#7135));
#7137=FACE_OUTER_BOUND('',#7136,.F.);
#7138=ADVANCED_FACE('',(#7137),#7130,.T.);
#7139=FILL_AREA_STYLE_COLOUR('',#4);
#7140=FILL_AREA_STYLE('',(#7139));
#7141=SURFACE_STYLE_FILL_AREA(#7140);
#7142=SURFACE_SIDE_STYLE('',(#7141));
#7143=SURFACE_STYLE_USAGE(.BOTH.,#7142);
#7144=PRESENTATION_STYLE_ASSIGNMENT((#7143));
#7145=STYLED_ITEM('',(#7144),#7138);
#7146=CARTESIAN_POINT('',(-2.688712589636E0,-7.1E0,9.E0));
#7147=DIRECTION('',(0.E0,1.E0,0.E0));
#7148=DIRECTION('',(-1.E0,0.E0,0.E0));
#7149=AXIS2_PLACEMENT_3D('',#7146,#7147,#7148);
#7150=PLANE('',#7149);
#7152=ORIENTED_EDGE('',*,*,#7151,.F.);
#7153=ORIENTED_EDGE('',*,*,#7133,.T.);
#7154=ORIENTED_EDGE('',*,*,#7091,.T.);
#7155=ORIENTED_EDGE('',*,*,#7045,.F.);
#7156=EDGE_LOOP('',(#7152,#7153,#7154,#7155));
#7157=FACE_OUTER_BOUND('',#7156,.F.);
#7158=ADVANCED_FACE('',(#7157),#7150,.T.);
#7159=FILL_AREA_STYLE_COLOUR('',#4);
#7160=FILL_AREA_STYLE('',(#7159));
#7161=SURFACE_STYLE_FILL_AREA(#7160);
#7162=SURFACE_SIDE_STYLE('',(#7161));
#7163=SURFACE_STYLE_USAGE(.BOTH.,#7162);
#7164=PRESENTATION_STYLE_ASSIGNMENT((#7163));
#7165=STYLED_ITEM('',(#7164),#7158);
#7166=CARTESIAN_POINT('',(0.E0,0.E0,9.E0));
#7167=DIRECTION('',(0.E0,0.E0,1.E0));
#7168=DIRECTION('',(0.E0,1.E0,0.E0));
#7169=AXIS2_PLACEMENT_3D('',#7166,#7167,#7168);
#7170=PLANE('',#7169);
#7171=ORIENTED_EDGE('',*,*,#7151,.T.);
#7172=ORIENTED_EDGE('',*,*,#7043,.T.);
#7174=ORIENTED_EDGE('',*,*,#7173,.T.);
#7176=ORIENTED_EDGE('',*,*,#7175,.F.);
#7178=ORIENTED_EDGE('',*,*,#7177,.F.);
#7180=ORIENTED_EDGE('',*,*,#7179,.T.);
#7182=ORIENTED_EDGE('',*,*,#7181,.F.);
#7184=ORIENTED_EDGE('',*,*,#7183,.T.);
#7186=ORIENTED_EDGE('',*,*,#7185,.F.);
#7188=ORIENTED_EDGE('',*,*,#7187,.T.);
#7190=ORIENTED_EDGE('',*,*,#7189,.F.);
#7192=ORIENTED_EDGE('',*,*,#7191,.T.);
#7194=ORIENTED_EDGE('',*,*,#7193,.F.);
#7196=ORIENTED_EDGE('',*,*,#7195,.T.);
#7198=ORIENTED_EDGE('',*,*,#7197,.F.);
#7200=ORIENTED_EDGE('',*,*,#7199,.T.);
#7202=ORIENTED_EDGE('',*,*,#7201,.F.);
#7204=ORIENTED_EDGE('',*,*,#7203,.F.);
#7206=ORIENTED_EDGE('',*,*,#7205,.T.);
#7208=ORIENTED_EDGE('',*,*,#7207,.F.);
#7210=ORIENTED_EDGE('',*,*,#7209,.T.);
#7211=ORIENTED_EDGE('',*,*,#6400,.F.);
#7212=EDGE_LOOP('',(#7171,#7172,#7174,#7176,#7178,#7180,#7182,#7184,#7186,#7188,
#7190,#7192,#7194,#7196,#7198,#7200,#7202,#7204,#7206,#7208,#7210,#7211));
#7213=FACE_OUTER_BOUND('',#7212,.F.);
#7215=ORIENTED_EDGE('',*,*,#7214,.F.);
#7217=ORIENTED_EDGE('',*,*,#7216,.F.);
#7219=ORIENTED_EDGE('',*,*,#7218,.F.);
#7221=ORIENTED_EDGE('',*,*,#7220,.F.);
#7222=EDGE_LOOP('',(#7215,#7217,#7219,#7221));
#7223=FACE_BOUND('',#7222,.F.);
#7225=ORIENTED_EDGE('',*,*,#7224,.F.);
#7227=ORIENTED_EDGE('',*,*,#7226,.F.);
#7229=ORIENTED_EDGE('',*,*,#7228,.F.);
#7231=ORIENTED_EDGE('',*,*,#7230,.F.);
#7232=EDGE_LOOP('',(#7225,#7227,#7229,#7231));
#7233=FACE_BOUND('',#7232,.F.);
#7235=ORIENTED_EDGE('',*,*,#7234,.F.);
#7237=ORIENTED_EDGE('',*,*,#7236,.F.);
#7239=ORIENTED_EDGE('',*,*,#7238,.F.);
#7241=ORIENTED_EDGE('',*,*,#7240,.F.);
#7242=EDGE_LOOP('',(#7235,#7237,#7239,#7241));
#7243=FACE_BOUND('',#7242,.F.);
#7244=ADVANCED_FACE('',(#7213,#7223,#7233,#7243),#7170,.T.);
#7245=FILL_AREA_STYLE_COLOUR('',#4);
#7246=FILL_AREA_STYLE('',(#7245));
#7247=SURFACE_STYLE_FILL_AREA(#7246);
#7248=SURFACE_SIDE_STYLE('',(#7247));
#7249=SURFACE_STYLE_USAGE(.POSITIVE.,#7248);
#7250=PRESENTATION_STYLE_ASSIGNMENT((#7249));
#7251=STYLED_ITEM('',(#7250),#7244);
#7252=CARTESIAN_POINT('',(-4.49E0,-5.55E0,9.E0));
#7253=DIRECTION('',(6.819983600625E-1,7.313537016192E-1,0.E0));
#7254=DIRECTION('',(-7.313537016192E-1,6.819983600625E-1,0.E0));
#7255=AXIS2_PLACEMENT_3D('',#7252,#7253,#7254);
#7256=PLANE('',#7255);
#7258=ORIENTED_EDGE('',*,*,#7257,.T.);
#7259=ORIENTED_EDGE('',*,*,#7173,.F.);
#7260=ORIENTED_EDGE('',*,*,#7041,.F.);
#7261=ORIENTED_EDGE('',*,*,#5599,.T.);
#7262=EDGE_LOOP('',(#7258,#7259,#7260,#7261));
#7263=FACE_OUTER_BOUND('',#7262,.F.);
#7264=ADVANCED_FACE('',(#7263),#7256,.F.);
#7265=FILL_AREA_STYLE_COLOUR('',#4);
#7266=FILL_AREA_STYLE('',(#7265));
#7267=SURFACE_STYLE_FILL_AREA(#7266);
#7268=SURFACE_SIDE_STYLE('',(#7267));
#7269=SURFACE_STYLE_USAGE(.BOTH.,#7268);
#7270=PRESENTATION_STYLE_ASSIGNMENT((#7269));
#7271=STYLED_ITEM('',(#7270),#7264);
#7272=CARTESIAN_POINT('',(-5.1E0,-4.297502066907E0,-3.039156E1));
#7273=DIRECTION('',(0.E0,0.E0,1.E0));
#7274=DIRECTION('',(-1.E0,0.E0,0.E0));
#7275=AXIS2_PLACEMENT_3D('',#7272,#7273,#7274);
#7276=CYLINDRICAL_SURFACE('',#7275,5.E-1);
#7277=ORIENTED_EDGE('',*,*,#7175,.T.);
#7278=ORIENTED_EDGE('',*,*,#7257,.F.);
#7279=ORIENTED_EDGE('',*,*,#5597,.T.);
#7281=ORIENTED_EDGE('',*,*,#7280,.T.);
#7282=EDGE_LOOP('',(#7277,#7278,#7279,#7281));
#7283=FACE_OUTER_BOUND('',#7282,.F.);
#7284=ADVANCED_FACE('',(#7283),#7276,.T.);
#7285=FILL_AREA_STYLE_COLOUR('',#4);
#7286=FILL_AREA_STYLE('',(#7285));
#7287=SURFACE_STYLE_FILL_AREA(#7286);
#7288=SURFACE_SIDE_STYLE('',(#7287));
#7289=SURFACE_STYLE_USAGE(.BOTH.,#7288);
#7290=PRESENTATION_STYLE_ASSIGNMENT((#7289));
#7291=STYLED_ITEM('',(#7290),#7284);
#7292=CARTESIAN_POINT('',(-5.6E0,5.55E0,5.E0));
#7293=DIRECTION('',(-1.E0,0.E0,0.E0));
#7294=DIRECTION('',(0.E0,-1.E0,0.E0));
#7295=AXIS2_PLACEMENT_3D('',#7292,#7293,#7294);
#7296=PLANE('',#7295);
#7298=ORIENTED_EDGE('',*,*,#7297,.F.);
#7300=ORIENTED_EDGE('',*,*,#7299,.T.);
#7301=ORIENTED_EDGE('',*,*,#7177,.T.);
#7302=ORIENTED_EDGE('',*,*,#7280,.F.);
#7303=ORIENTED_EDGE('',*,*,#5595,.F.);
#7304=EDGE_LOOP('',(#7298,#7300,#7301,#7302,#7303));
#7305=FACE_OUTER_BOUND('',#7304,.F.);
#7306=ADVANCED_FACE('',(#7305),#7296,.T.);
#7307=FILL_AREA_STYLE_COLOUR('',#4);
#7308=FILL_AREA_STYLE('',(#7307));
#7309=SURFACE_STYLE_FILL_AREA(#7308);
#7310=SURFACE_SIDE_STYLE('',(#7309));
#7311=SURFACE_STYLE_USAGE(.POSITIVE.,#7310);
#7312=PRESENTATION_STYLE_ASSIGNMENT((#7311));
#7313=STYLED_ITEM('',(#7312),#7306);
#7314=CARTESIAN_POINT('',(-2.020032E1,-6.156479959572E0,5.5E0));
#7315=DIRECTION('',(9.815130841198E-1,1.913950514034E-1,0.E0));
#7316=DIRECTION('',(0.E0,0.E0,-1.E0));
#7317=AXIS2_PLACEMENT_3D('',#7314,#7315,#7316);
#7318=CYLINDRICAL_SURFACE('',#7317,5.E-1);
#7320=ORIENTED_EDGE('',*,*,#7319,.T.);
#7322=ORIENTED_EDGE('',*,*,#7321,.T.);
#7324=ORIENTED_EDGE('',*,*,#7323,.F.);
#7325=ORIENTED_EDGE('',*,*,#7297,.T.);
#7326=ORIENTED_EDGE('',*,*,#5593,.T.);
#7327=EDGE_LOOP('',(#7320,#7322,#7324,#7325,#7326));
#7328=FACE_OUTER_BOUND('',#7327,.F.);
#7329=ADVANCED_FACE('',(#7328),#7318,.T.);
#7330=FILL_AREA_STYLE_COLOUR('',#4);
#7331=FILL_AREA_STYLE('',(#7330));
#7332=SURFACE_STYLE_FILL_AREA(#7331);
#7333=SURFACE_SIDE_STYLE('',(#7332));
#7334=SURFACE_STYLE_USAGE(.BOTH.,#7333);
#7335=PRESENTATION_STYLE_ASSIGNMENT((#7334));
#7336=STYLED_ITEM('',(#7335),#7329);
#7337=CARTESIAN_POINT('',(0.E0,0.E0,5.E0));
#7338=DIRECTION('',(0.E0,0.E0,-1.E0));
#7339=DIRECTION('',(0.E0,1.E0,0.E0));
#7340=AXIS2_PLACEMENT_3D('',#7337,#7338,#7339);
#7341=PLANE('',#7340);
#7342=ORIENTED_EDGE('',*,*,#7319,.F.);
#7343=ORIENTED_EDGE('',*,*,#5571,.F.);
#7345=ORIENTED_EDGE('',*,*,#7344,.F.);
#7347=ORIENTED_EDGE('',*,*,#7346,.F.);
#7349=ORIENTED_EDGE('',*,*,#7348,.T.);
#7351=ORIENTED_EDGE('',*,*,#7350,.F.);
#7353=ORIENTED_EDGE('',*,*,#7352,.F.);
#7355=ORIENTED_EDGE('',*,*,#7354,.F.);
#7357=ORIENTED_EDGE('',*,*,#7356,.F.);
#7359=ORIENTED_EDGE('',*,*,#7358,.T.);
#7360=EDGE_LOOP('',(#7342,#7343,#7345,#7347,#7349,#7351,#7353,#7355,#7357,
#7359));
#7361=FACE_OUTER_BOUND('',#7360,.F.);
#7362=ADVANCED_FACE('',(#7361),#7341,.F.);
#7363=FILL_AREA_STYLE_COLOUR('',#14);
#7364=FILL_AREA_STYLE('',(#7363));
#7365=SURFACE_STYLE_FILL_AREA(#7364);
#7366=SURFACE_SIDE_STYLE('',(#7365));
#7367=SURFACE_STYLE_USAGE(.BOTH.,#7366);
#7368=PRESENTATION_STYLE_ASSIGNMENT((#7367));
#7369=STYLED_ITEM('',(#7368),#7362);
#7370=CARTESIAN_POINT('',(-5.2E0,3.040159739729E0,4.7E0));
#7371=DIRECTION('',(0.E0,-1.E0,0.E0));
#7372=DIRECTION('',(0.E0,0.E0,1.E0));
#7373=AXIS2_PLACEMENT_3D('',#7370,#7371,#7372);
#7374=CYLINDRICAL_SURFACE('',#7373,3.E-1);
#7376=ORIENTED_EDGE('',*,*,#7375,.T.);
#7377=ORIENTED_EDGE('',*,*,#7344,.T.);
#7378=ORIENTED_EDGE('',*,*,#5569,.T.);
#7379=ORIENTED_EDGE('',*,*,#5399,.F.);
#7381=ORIENTED_EDGE('',*,*,#7380,.F.);
#7383=ORIENTED_EDGE('',*,*,#7382,.T.);
#7384=EDGE_LOOP('',(#7376,#7377,#7378,#7379,#7381,#7383));
#7385=FACE_OUTER_BOUND('',#7384,.F.);
#7386=ADVANCED_FACE('',(#7385),#7374,.T.);
#7387=FILL_AREA_STYLE_COLOUR('',#14);
#7388=FILL_AREA_STYLE('',(#7387));
#7389=SURFACE_STYLE_FILL_AREA(#7388);
#7390=SURFACE_SIDE_STYLE('',(#7389));
#7391=SURFACE_STYLE_USAGE(.BOTH.,#7390);
#7392=PRESENTATION_STYLE_ASSIGNMENT((#7391));
#7393=STYLED_ITEM('',(#7392),#7386);
#7394=CARTESIAN_POINT('',(0.E0,0.E0,5.E0));
#7395=DIRECTION('',(0.E0,0.E0,1.E0));
#7396=DIRECTION('',(1.E0,0.E0,0.E0));
#7397=AXIS2_PLACEMENT_3D('',#7394,#7395,#7396);
#7398=PLANE('',#7397);
#7399=ORIENTED_EDGE('',*,*,#7375,.F.);
#7401=ORIENTED_EDGE('',*,*,#7400,.F.);
#7403=ORIENTED_EDGE('',*,*,#7402,.T.);
#7405=ORIENTED_EDGE('',*,*,#7404,.F.);
#7406=EDGE_LOOP('',(#7399,#7401,#7403,#7405));
#7407=FACE_OUTER_BOUND('',#7406,.F.);
#7408=ADVANCED_FACE('',(#7407),#7398,.F.);
#7409=FILL_AREA_STYLE_COLOUR('',#4);
#7410=FILL_AREA_STYLE('',(#7409));
#7411=SURFACE_STYLE_FILL_AREA(#7410);
#7412=SURFACE_SIDE_STYLE('',(#7411));
#7413=SURFACE_STYLE_USAGE(.POSITIVE.,#7412);
#7414=PRESENTATION_STYLE_ASSIGNMENT((#7413));
#7415=STYLED_ITEM('',(#7414),#7408);
#7416=CARTESIAN_POINT('',(-2.020032E1,-2.556479959572E0,5.5E0));
#7417=DIRECTION('',(9.815130841198E-1,1.913950514034E-1,0.E0));
#7418=DIRECTION('',(0.E0,0.E0,-1.E0));
#7419=AXIS2_PLACEMENT_3D('',#7416,#7417,#7418);
#7420=CYLINDRICAL_SURFACE('',#7419,5.E-1);
#7422=ORIENTED_EDGE('',*,*,#7421,.T.);
#7424=ORIENTED_EDGE('',*,*,#7423,.T.);
#7426=ORIENTED_EDGE('',*,*,#7425,.F.);
#7428=ORIENTED_EDGE('',*,*,#7427,.T.);
#7429=ORIENTED_EDGE('',*,*,#7400,.T.);
#7430=EDGE_LOOP('',(#7422,#7424,#7426,#7428,#7429));
#7431=FACE_OUTER_BOUND('',#7430,.F.);
#7432=ADVANCED_FACE('',(#7431),#7420,.T.);
#7433=FILL_AREA_STYLE_COLOUR('',#4);
#7434=FILL_AREA_STYLE('',(#7433));
#7435=SURFACE_STYLE_FILL_AREA(#7434);
#7436=SURFACE_SIDE_STYLE('',(#7435));
#7437=SURFACE_STYLE_USAGE(.BOTH.,#7436);
#7438=PRESENTATION_STYLE_ASSIGNMENT((#7437));
#7439=STYLED_ITEM('',(#7438),#7432);
#7440=CARTESIAN_POINT('',(0.E0,0.E0,5.E0));
#7441=DIRECTION('',(0.E0,0.E0,-1.E0));
#7442=DIRECTION('',(0.E0,1.E0,0.E0));
#7443=AXIS2_PLACEMENT_3D('',#7440,#7441,#7442);
#7444=PLANE('',#7443);
#7445=ORIENTED_EDGE('',*,*,#7421,.F.);
#7446=ORIENTED_EDGE('',*,*,#7382,.F.);
#7448=ORIENTED_EDGE('',*,*,#7447,.F.);
#7450=ORIENTED_EDGE('',*,*,#7449,.F.);
#7452=ORIENTED_EDGE('',*,*,#7451,.T.);
#7454=ORIENTED_EDGE('',*,*,#7453,.F.);
#7456=ORIENTED_EDGE('',*,*,#7455,.F.);
#7458=ORIENTED_EDGE('',*,*,#7457,.F.);
#7460=ORIENTED_EDGE('',*,*,#7459,.F.);
#7462=ORIENTED_EDGE('',*,*,#7461,.T.);
#7463=EDGE_LOOP('',(#7445,#7446,#7448,#7450,#7452,#7454,#7456,#7458,#7460,
#7462));
#7464=FACE_OUTER_BOUND('',#7463,.F.);
#7465=ADVANCED_FACE('',(#7464),#7444,.F.);
#7466=FILL_AREA_STYLE_COLOUR('',#14);
#7467=FILL_AREA_STYLE('',(#7466));
#7468=SURFACE_STYLE_FILL_AREA(#7467);
#7469=SURFACE_SIDE_STYLE('',(#7468));
#7470=SURFACE_STYLE_USAGE(.POSITIVE.,#7469);
#7471=PRESENTATION_STYLE_ASSIGNMENT((#7470));
#7472=STYLED_ITEM('',(#7471),#7465);
#7473=CARTESIAN_POINT('',(-3.E0,3.E0,4.7E0));
#7474=DIRECTION('',(0.E0,0.E0,1.E0));
#7475=DIRECTION('',(1.130793687640E-2,9.999360632378E-1,0.E0));
#7476=AXIS2_PLACEMENT_3D('',#7473,#7474,#7475);
#7477=TOROIDAL_SURFACE('',#7476,2.2E0,3.E-1);
#7479=ORIENTED_EDGE('',*,*,#7478,.T.);
#7480=ORIENTED_EDGE('',*,*,#7447,.T.);
#7481=ORIENTED_EDGE('',*,*,#7380,.T.);
#7482=ORIENTED_EDGE('',*,*,#5421,.F.);
#7484=ORIENTED_EDGE('',*,*,#7483,.F.);
#7485=EDGE_LOOP('',(#7479,#7480,#7481,#7482,#7484));
#7486=FACE_OUTER_BOUND('',#7485,.F.);
#7487=ADVANCED_FACE('',(#7486),#7477,.T.);
#7488=FILL_AREA_STYLE_COLOUR('',#14);
#7489=FILL_AREA_STYLE('',(#7488));
#7490=SURFACE_STYLE_FILL_AREA(#7489);
#7491=SURFACE_SIDE_STYLE('',(#7490));
#7492=SURFACE_STYLE_USAGE(.BOTH.,#7491);
#7493=PRESENTATION_STYLE_ASSIGNMENT((#7492));
#7494=STYLED_ITEM('',(#7493),#7487);
#7495=CARTESIAN_POINT('',(0.E0,0.E0,5.E0));
#7496=DIRECTION('',(0.E0,0.E0,1.E0));
#7497=DIRECTION('',(1.E0,0.E0,0.E0));
#7498=AXIS2_PLACEMENT_3D('',#7495,#7496,#7497);
#7499=PLANE('',#7498);
#7500=ORIENTED_EDGE('',*,*,#7478,.F.);
#7502=ORIENTED_EDGE('',*,*,#7501,.F.);
#7504=ORIENTED_EDGE('',*,*,#7503,.F.);
#7506=ORIENTED_EDGE('',*,*,#7505,.F.);
#7508=ORIENTED_EDGE('',*,*,#7507,.T.);
#7510=ORIENTED_EDGE('',*,*,#7509,.F.);
#7512=ORIENTED_EDGE('',*,*,#7511,.T.);
#7513=ORIENTED_EDGE('',*,*,#6316,.T.);
#7514=ORIENTED_EDGE('',*,*,#6356,.T.);
#7516=ORIENTED_EDGE('',*,*,#7515,.T.);
#7518=ORIENTED_EDGE('',*,*,#7517,.F.);
#7520=ORIENTED_EDGE('',*,*,#7519,.F.);
#7522=ORIENTED_EDGE('',*,*,#7521,.T.);
#7524=ORIENTED_EDGE('',*,*,#7523,.F.);
#7525=EDGE_LOOP('',(#7500,#7502,#7504,#7506,#7508,#7510,#7512,#7513,#7514,#7516,
#7518,#7520,#7522,#7524));
#7526=FACE_OUTER_BOUND('',#7525,.F.);
#7527=ADVANCED_FACE('',(#7526),#7499,.F.);
#7528=FILL_AREA_STYLE_COLOUR('',#4);
#7529=FILL_AREA_STYLE('',(#7528));
#7530=SURFACE_STYLE_FILL_AREA(#7529);
#7531=SURFACE_SIDE_STYLE('',(#7530));
#7532=SURFACE_STYLE_USAGE(.POSITIVE.,#7531);
#7533=PRESENTATION_STYLE_ASSIGNMENT((#7532));
#7534=STYLED_ITEM('',(#7533),#7527);
#7535=CARTESIAN_POINT('',(3.040159739729E0,5.2E0,4.7E0));
#7536=DIRECTION('',(-1.E0,0.E0,0.E0));
#7537=DIRECTION('',(0.E0,0.E0,1.E0));
#7538=AXIS2_PLACEMENT_3D('',#7535,#7536,#7537);
#7539=CYLINDRICAL_SURFACE('',#7538,3.E-1);
#7540=ORIENTED_EDGE('',*,*,#7501,.T.);
#7541=ORIENTED_EDGE('',*,*,#7483,.T.);
#7542=ORIENTED_EDGE('',*,*,#5442,.F.);
#7544=ORIENTED_EDGE('',*,*,#7543,.F.);
#7545=EDGE_LOOP('',(#7540,#7541,#7542,#7544));
#7546=FACE_OUTER_BOUND('',#7545,.F.);
#7547=ADVANCED_FACE('',(#7546),#7539,.T.);
#7548=FILL_AREA_STYLE_COLOUR('',#14);
#7549=FILL_AREA_STYLE('',(#7548));
#7550=SURFACE_STYLE_FILL_AREA(#7549);
#7551=SURFACE_SIDE_STYLE('',(#7550));
#7552=SURFACE_STYLE_USAGE(.BOTH.,#7551);
#7553=PRESENTATION_STYLE_ASSIGNMENT((#7552));
#7554=STYLED_ITEM('',(#7553),#7547);
#7555=CARTESIAN_POINT('',(3.E0,3.E0,4.7E0));
#7556=DIRECTION('',(0.E0,0.E0,1.E0));
#7557=DIRECTION('',(9.999360632378E-1,-1.130793687640E-2,0.E0));
#7558=AXIS2_PLACEMENT_3D('',#7555,#7556,#7557);
#7559=TOROIDAL_SURFACE('',#7558,2.2E0,3.E-1);
#7560=ORIENTED_EDGE('',*,*,#7503,.T.);
#7561=ORIENTED_EDGE('',*,*,#7543,.T.);
#7562=ORIENTED_EDGE('',*,*,#5463,.F.);
#7564=ORIENTED_EDGE('',*,*,#7563,.F.);
#7566=ORIENTED_EDGE('',*,*,#7565,.T.);
#7567=EDGE_LOOP('',(#7560,#7561,#7562,#7564,#7566));
#7568=FACE_OUTER_BOUND('',#7567,.F.);
#7569=ADVANCED_FACE('',(#7568),#7559,.T.);
#7570=FILL_AREA_STYLE_COLOUR('',#14);
#7571=FILL_AREA_STYLE('',(#7570));
#7572=SURFACE_STYLE_FILL_AREA(#7571);
#7573=SURFACE_SIDE_STYLE('',(#7572));
#7574=SURFACE_STYLE_USAGE(.BOTH.,#7573);
#7575=PRESENTATION_STYLE_ASSIGNMENT((#7574));
#7576=STYLED_ITEM('',(#7575),#7569);
#7577=CARTESIAN_POINT('',(5.2E0,-3.040159739729E0,4.7E0));
#7578=DIRECTION('',(0.E0,1.E0,0.E0));
#7579=DIRECTION('',(0.E0,0.E0,1.E0));
#7580=AXIS2_PLACEMENT_3D('',#7577,#7578,#7579);
#7581=CYLINDRICAL_SURFACE('',#7580,3.E-1);
#7583=ORIENTED_EDGE('',*,*,#7582,.T.);
#7585=ORIENTED_EDGE('',*,*,#7584,.T.);
#7586=ORIENTED_EDGE('',*,*,#7563,.T.);
#7587=ORIENTED_EDGE('',*,*,#5484,.F.);
#7588=ORIENTED_EDGE('',*,*,#5633,.F.);
#7589=ORIENTED_EDGE('',*,*,#5669,.T.);
#7590=EDGE_LOOP('',(#7583,#7585,#7586,#7587,#7588,#7589));
#7591=FACE_OUTER_BOUND('',#7590,.F.);
#7592=ADVANCED_FACE('',(#7591),#7581,.T.);
#7593=FILL_AREA_STYLE_COLOUR('',#14);
#7594=FILL_AREA_STYLE('',(#7593));
#7595=SURFACE_STYLE_FILL_AREA(#7594);
#7596=SURFACE_SIDE_STYLE('',(#7595));
#7597=SURFACE_STYLE_USAGE(.BOTH.,#7596);
#7598=PRESENTATION_STYLE_ASSIGNMENT((#7597));
#7599=STYLED_ITEM('',(#7598),#7592);
#7600=CARTESIAN_POINT('',(0.E0,0.E0,5.E0));
#7601=DIRECTION('',(0.E0,0.E0,1.E0));
#7602=DIRECTION('',(1.E0,0.E0,0.E0));
#7603=AXIS2_PLACEMENT_3D('',#7600,#7601,#7602);
#7604=PLANE('',#7603);
#7605=ORIENTED_EDGE('',*,*,#7582,.F.);
#7607=ORIENTED_EDGE('',*,*,#7606,.F.);
#7609=ORIENTED_EDGE('',*,*,#7608,.T.);
#7611=ORIENTED_EDGE('',*,*,#7610,.F.);
#7612=EDGE_LOOP('',(#7605,#7607,#7609,#7611));
#7613=FACE_OUTER_BOUND('',#7612,.F.);
#7614=ADVANCED_FACE('',(#7613),#7604,.F.);
#7615=FILL_AREA_STYLE_COLOUR('',#4);
#7616=FILL_AREA_STYLE('',(#7615));
#7617=SURFACE_STYLE_FILL_AREA(#7616);
#7618=SURFACE_SIDE_STYLE('',(#7617));
#7619=SURFACE_STYLE_USAGE(.POSITIVE.,#7618);
#7620=PRESENTATION_STYLE_ASSIGNMENT((#7619));
#7621=STYLED_ITEM('',(#7620),#7614);
#7622=CARTESIAN_POINT('',(2.020032E1,2.556479959572E0,5.5E0));
#7623=DIRECTION('',(-9.815130841198E-1,-1.913950514034E-1,0.E0));
#7624=DIRECTION('',(0.E0,0.E0,-1.E0));
#7625=AXIS2_PLACEMENT_3D('',#7622,#7623,#7624);
#7626=CYLINDRICAL_SURFACE('',#7625,5.E-1);
#7627=ORIENTED_EDGE('',*,*,#5667,.T.);
#7629=ORIENTED_EDGE('',*,*,#7628,.T.);
#7631=ORIENTED_EDGE('',*,*,#7630,.F.);
#7633=ORIENTED_EDGE('',*,*,#7632,.T.);
#7634=ORIENTED_EDGE('',*,*,#7606,.T.);
#7635=EDGE_LOOP('',(#7627,#7629,#7631,#7633,#7634));
#7636=FACE_OUTER_BOUND('',#7635,.F.);
#7637=ADVANCED_FACE('',(#7636),#7626,.T.);
#7638=FILL_AREA_STYLE_COLOUR('',#4);
#7639=FILL_AREA_STYLE('',(#7638));
#7640=SURFACE_STYLE_FILL_AREA(#7639);
#7641=SURFACE_SIDE_STYLE('',(#7640));
#7642=SURFACE_STYLE_USAGE(.BOTH.,#7641);
#7643=PRESENTATION_STYLE_ASSIGNMENT((#7642));
#7644=STYLED_ITEM('',(#7643),#7637);
#7645=CARTESIAN_POINT('',(4.1E0,-1.601917559572E0,5.5E0));
#7646=DIRECTION('',(0.E0,0.E0,1.E0));
#7647=DIRECTION('',(-1.102040934885E-1,9.939089786185E-1,0.E0));
#7648=AXIS2_PLACEMENT_3D('',#7645,#7646,#7647);
#7649=TOROIDAL_SURFACE('',#7648,1.E0,5.E-1);
#7650=ORIENTED_EDGE('',*,*,#5665,.T.);
#7652=ORIENTED_EDGE('',*,*,#7651,.T.);
#7654=ORIENTED_EDGE('',*,*,#7653,.F.);
#7655=ORIENTED_EDGE('',*,*,#7628,.F.);
#7656=EDGE_LOOP('',(#7650,#7652,#7654,#7655));
#7657=FACE_OUTER_BOUND('',#7656,.F.);
#7658=ADVANCED_FACE('',(#7657),#7649,.T.);
#7659=FILL_AREA_STYLE_COLOUR('',#4);
#7660=FILL_AREA_STYLE('',(#7659));
#7661=SURFACE_STYLE_FILL_AREA(#7660);
#7662=SURFACE_SIDE_STYLE('',(#7661));
#7663=SURFACE_STYLE_USAGE(.BOTH.,#7662);
#7664=PRESENTATION_STYLE_ASSIGNMENT((#7663));
#7665=STYLED_ITEM('',(#7664),#7658);
#7666=CARTESIAN_POINT('',(3.601420072834E0,-7.150957757236E-1,
5.000225552684E0));
#7667=CARTESIAN_POINT('',(3.598075272092E0,-7.169929923980E-1,
5.000276454537E0));
#7668=CARTESIAN_POINT('',(3.558249039836E0,-7.397779912098E-1,
5.000578051631E0));
#7669=CARTESIAN_POINT('',(3.470884322709E0,-7.948141183414E-1,
4.993588273257E0));
#7670=CARTESIAN_POINT('',(3.333779851833E0,-9.150072937662E-1,
4.963487368185E0));
#7671=CARTESIAN_POINT('',(3.199858963599E0,-1.097138224313E0,4.917971831517E0));
#7672=CARTESIAN_POINT('',(3.104853338084E0,-1.335732170657E0,4.876924455101E0));
#7673=CARTESIAN_POINT('',(3.081694243964E0,-1.525039935134E0,4.865847214277E0));
#7674=CARTESIAN_POINT('',(3.082743845321E0,-1.617820133806E0,4.866372630826E0));
#7675=CARTESIAN_POINT('',(3.082921692606E0,-1.625765545538E0,4.866463536691E0));
#7676=CARTESIAN_POINT('',(3.750915063864E0,-9.856224027374E-1,
4.989498082669E0));
#7677=CARTESIAN_POINT('',(3.749265315269E0,-9.865834381080E-1,
4.989548247549E0));
#7678=CARTESIAN_POINT('',(3.729360081784E0,-9.981161543017E-1,
4.989845715113E0));
#7679=CARTESIAN_POINT('',(3.679214688853E0,-1.026119754022E0,4.982941671227E0));
#7680=CARTESIAN_POINT('',(3.586180339544E0,-1.097633323547E0,4.952973079230E0));
#7681=CARTESIAN_POINT('',(3.485688580857E0,-1.221234182881E0,4.907444055278E0));
#7682=CARTESIAN_POINT('',(3.409914759527E0,-1.397520745427E0,4.866250747709E0));
#7683=CARTESIAN_POINT('',(3.390956083572E0,-1.542872462540E0,4.855115903143E0));
#7684=CARTESIAN_POINT('',(3.391812720750E0,-1.614131183384E0,4.855644342284E0));
#7685=CARTESIAN_POINT('',(3.391957381752E0,-1.620232809262E0,4.855735771564E0));
#7686=CARTESIAN_POINT('',(3.859445898697E0,-1.175502581503E0,5.208163756751E0));
#7687=CARTESIAN_POINT('',(3.858050427269E0,-1.176302084617E0,5.208228943868E0));
#7688=CARTESIAN_POINT('',(3.841352089074E0,-1.185901027613E0,5.208610586591E0));
#7689=CARTESIAN_POINT('',(3.802677723877E0,-1.209133158044E0,5.199958955469E0));
#7690=CARTESIAN_POINT('',(3.737461596878E0,-1.263136514195E0,5.167293331696E0));
#7691=CARTESIAN_POINT('',(3.670726081475E0,-1.349774396280E0,5.122039228646E0));
#7692=CARTESIAN_POINT('',(3.621968646727E0,-1.467803224134E0,5.083820539884E0));
#7693=CARTESIAN_POINT('',(3.609929451726E0,-1.563179655100E0,5.073859873474E0));
#7694=CARTESIAN_POINT('',(3.610474265546E0,-1.609930655497E0,5.074326700964E0));
#7695=CARTESIAN_POINT('',(3.610566425735E0,-1.613934030467E0,5.074407461099E0));
#7696=CARTESIAN_POINT('',(3.858019743720E0,-1.164029863937E0,5.517217245319E0));
#7697=CARTESIAN_POINT('',(3.855276130993E0,-1.165545169573E0,5.517303664274E0));
#7698=CARTESIAN_POINT('',(3.823031967717E0,-1.183758144526E0,5.517804276866E0));
#7699=CARTESIAN_POINT('',(3.762788224511E0,-1.227513077230E0,5.506682674478E0));
#7700=CARTESIAN_POINT('',(3.691454432542E0,-1.306306819988E0,5.470205171762E0));
#7701=CARTESIAN_POINT('',(3.637343498134E0,-1.401046109149E0,5.425339631132E0));
#7702=CARTESIAN_POINT('',(3.606212769707E0,-1.501901176292E0,5.391325151940E0));
#7703=CARTESIAN_POINT('',(3.599413418307E0,-1.573052271312E0,5.383024022888E0));
#7704=CARTESIAN_POINT('',(3.599725775074E0,-1.607888817282E0,5.383403770886E0));
#7705=CARTESIAN_POINT('',(3.599779494582E0,-1.610873330175E0,5.383469451669E0));
#7706=(BOUNDED_SURFACE()B_SPLINE_SURFACE(3,3,((#7666,#7667,#7668,#7669,#7670,
#7671,#7672,#7673,#7674,#7675),(#7676,#7677,#7678,#7679,#7680,#7681,#7682,#7683,
#7684,#7685),(#7686,#7687,#7688,#7689,#7690,#7691,#7692,#7693,#7694,#7695),(
#7696,#7697,#7698,#7699,#7700,#7701,#7702,#7703,#7704,#7705)),.UNSPECIFIED.,.F.,
.F.,.F.)B_SPLINE_SURFACE_WITH_KNOTS((4,4),(4,1,1,1,1,1,1,4),(0.E0,1.E0),(
-1.574288991216E-2,0.E0,1.706377685320E-1,3.665038373702E-1,5.849984900336E-1,
8.057119193758E-1,1.E0,1.018210522768E0),.UNSPECIFIED.)GEOMETRIC_REPRESENTATION_ITEM()RATIONAL_B_SPLINE_SURFACE(((1.188953901507E0,1.188953901507E0,
1.188953901507E0,1.188953901507E0,1.188953901507E0,1.188953901507E0,
1.188953901507E0,1.188953901507E0,1.188953901507E0,1.188953901507E0),(
9.370153661643E-1,9.370153661643E-1,9.370153661643E-1,9.370153661643E-1,
9.370153661643E-1,9.370153661643E-1,9.370153661643E-1,9.370153661643E-1,
9.370153661643E-1,9.370153661643E-1),(9.370153661643E-1,9.370153661643E-1,
9.370153661643E-1,9.370153661643E-1,9.370153661643E-1,9.370153661643E-1,
9.370153661643E-1,9.370153661643E-1,9.370153661643E-1,9.370153661643E-1),(
1.188953901507E0,1.188953901507E0,1.188953901507E0,1.188953901507E0,
1.188953901507E0,1.188953901507E0,1.188953901507E0,1.188953901507E0,
1.188953901507E0,1.188953901507E0)))REPRESENTATION_ITEM('')SURFACE());
#7707=ORIENTED_EDGE('',*,*,#5663,.T.);
#7709=ORIENTED_EDGE('',*,*,#7708,.T.);
#7711=ORIENTED_EDGE('',*,*,#7710,.F.);
#7712=ORIENTED_EDGE('',*,*,#7651,.F.);
#7713=EDGE_LOOP('',(#7707,#7709,#7711,#7712));
#7714=FACE_OUTER_BOUND('',#7713,.F.);
#7715=ADVANCED_FACE('',(#7714),#7706,.T.);
#7716=FILL_AREA_STYLE_COLOUR('',#4);
#7717=FILL_AREA_STYLE('',(#7716));
#7718=SURFACE_STYLE_FILL_AREA(#7717);
#7719=SURFACE_SIDE_STYLE('',(#7718));
#7720=SURFACE_STYLE_USAGE(.BOTH.,#7719);
#7721=PRESENTATION_STYLE_ASSIGNMENT((#7720));
#7722=STYLED_ITEM('',(#7721),#7715);
#7723=CARTESIAN_POINT('',(3.1E0,-1.543564766458E0,5.366025403784E0));
#7724=DIRECTION('',(0.E0,-1.E0,0.E0));
#7725=DIRECTION('',(5.E-1,0.E0,-8.660254037844E-1));
#7726=AXIS2_PLACEMENT_3D('',#7723,#7724,#7725);
#7727=CYLINDRICAL_SURFACE('',#7726,5.E-1);
#7728=ORIENTED_EDGE('',*,*,#5661,.T.);
#7730=ORIENTED_EDGE('',*,*,#7729,.T.);
#7732=ORIENTED_EDGE('',*,*,#7731,.F.);
#7733=ORIENTED_EDGE('',*,*,#7708,.F.);
#7734=EDGE_LOOP('',(#7728,#7730,#7732,#7733));
#7735=FACE_OUTER_BOUND('',#7734,.F.);
#7736=ADVANCED_FACE('',(#7735),#7727,.T.);
#7737=FILL_AREA_STYLE_COLOUR('',#4);
#7738=FILL_AREA_STYLE('',(#7737));
#7739=SURFACE_STYLE_FILL_AREA(#7738);
#7740=SURFACE_SIDE_STYLE('',(#7739));
#7741=SURFACE_STYLE_USAGE(.BOTH.,#7740);
#7742=PRESENTATION_STYLE_ASSIGNMENT((#7741));
#7743=STYLED_ITEM('',(#7742),#7736);
#7744=CARTESIAN_POINT('',(3.274359781872E0,-1.978656657014E0,4.897452047128E0));
#7745=CARTESIAN_POINT('',(3.274216656409E0,-1.985128610051E0,4.897371772124E0));
#7746=CARTESIAN_POINT('',(3.273563965764E0,-2.043829370094E0,4.897013021021E0));
#7747=CARTESIAN_POINT('',(3.283805398695E0,-2.157017067520E0,4.902571073343E0));
#7748=CARTESIAN_POINT('',(3.326754412302E0,-2.310016335323E0,4.924867986805E0));
#7749=CARTESIAN_POINT('',(3.397919622438E0,-2.451824997083E0,4.958453852517E0));
#7750=CARTESIAN_POINT('',(3.462104519015E0,-2.532894048733E0,4.983741713915E0));
#7751=CARTESIAN_POINT('',(3.498674492663E0,-2.570648510205E0,4.995769181244E0));
#7752=CARTESIAN_POINT('',(3.501666525349E0,-2.573686038948E0,4.996736514658E0));
#7753=CARTESIAN_POINT('',(3.483442964066E0,-1.983156809457E0,4.975150749973E0));
#7754=CARTESIAN_POINT('',(3.483331134605E0,-1.988129360522E0,4.975073557870E0));
#7755=CARTESIAN_POINT('',(3.482820869710E0,-2.033232176935E0,4.974728251412E0));
#7756=CARTESIAN_POINT('',(3.490830768099E0,-2.120197745310E0,4.980081866496E0));
#7757=CARTESIAN_POINT('',(3.524289863152E0,-2.237107548870E0,5.001693544297E0));
#7758=CARTESIAN_POINT('',(3.579263369320E0,-2.344186614432E0,5.034650121490E0));
#7759=CARTESIAN_POINT('',(3.628105706511E0,-2.404118725625E0,5.059954327895E0));
#7760=CARTESIAN_POINT('',(3.655534079150E0,-2.431600633622E0,5.072158268651E0));
#7761=CARTESIAN_POINT('',(3.657775468732E0,-2.433808508694E0,5.073141223361E0));
#7762=CARTESIAN_POINT('',(3.607548277572E0,-1.987251960234E0,5.160498596117E0));
#7763=CARTESIAN_POINT('',(3.607471835608E0,-1.990860487853E0,5.160428758181E0));
#7764=CARTESIAN_POINT('',(3.607123767089E0,-2.023586910015E0,5.160115523505E0));
#7765=CARTESIAN_POINT('',(3.612579425587E0,-2.086694764286E0,5.164981459899E0));
#7766=CARTESIAN_POINT('',(3.635695968664E0,-2.173161401105E0,5.184958529280E0));
#7767=CARTESIAN_POINT('',(3.674841959124E0,-2.255611775957E0,5.216413958223E0));
#7768=CARTESIAN_POINT('',(3.711481110375E0,-2.305060357869E0,5.241757155138E0));
#7769=CARTESIAN_POINT('',(3.733078067408E0,-2.328862484717E0,5.254382067780E0));
#7770=CARTESIAN_POINT('',(3.734849941781E0,-2.330783210669E0,5.255402286608E0));
#7771=CARTESIAN_POINT('',(3.599774806476E0,-1.989394501778E0,5.383450367503E0));
#7772=CARTESIAN_POINT('',(3.599724470135E0,-1.992289865623E0,5.383389375768E0));
#7773=CARTESIAN_POINT('',(3.599497072626E0,-2.018538633674E0,5.383114719694E0));
#7774=CARTESIAN_POINT('',(3.603041064378E0,-2.069169310753E0,5.387394035686E0));
#7775=CARTESIAN_POINT('',(3.618870998949E0,-2.142343923398E0,5.405404862404E0));
#7776=CARTESIAN_POINT('',(3.648535073736E0,-2.219573996481E0,5.435054585651E0));
#7777=CARTESIAN_POINT('',(3.680722145717E0,-2.273154314227E0,5.460444683586E0));
#7778=CARTESIAN_POINT('',(3.702001635829E0,-2.301260066557E0,5.473575976151E0));
#7779=CARTESIAN_POINT('',(3.703762558426E0,-2.303544665105E0,5.474641019353E0));
#7780=(BOUNDED_SURFACE()B_SPLINE_SURFACE(3,3,((#7744,#7745,#7746,#7747,#7748,
#7749,#7750,#7751,#7752),(#7753,#7754,#7755,#7756,#7757,#7758,#7759,#7760,
#7761),(#7762,#7763,#7764,#7765,#7766,#7767,#7768,#7769,#7770),(#7771,#7772,
#7773,#7774,#7775,#7776,#7777,#7778,#7779)),.UNSPECIFIED.,.F.,.F.,.F.)B_SPLINE_SURFACE_WITH_KNOTS((4,4),(4,1,1,1,1,1,4),(0.E0,1.E0),(-2.774221344087E-2,0.E0,
2.236982223214E-1,4.567150103832E-1,7.115942627070E-1,1.E0,1.025641034220E0),
.UNSPECIFIED.)GEOMETRIC_REPRESENTATION_ITEM()RATIONAL_B_SPLINE_SURFACE(((
1.104335470361E0,1.104335470361E0,1.104335470361E0,1.104335470361E0,
1.104335470361E0,1.104335470361E0,1.104335470361E0,1.104335470361E0,
1.104335470361E0),(9.652215098797E-1,9.652215098797E-1,9.652215098797E-1,
9.652215098797E-1,9.652215098797E-1,9.652215098797E-1,9.652215098797E-1,
9.652215098797E-1,9.652215098797E-1),(9.652215098797E-1,9.652215098797E-1,
9.652215098797E-1,9.652215098797E-1,9.652215098797E-1,9.652215098797E-1,
9.652215098797E-1,9.652215098797E-1,9.652215098797E-1),(1.104335470361E0,
1.104335470361E0,1.104335470361E0,1.104335470361E0,1.104335470361E0,
1.104335470361E0,1.104335470361E0,1.104335470361E0,1.104335470361E0)))REPRESENTATION_ITEM('')SURFACE());
#7781=ORIENTED_EDGE('',*,*,#5659,.T.);
#7783=ORIENTED_EDGE('',*,*,#7782,.T.);
#7785=ORIENTED_EDGE('',*,*,#7784,.F.);
#7786=ORIENTED_EDGE('',*,*,#7729,.F.);
#7787=EDGE_LOOP('',(#7781,#7783,#7785,#7786));
#7788=FACE_OUTER_BOUND('',#7787,.F.);
#7789=ADVANCED_FACE('',(#7788),#7780,.T.);
#7790=FILL_AREA_STYLE_COLOUR('',#4);
#7791=FILL_AREA_STYLE('',(#7790));
#7792=SURFACE_STYLE_FILL_AREA(#7791);
#7793=SURFACE_SIDE_STYLE('',(#7792));
#7794=SURFACE_STYLE_USAGE(.BOTH.,#7793);
#7795=PRESENTATION_STYLE_ASSIGNMENT((#7794));
#7796=STYLED_ITEM('',(#7795),#7789);
#7797=CARTESIAN_POINT('',(3.330377949726E0,-2.669671355471E0,4.959744201808E0));
#7798=CARTESIAN_POINT('',(3.334659996109E0,-2.674655117440E0,4.960946031809E0));
#7799=CARTESIAN_POINT('',(3.366777474193E0,-2.711202131116E0,4.969896072987E0));
#7800=CARTESIAN_POINT('',(3.424791857014E0,-2.766402153707E0,4.985033998930E0));
#7801=CARTESIAN_POINT('',(3.497711756918E0,-2.820705017210E0,4.997681321961E0));
#7802=CARTESIAN_POINT('',(3.543550702325E0,-2.850067479076E0,5.000483720346E0));
#7803=CARTESIAN_POINT('',(3.565997376920E0,-2.864062185674E0,5.000275749776E0));
#7804=CARTESIAN_POINT('',(3.568902198076E0,-2.865864897630E0,5.000222921705E0));
#7805=CARTESIAN_POINT('',(3.581615969142E0,-2.489614149888E0,4.949178330081E0));
#7806=CARTESIAN_POINT('',(3.584848114038E0,-2.493133372955E0,4.950382638498E0));
#7807=CARTESIAN_POINT('',(3.608933943054E0,-2.518677537027E0,4.959346860558E0));
#7808=CARTESIAN_POINT('',(3.650163958501E0,-2.553703430725E0,4.974455863414E0));
#7809=CARTESIAN_POINT('',(3.694672143880E0,-2.581419948971E0,4.986983765382E0));
#7810=CARTESIAN_POINT('',(3.717098854902E0,-2.593901975518E0,4.989734393519E0));
#7811=CARTESIAN_POINT('',(3.726679680588E0,-2.600013109418E0,4.989530589847E0));
#7812=CARTESIAN_POINT('',(3.727897131271E0,-2.600804501967E0,4.989478929582E0));
#7813=CARTESIAN_POINT('',(3.735137974861E0,-2.328831741232E0,5.164201217587E0));
#7814=CARTESIAN_POINT('',(3.737277798847E0,-2.331245678589E0,5.165355088489E0));
#7815=CARTESIAN_POINT('',(3.753278044369E0,-2.348864597319E0,5.174030719659E0));
#7816=CARTESIAN_POINT('',(3.781461180631E0,-2.374353960672E0,5.189728327612E0));
#7817=CARTESIAN_POINT('',(3.814577115680E0,-2.397302211588E0,5.204686531815E0));
#7818=CARTESIAN_POINT('',(3.833642525689E0,-2.408920337979E0,5.208490720746E0));
#7819=CARTESIAN_POINT('',(3.842536431458E0,-2.414508864923E0,5.208202117801E0));
#7820=CARTESIAN_POINT('',(3.843680321455E0,-2.415230067945E0,5.208126691848E0));
#7821=CARTESIAN_POINT('',(3.693347633606E0,-2.289536014156E0,5.468119461365E0));
#7822=CARTESIAN_POINT('',(3.695047122697E0,-2.291906566358E0,5.469202042735E0));
#7823=CARTESIAN_POINT('',(3.708047981825E0,-2.309716046071E0,5.477469772970E0));
#7824=CARTESIAN_POINT('',(3.735215831659E0,-2.342368998692E0,5.493999328766E0));
#7825=CARTESIAN_POINT('',(3.781201211775E0,-2.385398322113E0,5.512392577470E0));
#7826=CARTESIAN_POINT('',(3.819093085618E0,-2.412718278311E0,5.517685893208E0));
#7827=CARTESIAN_POINT('',(3.839915686167E0,-2.425477393432E0,5.517277433041E0));
#7828=CARTESIAN_POINT('',(3.842646588939E0,-2.427114157385E0,5.517168416123E0));
#7829=(BOUNDED_SURFACE()B_SPLINE_SURFACE(3,3,((#7797,#7798,#7799,#7800,#7801,
#7802,#7803,#7804),(#7805,#7806,#7807,#7808,#7809,#7810,#7811,#7812),(#7813,
#7814,#7815,#7816,#7817,#7818,#7819,#7820),(#7821,#7822,#7823,#7824,#7825,#7826,
#7827,#7828)),.UNSPECIFIED.,.F.,.F.,.F.)B_SPLINE_SURFACE_WITH_KNOTS((4,4),(4,1,
1,1,1,4),(0.E0,1.E0),(-5.489685793453E-2,0.E0,3.566930543008E-1,
6.907596390413E-1,1.E0,1.046276140262E0),.UNSPECIFIED.)GEOMETRIC_REPRESENTATION_ITEM()RATIONAL_B_SPLINE_SURFACE(((1.188960123160E0,1.188960123160E0,
1.188960123160E0,1.188960123160E0,1.188960123160E0,1.188960123160E0,
1.188960123160E0,1.188960123160E0),(9.370132922801E-1,9.370132922801E-1,
9.370132922801E-1,9.370132922801E-1,9.370132922801E-1,9.370132922801E-1,
9.370132922801E-1,9.370132922801E-1),(9.370132922801E-1,9.370132922801E-1,
9.370132922801E-1,9.370132922801E-1,9.370132922801E-1,9.370132922801E-1,
9.370132922801E-1,9.370132922801E-1),(1.188960123160E0,1.188960123160E0,
1.188960123160E0,1.188960123160E0,1.188960123160E0,1.188960123160E0,
1.188960123160E0,1.188960123160E0)))REPRESENTATION_ITEM('')SURFACE());
#7830=ORIENTED_EDGE('',*,*,#5657,.T.);
#7832=ORIENTED_EDGE('',*,*,#7831,.T.);
#7834=ORIENTED_EDGE('',*,*,#7833,.F.);
#7835=ORIENTED_EDGE('',*,*,#7782,.F.);
#7836=EDGE_LOOP('',(#7830,#7832,#7834,#7835));
#7837=FACE_OUTER_BOUND('',#7836,.F.);
#7838=ADVANCED_FACE('',(#7837),#7829,.T.);
#7839=FILL_AREA_STYLE_COLOUR('',#4);
#7840=FILL_AREA_STYLE('',(#7839));
#7841=SURFACE_STYLE_FILL_AREA(#7840);
#7842=SURFACE_SIDE_STYLE('',(#7841));
#7843=SURFACE_STYLE_USAGE(.BOTH.,#7842);
#7844=PRESENTATION_STYLE_ASSIGNMENT((#7843));
#7845=STYLED_ITEM('',(#7844),#7838);
#7846=CARTESIAN_POINT('',(4.1E0,-1.998082440428E0,5.5E0));
#7847=DIRECTION('',(0.E0,0.E0,1.E0));
#7848=DIRECTION('',(-9.966271850762E-1,8.206250037045E-2,0.E0));
#7849=AXIS2_PLACEMENT_3D('',#7846,#7847,#7848);
#7850=TOROIDAL_SURFACE('',#7849,1.E0,5.E-1);
#7851=ORIENTED_EDGE('',*,*,#5655,.T.);
#7852=ORIENTED_EDGE('',*,*,#5693,.T.);
#7854=ORIENTED_EDGE('',*,*,#7853,.F.);
#7855=ORIENTED_EDGE('',*,*,#7831,.F.);
#7856=EDGE_LOOP('',(#7851,#7852,#7854,#7855));
#7857=FACE_OUTER_BOUND('',#7856,.F.);
#7858=ADVANCED_FACE('',(#7857),#7850,.T.);
#7859=FILL_AREA_STYLE_COLOUR('',#4);
#7860=FILL_AREA_STYLE('',(#7859));
#7861=SURFACE_STYLE_FILL_AREA(#7860);
#7862=SURFACE_SIDE_STYLE('',(#7861));
#7863=SURFACE_STYLE_USAGE(.BOTH.,#7862);
#7864=PRESENTATION_STYLE_ASSIGNMENT((#7863));
#7865=STYLED_ITEM('',(#7864),#7858);
#7866=CARTESIAN_POINT('',(4.1E0,-1.998082440428E0,-3.039156E1));
#7867=DIRECTION('',(0.E0,0.E0,1.E0));
#7868=DIRECTION('',(-1.E0,0.E0,0.E0));
#7869=AXIS2_PLACEMENT_3D('',#7866,#7867,#7868);
#7870=CYLINDRICAL_SURFACE('',#7869,5.E-1);
#7871=ORIENTED_EDGE('',*,*,#7853,.T.);
#7873=ORIENTED_EDGE('',*,*,#7872,.T.);
#7874=ORIENTED_EDGE('',*,*,#6084,.T.);
#7876=ORIENTED_EDGE('',*,*,#7875,.F.);
#7877=ORIENTED_EDGE('',*,*,#7784,.T.);
#7878=ORIENTED_EDGE('',*,*,#7833,.T.);
#7879=EDGE_LOOP('',(#7871,#7873,#7874,#7876,#7877,#7878));
#7880=FACE_OUTER_BOUND('',#7879,.F.);
#7881=ADVANCED_FACE('',(#7880),#7870,.F.);
#7882=FILL_AREA_STYLE_COLOUR('',#4);
#7883=FILL_AREA_STYLE('',(#7882));
#7884=SURFACE_STYLE_FILL_AREA(#7883);
#7885=SURFACE_SIDE_STYLE('',(#7884));
#7886=SURFACE_STYLE_USAGE(.BOTH.,#7885);
#7887=PRESENTATION_STYLE_ASSIGNMENT((#7886));
#7888=STYLED_ITEM('',(#7887),#7881);
#7889=CARTESIAN_POINT('',(5.6E0,-2.8E0,9.E0));
#7890=DIRECTION('',(1.913950514034E-1,9.815130841198E-1,0.E0));
#7891=DIRECTION('',(-9.815130841198E-1,1.913950514034E-1,0.E0));
#7892=AXIS2_PLACEMENT_3D('',#7889,#7890,#7891);
#7893=PLANE('',#7892);
#7894=ORIENTED_EDGE('',*,*,#5691,.T.);
#7895=ORIENTED_EDGE('',*,*,#5714,.T.);
#7896=ORIENTED_EDGE('',*,*,#6086,.T.);
#7897=ORIENTED_EDGE('',*,*,#7872,.F.);
#7898=EDGE_LOOP('',(#7894,#7895,#7896,#7897));
#7899=FACE_OUTER_BOUND('',#7898,.F.);
#7900=ADVANCED_FACE('',(#7899),#7893,.T.);
#7901=FILL_AREA_STYLE_COLOUR('',#4);
#7902=FILL_AREA_STYLE('',(#7901));
#7903=SURFACE_STYLE_FILL_AREA(#7902);
#7904=SURFACE_SIDE_STYLE('',(#7903));
#7905=SURFACE_STYLE_USAGE(.BOTH.,#7904);
#7906=PRESENTATION_STYLE_ASSIGNMENT((#7905));
#7907=STYLED_ITEM('',(#7906),#7900);
#7908=CARTESIAN_POINT('',(3.6E0,-2.41E0,9.E0));
#7909=DIRECTION('',(1.E0,0.E0,0.E0));
#7910=DIRECTION('',(0.E0,1.E0,0.E0));
#7911=AXIS2_PLACEMENT_3D('',#7908,#7909,#7910);
#7912=PLANE('',#7911);
#7913=ORIENTED_EDGE('',*,*,#7731,.T.);
#7914=ORIENTED_EDGE('',*,*,#7875,.T.);
#7915=ORIENTED_EDGE('',*,*,#6082,.T.);
#7917=ORIENTED_EDGE('',*,*,#7916,.F.);
#7918=EDGE_LOOP('',(#7913,#7914,#7915,#7917));
#7919=FACE_OUTER_BOUND('',#7918,.F.);
#7920=ADVANCED_FACE('',(#7919),#7912,.T.);
#7921=FILL_AREA_STYLE_COLOUR('',#4);
#7922=FILL_AREA_STYLE('',(#7921));
#7923=SURFACE_STYLE_FILL_AREA(#7922);
#7924=SURFACE_SIDE_STYLE('',(#7923));
#7925=SURFACE_STYLE_USAGE(.BOTH.,#7924);
#7926=PRESENTATION_STYLE_ASSIGNMENT((#7925));
#7927=STYLED_ITEM('',(#7926),#7920);
#7928=CARTESIAN_POINT('',(4.1E0,-1.601917559572E0,-3.039156E1));
#7929=DIRECTION('',(0.E0,0.E0,1.E0));
#7930=DIRECTION('',(-1.913950514034E-1,9.815130841198E-1,0.E0));
#7931=AXIS2_PLACEMENT_3D('',#7928,#7929,#7930);
#7932=CYLINDRICAL_SURFACE('',#7931,5.E-1);
#7933=ORIENTED_EDGE('',*,*,#7710,.T.);
#7934=ORIENTED_EDGE('',*,*,#7916,.T.);
#7935=ORIENTED_EDGE('',*,*,#6080,.T.);
#7937=ORIENTED_EDGE('',*,*,#7936,.F.);
#7938=ORIENTED_EDGE('',*,*,#7653,.T.);
#7939=EDGE_LOOP('',(#7933,#7934,#7935,#7937,#7938));
#7940=FACE_OUTER_BOUND('',#7939,.F.);
#7941=ADVANCED_FACE('',(#7940),#7932,.F.);
#7942=FILL_AREA_STYLE_COLOUR('',#4);
#7943=FILL_AREA_STYLE('',(#7942));
#7944=SURFACE_STYLE_FILL_AREA(#7943);
#7945=SURFACE_SIDE_STYLE('',(#7944));
#7946=SURFACE_STYLE_USAGE(.BOTH.,#7945);
#7947=PRESENTATION_STYLE_ASSIGNMENT((#7946));
#7948=STYLED_ITEM('',(#7947),#7941);
#7949=CARTESIAN_POINT('',(3.6E0,-1.19E0,9.E0));
#7950=DIRECTION('',(1.913950514034E-1,-9.815130841198E-1,0.E0));
#7951=DIRECTION('',(9.815130841198E-1,1.913950514034E-1,0.E0));
#7952=AXIS2_PLACEMENT_3D('',#7949,#7950,#7951);
#7953=PLANE('',#7952);
#7954=ORIENTED_EDGE('',*,*,#7630,.T.);
#7955=ORIENTED_EDGE('',*,*,#7936,.T.);
#7956=ORIENTED_EDGE('',*,*,#6078,.T.);
#7958=ORIENTED_EDGE('',*,*,#7957,.F.);
#7959=EDGE_LOOP('',(#7954,#7955,#7956,#7958));
#7960=FACE_OUTER_BOUND('',#7959,.F.);
#7961=ADVANCED_FACE('',(#7960),#7953,.T.);
#7962=FILL_AREA_STYLE_COLOUR('',#4);
#7963=FILL_AREA_STYLE('',(#7962));
#7964=SURFACE_STYLE_FILL_AREA(#7963);
#7965=SURFACE_SIDE_STYLE('',(#7964));
#7966=SURFACE_STYLE_USAGE(.BOTH.,#7965);
#7967=PRESENTATION_STYLE_ASSIGNMENT((#7966));
#7968=STYLED_ITEM('',(#7967),#7961);
#7969=CARTESIAN_POINT('',(5.6E0,-5.55E0,5.E0));
#7970=DIRECTION('',(1.E0,0.E0,0.E0));
#7971=DIRECTION('',(0.E0,1.E0,0.E0));
#7972=AXIS2_PLACEMENT_3D('',#7969,#7970,#7971);
#7973=PLANE('',#7972);
#7975=ORIENTED_EDGE('',*,*,#7974,.F.);
#7976=ORIENTED_EDGE('',*,*,#7608,.F.);
#7977=ORIENTED_EDGE('',*,*,#7632,.F.);
#7978=ORIENTED_EDGE('',*,*,#7957,.T.);
#7979=ORIENTED_EDGE('',*,*,#6076,.T.);
#7981=ORIENTED_EDGE('',*,*,#7980,.F.);
#7982=EDGE_LOOP('',(#7975,#7976,#7977,#7978,#7979,#7981));
#7983=FACE_OUTER_BOUND('',#7982,.F.);
#7984=ADVANCED_FACE('',(#7983),#7973,.T.);
#7985=FILL_AREA_STYLE_COLOUR('',#4);
#7986=FILL_AREA_STYLE('',(#7985));
#7987=SURFACE_STYLE_FILL_AREA(#7986);
#7988=SURFACE_SIDE_STYLE('',(#7987));
#7989=SURFACE_STYLE_USAGE(.POSITIVE.,#7988);
#7990=PRESENTATION_STYLE_ASSIGNMENT((#7989));
#7991=STYLED_ITEM('',(#7990),#7984);
#7992=CARTESIAN_POINT('',(3.851330918661E0,6.315729112895E-1,5.5E0));
#7993=DIRECTION('',(9.815130841198E-1,-1.913950514034E-1,0.E0));
#7994=DIRECTION('',(0.E0,0.E0,-1.E0));
#7995=AXIS2_PLACEMENT_3D('',#7992,#7993,#7994);
#7996=CYLINDRICAL_SURFACE('',#7995,5.E-1);
#7998=ORIENTED_EDGE('',*,*,#7997,.T.);
#7999=ORIENTED_EDGE('',*,*,#7610,.T.);
#8000=ORIENTED_EDGE('',*,*,#7974,.T.);
#8002=ORIENTED_EDGE('',*,*,#8001,.F.);
#8004=ORIENTED_EDGE('',*,*,#8003,.F.);
#8005=EDGE_LOOP('',(#7998,#7999,#8000,#8002,#8004));
#8006=FACE_OUTER_BOUND('',#8005,.F.);
#8007=ADVANCED_FACE('',(#8006),#7996,.T.);
#8008=FILL_AREA_STYLE_COLOUR('',#4);
#8009=FILL_AREA_STYLE('',(#8008));
#8010=SURFACE_STYLE_FILL_AREA(#8009);
#8011=SURFACE_SIDE_STYLE('',(#8010));
#8012=SURFACE_STYLE_USAGE(.BOTH.,#8011);
#8013=PRESENTATION_STYLE_ASSIGNMENT((#8012));
#8014=STYLED_ITEM('',(#8013),#8007);
#8015=CARTESIAN_POINT('',(0.E0,0.E0,5.E0));
#8016=DIRECTION('',(0.E0,0.E0,-1.E0));
#8017=DIRECTION('',(0.E0,1.E0,0.E0));
#8018=AXIS2_PLACEMENT_3D('',#8015,#8016,#8017);
#8019=PLANE('',#8018);
#8020=ORIENTED_EDGE('',*,*,#7997,.F.);
#8022=ORIENTED_EDGE('',*,*,#8021,.F.);
#8024=ORIENTED_EDGE('',*,*,#8023,.F.);
#8026=ORIENTED_EDGE('',*,*,#8025,.F.);
#8028=ORIENTED_EDGE('',*,*,#8027,.F.);
#8030=ORIENTED_EDGE('',*,*,#8029,.F.);
#8032=ORIENTED_EDGE('',*,*,#8031,.F.);
#8034=ORIENTED_EDGE('',*,*,#8033,.F.);
#8035=ORIENTED_EDGE('',*,*,#7565,.F.);
#8036=ORIENTED_EDGE('',*,*,#7584,.F.);
#8037=EDGE_LOOP('',(#8020,#8022,#8024,#8026,#8028,#8030,#8032,#8034,#8035,
#8036));
#8038=FACE_OUTER_BOUND('',#8037,.F.);
#8039=ADVANCED_FACE('',(#8038),#8019,.F.);
#8040=FILL_AREA_STYLE_COLOUR('',#14);
#8041=FILL_AREA_STYLE('',(#8040));
#8042=SURFACE_STYLE_FILL_AREA(#8041);
#8043=SURFACE_SIDE_STYLE('',(#8042));
#8044=SURFACE_STYLE_USAGE(.POSITIVE.,#8043);
#8045=PRESENTATION_STYLE_ASSIGNMENT((#8044));
#8046=STYLED_ITEM('',(#8045),#8039);
#8047=CARTESIAN_POINT('',(4.1E0,1.601917559572E0,5.5E0));
#8048=DIRECTION('',(0.E0,0.E0,1.E0));
#8049=DIRECTION('',(-9.966271850762E-1,8.206250037045E-2,0.E0));
#8050=AXIS2_PLACEMENT_3D('',#8047,#8048,#8049);
#8051=TOROIDAL_SURFACE('',#8050,1.E0,5.E-1);
#8052=ORIENTED_EDGE('',*,*,#8021,.T.);
#8053=ORIENTED_EDGE('',*,*,#8003,.T.);
#8055=ORIENTED_EDGE('',*,*,#8054,.F.);
#8057=ORIENTED_EDGE('',*,*,#8056,.F.);
#8058=EDGE_LOOP('',(#8052,#8053,#8055,#8057));
#8059=FACE_OUTER_BOUND('',#8058,.F.);
#8060=ADVANCED_FACE('',(#8059),#8051,.T.);
#8061=FILL_AREA_STYLE_COLOUR('',#4);
#8062=FILL_AREA_STYLE('',(#8061));
#8063=SURFACE_STYLE_FILL_AREA(#8062);
#8064=SURFACE_SIDE_STYLE('',(#8063));
#8065=SURFACE_STYLE_USAGE(.BOTH.,#8064);
#8066=PRESENTATION_STYLE_ASSIGNMENT((#8065));
#8067=STYLED_ITEM('',(#8066),#8060);
#8068=CARTESIAN_POINT('',(4.1E0,1.601917559572E0,-3.039156E1));
#8069=DIRECTION('',(0.E0,0.E0,1.E0));
#8070=DIRECTION('',(-1.E0,0.E0,0.E0));
#8071=AXIS2_PLACEMENT_3D('',#8068,#8069,#8070);
#8072=CYLINDRICAL_SURFACE('',#8071,5.E-1);
#8073=ORIENTED_EDGE('',*,*,#8054,.T.);
#8075=ORIENTED_EDGE('',*,*,#8074,.T.);
#8076=ORIENTED_EDGE('',*,*,#6072,.T.);
#8078=ORIENTED_EDGE('',*,*,#8077,.F.);
#8080=ORIENTED_EDGE('',*,*,#8079,.T.);
#8081=EDGE_LOOP('',(#8073,#8075,#8076,#8078,#8080));
#8082=FACE_OUTER_BOUND('',#8081,.F.);
#8083=ADVANCED_FACE('',(#8082),#8072,.F.);
#8084=FILL_AREA_STYLE_COLOUR('',#4);
#8085=FILL_AREA_STYLE('',(#8084));
#8086=SURFACE_STYLE_FILL_AREA(#8085);
#8087=SURFACE_SIDE_STYLE('',(#8086));
#8088=SURFACE_STYLE_USAGE(.BOTH.,#8087);
#8089=PRESENTATION_STYLE_ASSIGNMENT((#8088));
#8090=STYLED_ITEM('',(#8089),#8083);
#8091=CARTESIAN_POINT('',(5.6E0,8.E-1,9.E0));
#8092=DIRECTION('',(1.913950514034E-1,9.815130841198E-1,0.E0));
#8093=DIRECTION('',(-9.815130841198E-1,1.913950514034E-1,0.E0));
#8094=AXIS2_PLACEMENT_3D('',#8091,#8092,#8093);
#8095=PLANE('',#8094);
#8096=ORIENTED_EDGE('',*,*,#8001,.T.);
#8097=ORIENTED_EDGE('',*,*,#7980,.T.);
#8098=ORIENTED_EDGE('',*,*,#6074,.T.);
#8099=ORIENTED_EDGE('',*,*,#8074,.F.);
#8100=EDGE_LOOP('',(#8096,#8097,#8098,#8099));
#8101=FACE_OUTER_BOUND('',#8100,.F.);
#8102=ADVANCED_FACE('',(#8101),#8095,.T.);
#8103=FILL_AREA_STYLE_COLOUR('',#4);
#8104=FILL_AREA_STYLE('',(#8103));
#8105=SURFACE_STYLE_FILL_AREA(#8104);
#8106=SURFACE_SIDE_STYLE('',(#8105));
#8107=SURFACE_STYLE_USAGE(.BOTH.,#8106);
#8108=PRESENTATION_STYLE_ASSIGNMENT((#8107));
#8109=STYLED_ITEM('',(#8108),#8102);
#8110=CARTESIAN_POINT('',(3.6E0,1.19E0,9.E0));
#8111=DIRECTION('',(1.E0,0.E0,0.E0));
#8112=DIRECTION('',(0.E0,1.E0,0.E0));
#8113=AXIS2_PLACEMENT_3D('',#8110,#8111,#8112);
#8114=PLANE('',#8113);
#8116=ORIENTED_EDGE('',*,*,#8115,.T.);
#8117=ORIENTED_EDGE('',*,*,#8077,.T.);
#8118=ORIENTED_EDGE('',*,*,#6070,.T.);
#8120=ORIENTED_EDGE('',*,*,#8119,.F.);
#8121=EDGE_LOOP('',(#8116,#8117,#8118,#8120));
#8122=FACE_OUTER_BOUND('',#8121,.F.);
#8123=ADVANCED_FACE('',(#8122),#8114,.T.);
#8124=FILL_AREA_STYLE_COLOUR('',#4);
#8125=FILL_AREA_STYLE('',(#8124));
#8126=SURFACE_STYLE_FILL_AREA(#8125);
#8127=SURFACE_SIDE_STYLE('',(#8126));
#8128=SURFACE_STYLE_USAGE(.BOTH.,#8127);
#8129=PRESENTATION_STYLE_ASSIGNMENT((#8128));
#8130=STYLED_ITEM('',(#8129),#8123);
#8131=CARTESIAN_POINT('',(3.1E0,2.056435233542E0,5.366025403784E0));
#8132=DIRECTION('',(0.E0,-1.E0,0.E0));
#8133=DIRECTION('',(5.E-1,0.E0,-8.660254037844E-1));
#8134=AXIS2_PLACEMENT_3D('',#8131,#8132,#8133);
#8135=CYLINDRICAL_SURFACE('',#8134,5.E-1);
#8136=ORIENTED_EDGE('',*,*,#8025,.T.);
#8138=ORIENTED_EDGE('',*,*,#8137,.T.);
#8139=ORIENTED_EDGE('',*,*,#8115,.F.);
#8141=ORIENTED_EDGE('',*,*,#8140,.F.);
#8142=EDGE_LOOP('',(#8136,#8138,#8139,#8141));
#8143=FACE_OUTER_BOUND('',#8142,.F.);
#8144=ADVANCED_FACE('',(#8143),#8135,.T.);
#8145=FILL_AREA_STYLE_COLOUR('',#4);
#8146=FILL_AREA_STYLE('',(#8145));
#8147=SURFACE_STYLE_FILL_AREA(#8146);
#8148=SURFACE_SIDE_STYLE('',(#8147));
#8149=SURFACE_STYLE_USAGE(.BOTH.,#8148);
#8150=PRESENTATION_STYLE_ASSIGNMENT((#8149));
#8151=STYLED_ITEM('',(#8150),#8144);
#8152=CARTESIAN_POINT('',(3.082919558555E0,1.625775834026E0,4.866465870467E0));
#8153=CARTESIAN_POINT('',(3.082741358512E0,1.617826797507E0,4.866373678930E0));
#8154=CARTESIAN_POINT('',(3.081613870497E0,1.518502527278E0,4.865802954094E0));
#8155=CARTESIAN_POINT('',(3.107139699346E0,1.325749119427E0,4.878054035981E0));
#8156=CARTESIAN_POINT('',(3.203207318761E0,1.093684277870E0,4.919109464355E0));
#8157=CARTESIAN_POINT('',(3.330949439256E0,9.190352355622E-1,4.962372466166E0));
#8158=CARTESIAN_POINT('',(3.465827092638E0,7.981871999104E-1,4.992915905986E0));
#8159=CARTESIAN_POINT('',(3.555758134804E0,7.411988819724E-1,5.000597751312E0));
#8160=CARTESIAN_POINT('',(3.598096502806E0,7.169776840407E-1,5.000276559693E0));
#8161=CARTESIAN_POINT('',(3.601452305379E0,7.150743809414E-1,5.000225291820E0));
#8162=CARTESIAN_POINT('',(3.391951892879E0,1.620241493244E0,4.855736577906E0));
#8163=CARTESIAN_POINT('',(3.391806959668E0,1.614136711709E0,4.855643849176E0));
#8164=CARTESIAN_POINT('',(3.390886440140E0,1.537848527494E0,4.855069802894E0));
#8165=CARTESIAN_POINT('',(3.411800600873E0,1.389886841951E0,4.867385004118E0));
#8166=CARTESIAN_POINT('',(3.488204272717E0,1.219020035063E0,4.908579931358E0));
#8167=CARTESIAN_POINT('',(3.583950445203E0,1.100402789665E0,4.951855577096E0));
#8168=CARTESIAN_POINT('',(3.676077451254E0,1.027864996750E0,4.982274884798E0));
#8169=CARTESIAN_POINT('',(3.728115552945E0,9.988302222146E-1,4.989863617703E0));
#8170=CARTESIAN_POINT('',(3.749273450436E0,9.865718444007E-1,4.989546801706E0));
#8171=CARTESIAN_POINT('',(3.750928273914E0,9.856078341443E-1,4.989496271155E0));
#8172=CARTESIAN_POINT('',(3.610561173721E0,1.613939577600E0,5.074402918749E0));
#8173=CARTESIAN_POINT('',(3.610468834289E0,1.609934220193E0,5.074321138184E0));
#8174=CARTESIAN_POINT('',(3.609883485777E0,1.559884182509E0,5.073814784006E0));
#8175=CARTESIAN_POINT('',(3.623158862631E0,1.462782077223E0,5.084823213061E0));
#8176=CARTESIAN_POINT('',(3.672393357077E0,1.348170067911E0,5.123175109763E0));
#8177=CARTESIAN_POINT('',(3.736015993688E0,1.265061207001E0,5.166193068296E0));
#8178=CARTESIAN_POINT('',(3.800363666E0,1.210563413678E0,5.199142227429E0));
#8179=CARTESIAN_POINT('',(3.840306443852E0,1.186495397003E0,5.208628620623E0));
#8180=CARTESIAN_POINT('',(3.858057050020E0,1.176291864451E0,5.208222628076E0));
#8181=CARTESIAN_POINT('',(3.859456991815E0,1.175489834881E0,5.208157070686E0));
#8182=CARTESIAN_POINT('',(3.599780031552E0,1.610876141351E0,5.383461251091E0));
#8183=CARTESIAN_POINT('',(3.599726179596E0,1.607890797790E0,5.383394944429E0));
#8184=CARTESIAN_POINT('',(3.599391140323E0,1.570601683498E0,5.382984264823E0));
#8185=CARTESIAN_POINT('',(3.606856503332E0,1.498096174578E0,5.392145730026E0));
#8186=CARTESIAN_POINT('',(3.638687719667E0,1.399035207201E0,5.426479348133E0));
#8187=CARTESIAN_POINT('',(3.690479789541E0,1.308339052580E0,5.469133097077E0));
#8188=CARTESIAN_POINT('',(3.759678440090E0,1.230143198420E0,5.505657894150E0));
#8189=CARTESIAN_POINT('',(3.821012366999E0,1.184897844031E0,5.517826399836E0));
#8190=CARTESIAN_POINT('',(3.855294836374E0,1.165534940725E0,5.517294367059E0));
#8191=CARTESIAN_POINT('',(3.858048019211E0,1.164014610453E0,5.517207571055E0));
#8192=(BOUNDED_SURFACE()B_SPLINE_SURFACE(3,3,((#8152,#8153,#8154,#8155,#8156,
#8157,#8158,#8159,#8160,#8161),(#8162,#8163,#8164,#8165,#8166,#8167,#8168,#8169,
#8170,#8171),(#8172,#8173,#8174,#8175,#8176,#8177,#8178,#8179,#8180,#8181),(
#8182,#8183,#8184,#8185,#8186,#8187,#8188,#8189,#8190,#8191)),.UNSPECIFIED.,.F.,
.F.,.F.)B_SPLINE_SURFACE_WITH_KNOTS((4,4),(4,1,1,1,1,1,1,4),(0.E0,1.E0),(
-1.821722750088E-2,0.E0,2.092539835785E-1,4.230172831960E-1,6.241628327818E-1,
8.176582051588E-1,1.E0,1.015794976446E0),.UNSPECIFIED.)GEOMETRIC_REPRESENTATION_ITEM()RATIONAL_B_SPLINE_SURFACE(((1.188950488859E0,1.188950488859E0,
1.188950488859E0,1.188950488859E0,1.188950488859E0,1.188950488859E0,
1.188950488859E0,1.188950488859E0,1.188950488859E0,1.188950488859E0),(
9.370165037136E-1,9.370165037136E-1,9.370165037136E-1,9.370165037136E-1,
9.370165037136E-1,9.370165037136E-1,9.370165037136E-1,9.370165037136E-1,
9.370165037136E-1,9.370165037136E-1),(9.370165037136E-1,9.370165037136E-1,
9.370165037136E-1,9.370165037136E-1,9.370165037136E-1,9.370165037136E-1,
9.370165037136E-1,9.370165037136E-1,9.370165037136E-1,9.370165037136E-1),(
1.188950488859E0,1.188950488859E0,1.188950488859E0,1.188950488859E0,
1.188950488859E0,1.188950488859E0,1.188950488859E0,1.188950488859E0,
1.188950488859E0,1.188950488859E0)))REPRESENTATION_ITEM('')SURFACE());
#8193=ORIENTED_EDGE('',*,*,#8023,.T.);
#8194=ORIENTED_EDGE('',*,*,#8056,.T.);
#8195=ORIENTED_EDGE('',*,*,#8079,.F.);
#8196=ORIENTED_EDGE('',*,*,#8137,.F.);
#8197=EDGE_LOOP('',(#8193,#8194,#8195,#8196));
#8198=FACE_OUTER_BOUND('',#8197,.F.);
#8199=ADVANCED_FACE('',(#8198),#8192,.T.);
#8200=FILL_AREA_STYLE_COLOUR('',#4);
#8201=FILL_AREA_STYLE('',(#8200));
#8202=SURFACE_STYLE_FILL_AREA(#8201);
#8203=SURFACE_SIDE_STYLE('',(#8202));
#8204=SURFACE_STYLE_USAGE(.BOTH.,#8203);
#8205=PRESENTATION_STYLE_ASSIGNMENT((#8204));
#8206=STYLED_ITEM('',(#8205),#8199);
#8207=CARTESIAN_POINT('',(3.501657502386E0,2.573680883575E0,4.996731765887E0));
#8208=CARTESIAN_POINT('',(3.498667874150E0,2.570645297996E0,4.995766073917E0));
#8209=CARTESIAN_POINT('',(3.455067382653E0,2.525628938185E0,4.981432170977E0));
#8210=CARTESIAN_POINT('',(3.375492787990E0,2.421437410564E0,4.948999309116E0));
#8211=CARTESIAN_POINT('',(3.293899831843E0,2.223762774873E0,4.908155854241E0));
#8212=CARTESIAN_POINT('',(3.273311348314E0,2.065276442122E0,4.896851789364E0));
#8213=CARTESIAN_POINT('',(3.274215222524E0,1.985125735828E0,4.897375073453E0));
#8214=CARTESIAN_POINT('',(3.274359174917E0,1.978652198108E0,4.897460172088E0));
#8215=CARTESIAN_POINT('',(3.657770192916E0,2.433804050254E0,5.073136395526E0));
#8216=CARTESIAN_POINT('',(3.655530551848E0,2.431597503949E0,5.072154940274E0));
#8217=CARTESIAN_POINT('',(3.622828637494E0,2.398828875310E0,5.057609664121E0));
#8218=CARTESIAN_POINT('',(3.562102269803E0,2.321612148118E0,5.025243119656E0));
#8219=CARTESIAN_POINT('',(3.498741052274E0,2.171467945279E0,4.985446319659E0));
#8220=CARTESIAN_POINT('',(3.482624946425E0,2.049711174424E0,4.974575078047E0));
#8221=CARTESIAN_POINT('',(3.483331713776E0,1.988127178946E0,4.975076041185E0));
#8222=CARTESIAN_POINT('',(3.483444163664E0,1.983153373788E0,4.975157505954E0));
#8223=CARTESIAN_POINT('',(3.734846140056E0,2.330777915221E0,5.255399587472E0));
#8224=CARTESIAN_POINT('',(3.733075803564E0,2.328858592909E0,5.254380528923E0));
#8225=CARTESIAN_POINT('',(3.707328008663E0,2.300479853283E0,5.239331022114E0));
#8226=CARTESIAN_POINT('',(3.662216334136E0,2.237272408390E0,5.207122677752E0));
#8227=CARTESIAN_POINT('',(3.617934372098E0,2.123930412103E0,5.169822672255E0));
#8228=CARTESIAN_POINT('',(3.606991588925E0,2.035543399197E0,5.159983930246E0));
#8229=CARTESIAN_POINT('',(3.607473370352E0,1.990858901176E0,5.160431646771E0));
#8230=CARTESIAN_POINT('',(3.607550299714E0,1.987249587955E0,5.160504442955E0));
#8231=CARTESIAN_POINT('',(3.703756967322E0,2.303537894257E0,5.474640827496E0));
#8232=CARTESIAN_POINT('',(3.701997894238E0,2.301255433582E0,5.473576536590E0));
#8233=CARTESIAN_POINT('',(3.676631675206E0,2.267749723381E0,5.457920499449E0));
#8234=CARTESIAN_POINT('',(3.638000088712E0,2.200291684764E0,5.425902451254E0));
#8235=CARTESIAN_POINT('',(3.606434507761E0,2.099115457833E0,5.391605796659E0));
#8236=CARTESIAN_POINT('',(3.599410901262E0,2.028127371640E0,5.383009030558E0));
#8237=CARTESIAN_POINT('',(3.599724843897E0,1.992288535919E0,5.383392697654E0));
#8238=CARTESIAN_POINT('',(3.599775658552E0,1.989392808145E0,5.383455066548E0));
#8239=(BOUNDED_SURFACE()B_SPLINE_SURFACE(3,3,((#8207,#8208,#8209,#8210,#8211,
#8212,#8213,#8214),(#8215,#8216,#8217,#8218,#8219,#8220,#8221,#8222),(#8223,
#8224,#8225,#8226,#8227,#8228,#8229,#8230),(#8231,#8232,#8233,#8234,#8235,#8236,
#8237,#8238)),.UNSPECIFIED.,.F.,.F.,.F.)B_SPLINE_SURFACE_WITH_KNOTS((4,4),(4,1,
1,1,1,4),(0.E0,1.E0),(-2.563076436909E-2,0.E0,3.489553082684E-1,
6.842428826311E-1,1.E0,1.027765171147E0),.UNSPECIFIED.)GEOMETRIC_REPRESENTATION_ITEM()RATIONAL_B_SPLINE_SURFACE(((1.104337184516E0,1.104337184516E0,
1.104337184516E0,1.104337184516E0,1.104337184516E0,1.104337184516E0,
1.104337184516E0,1.104337184516E0),(9.652209384948E-1,9.652209384948E-1,
9.652209384948E-1,9.652209384948E-1,9.652209384948E-1,9.652209384948E-1,
9.652209384948E-1,9.652209384948E-1),(9.652209384948E-1,9.652209384948E-1,
9.652209384948E-1,9.652209384948E-1,9.652209384948E-1,9.652209384948E-1,
9.652209384948E-1,9.652209384948E-1),(1.104337184516E0,1.104337184516E0,
1.104337184516E0,1.104337184516E0,1.104337184516E0,1.104337184516E0,
1.104337184516E0,1.104337184516E0)))REPRESENTATION_ITEM('')SURFACE());
#8240=ORIENTED_EDGE('',*,*,#8027,.T.);
#8241=ORIENTED_EDGE('',*,*,#8140,.T.);
#8243=ORIENTED_EDGE('',*,*,#8242,.F.);
#8245=ORIENTED_EDGE('',*,*,#8244,.F.);
#8246=EDGE_LOOP('',(#8240,#8241,#8243,#8245));
#8247=FACE_OUTER_BOUND('',#8246,.F.);
#8248=ADVANCED_FACE('',(#8247),#8239,.T.);
#8249=FILL_AREA_STYLE_COLOUR('',#4);
#8250=FILL_AREA_STYLE('',(#8249));
#8251=SURFACE_STYLE_FILL_AREA(#8250);
#8252=SURFACE_SIDE_STYLE('',(#8251));
#8253=SURFACE_STYLE_USAGE(.BOTH.,#8252);
#8254=PRESENTATION_STYLE_ASSIGNMENT((#8253));
#8255=STYLED_ITEM('',(#8254),#8248);
#8256=CARTESIAN_POINT('',(4.1E0,1.998082440428E0,-3.039156E1));
#8257=DIRECTION('',(0.E0,0.E0,1.E0));
#8258=DIRECTION('',(-1.913950514034E-1,9.815130841198E-1,0.E0));
#8259=AXIS2_PLACEMENT_3D('',#8256,#8257,#8258);
#8260=CYLINDRICAL_SURFACE('',#8259,5.E-1);
#8261=ORIENTED_EDGE('',*,*,#8242,.T.);
#8262=ORIENTED_EDGE('',*,*,#8119,.T.);
#8263=ORIENTED_EDGE('',*,*,#6068,.T.);
#8265=ORIENTED_EDGE('',*,*,#8264,.F.);
#8267=ORIENTED_EDGE('',*,*,#8266,.T.);
#8269=ORIENTED_EDGE('',*,*,#8268,.T.);
#8270=EDGE_LOOP('',(#8261,#8262,#8263,#8265,#8267,#8269));
#8271=FACE_OUTER_BOUND('',#8270,.F.);
#8272=ADVANCED_FACE('',(#8271),#8260,.F.);
#8273=FILL_AREA_STYLE_COLOUR('',#4);
#8274=FILL_AREA_STYLE('',(#8273));
#8275=SURFACE_STYLE_FILL_AREA(#8274);
#8276=SURFACE_SIDE_STYLE('',(#8275));
#8277=SURFACE_STYLE_USAGE(.BOTH.,#8276);
#8278=PRESENTATION_STYLE_ASSIGNMENT((#8277));
#8279=STYLED_ITEM('',(#8278),#8272);
#8280=CARTESIAN_POINT('',(3.6E0,2.41E0,9.E0));
#8281=DIRECTION('',(1.913950514034E-1,-9.815130841198E-1,0.E0));
#8282=DIRECTION('',(9.815130841198E-1,1.913950514034E-1,0.E0));
#8283=AXIS2_PLACEMENT_3D('',#8280,#8281,#8282);
#8284=PLANE('',#8283);
#8286=ORIENTED_EDGE('',*,*,#8285,.T.);
#8287=ORIENTED_EDGE('',*,*,#8264,.T.);
#8288=ORIENTED_EDGE('',*,*,#6066,.T.);
#8290=ORIENTED_EDGE('',*,*,#8289,.F.);
#8291=EDGE_LOOP('',(#8286,#8287,#8288,#8290));
#8292=FACE_OUTER_BOUND('',#8291,.F.);
#8293=ADVANCED_FACE('',(#8292),#8284,.T.);
#8294=FILL_AREA_STYLE_COLOUR('',#4);
#8295=FILL_AREA_STYLE('',(#8294));
#8296=SURFACE_STYLE_FILL_AREA(#8295);
#8297=SURFACE_SIDE_STYLE('',(#8296));
#8298=SURFACE_STYLE_USAGE(.BOTH.,#8297);
#8299=PRESENTATION_STYLE_ASSIGNMENT((#8298));
#8300=STYLED_ITEM('',(#8299),#8293);
#8301=CARTESIAN_POINT('',(2.020032E1,6.156479959572E0,5.5E0));
#8302=DIRECTION('',(-9.815130841198E-1,-1.913950514034E-1,0.E0));
#8303=DIRECTION('',(0.E0,0.E0,-1.E0));
#8304=AXIS2_PLACEMENT_3D('',#8301,#8302,#8303);
#8305=CYLINDRICAL_SURFACE('',#8304,5.E-1);
#8306=ORIENTED_EDGE('',*,*,#8033,.T.);
#8308=ORIENTED_EDGE('',*,*,#8307,.T.);
#8309=ORIENTED_EDGE('',*,*,#8285,.F.);
#8311=ORIENTED_EDGE('',*,*,#8310,.T.);
#8312=ORIENTED_EDGE('',*,*,#7505,.T.);
#8313=EDGE_LOOP('',(#8306,#8308,#8309,#8311,#8312));
#8314=FACE_OUTER_BOUND('',#8313,.F.);
#8315=ADVANCED_FACE('',(#8314),#8305,.T.);
#8316=FILL_AREA_STYLE_COLOUR('',#4);
#8317=FILL_AREA_STYLE('',(#8316));
#8318=SURFACE_STYLE_FILL_AREA(#8317);
#8319=SURFACE_SIDE_STYLE('',(#8318));
#8320=SURFACE_STYLE_USAGE(.BOTH.,#8319);
#8321=PRESENTATION_STYLE_ASSIGNMENT((#8320));
#8322=STYLED_ITEM('',(#8321),#8315);
#8323=CARTESIAN_POINT('',(4.1E0,1.998082440428E0,5.5E0));
#8324=DIRECTION('',(0.E0,0.E0,1.E0));
#8325=DIRECTION('',(-1.102040934885E-1,9.939089786185E-1,0.E0));
#8326=AXIS2_PLACEMENT_3D('',#8323,#8324,#8325);
#8327=TOROIDAL_SURFACE('',#8326,1.E0,5.E-1);
#8328=ORIENTED_EDGE('',*,*,#8031,.T.);
#8330=ORIENTED_EDGE('',*,*,#8329,.T.);
#8331=ORIENTED_EDGE('',*,*,#8266,.F.);
#8332=ORIENTED_EDGE('',*,*,#8307,.F.);
#8333=EDGE_LOOP('',(#8328,#8330,#8331,#8332));
#8334=FACE_OUTER_BOUND('',#8333,.F.);
#8335=ADVANCED_FACE('',(#8334),#8327,.T.);
#8336=FILL_AREA_STYLE_COLOUR('',#4);
#8337=FILL_AREA_STYLE('',(#8336));
#8338=SURFACE_STYLE_FILL_AREA(#8337);
#8339=SURFACE_SIDE_STYLE('',(#8338));
#8340=SURFACE_STYLE_USAGE(.BOTH.,#8339);
#8341=PRESENTATION_STYLE_ASSIGNMENT((#8340));
#8342=STYLED_ITEM('',(#8341),#8335);
#8343=CARTESIAN_POINT('',(3.568889680961E0,2.865809169123E0,5.000219997904E0));
#8344=CARTESIAN_POINT('',(3.565996351537E0,2.864012789810E0,5.000273538712E0));
#8345=CARTESIAN_POINT('',(3.547257520367E0,2.852329231095E0,5.000449804409E0));
#8346=CARTESIAN_POINT('',(3.513196661739E0,2.830585954662E0,4.998745519430E0));
#8347=CARTESIAN_POINT('',(3.466192472274E0,2.797462416794E0,4.992374344468E0));
#8348=CARTESIAN_POINT('',(3.422353231052E0,2.762374192368E0,4.983662891669E0));
#8349=CARTESIAN_POINT('',(3.381753634740E0,2.725251049977E0,4.973798182644E0));
#8350=CARTESIAN_POINT('',(3.351489998352E0,2.693736724030E0,4.965619975048E0));
#8351=CARTESIAN_POINT('',(3.334828965777E0,2.674783789079E0,4.960984545899E0));
#8352=CARTESIAN_POINT('',(3.330614648211E0,2.669881605458E0,4.959806462389E0));
#8353=CARTESIAN_POINT('',(3.727895019295E0,2.600776950551E0,4.989502390108E0));
#8354=CARTESIAN_POINT('',(3.726682017405E0,2.599988070918E0,4.989554813422E0));
#8355=CARTESIAN_POINT('',(3.718681595979E0,2.594885718803E0,4.989727730512E0));
#8356=CARTESIAN_POINT('',(3.702366981580E0,2.585597130344E0,4.988054447316E0));
#8357=CARTESIAN_POINT('',(3.675615126590E0,2.569724724728E0,4.981756112278E0));
#8358=CARTESIAN_POINT('',(3.647598856283E0,2.550402836483E0,4.973102850730E0));
#8359=CARTESIAN_POINT('',(3.619540958342E0,2.527542590224E0,4.963267430587E0));
#8360=CARTESIAN_POINT('',(3.597457513674E0,2.506466766609E0,4.955089807733E0));
#8361=CARTESIAN_POINT('',(3.584965181450E0,2.493223661412E0,4.950447300010E0));
#8362=CARTESIAN_POINT('',(3.581785347058E0,2.489764051753E0,4.949266942987E0));
#8363=CARTESIAN_POINT('',(3.843666925376E0,2.415222947849E0,5.208146714657E0));
#8364=CARTESIAN_POINT('',(3.842527284687E0,2.414504099411E0,5.208221935380E0));
#8365=CARTESIAN_POINT('',(3.835100803096E0,2.409837729324E0,5.208463165656E0));
#8366=CARTESIAN_POINT('',(3.821042878561E0,2.401218825256E0,5.206157431261E0));
#8367=CARTESIAN_POINT('',(3.800306253708E0,2.387545630709E0,5.198373126927E0));
#8368=CARTESIAN_POINT('',(3.779998920959E0,2.372270352627E0,5.188532736043E0));
#8369=CARTESIAN_POINT('',(3.760526111842E0,2.355346582207E0,5.178099808684E0));
#8370=CARTESIAN_POINT('',(3.745642148245E0,2.340453195540E0,5.169910256826E0));
#8371=CARTESIAN_POINT('',(3.737342501269E0,2.331317065891E0,5.165412155416E0));
#8372=CARTESIAN_POINT('',(3.735236852824E0,2.328943191499E0,5.164278179133E0));
#8373=CARTESIAN_POINT('',(3.842614451662E0,2.427095421015E0,5.517170695426E0));
#8374=CARTESIAN_POINT('',(3.839894573453E0,2.425464619635E0,5.517278137184E0));
#8375=CARTESIAN_POINT('',(3.822512734280E0,2.414811873013E0,5.517615918845E0));
#8376=CARTESIAN_POINT('',(3.793787469893E0,2.394651961773E0,5.514416300801E0));
#8377=CARTESIAN_POINT('',(3.761005361983E0,2.366728118423E0,5.504531781205E0));
#8378=CARTESIAN_POINT('',(3.735392711624E0,2.341207478021E0,5.493013544652E0));
#8379=CARTESIAN_POINT('',(3.715091230365E0,2.318120214825E0,5.481736122202E0));
#8380=CARTESIAN_POINT('',(3.701849653749E0,2.301223305081E0,5.473529710323E0));
#8381=CARTESIAN_POINT('',(3.695101577151E0,2.291980678772E0,5.469235707573E0));
#8382=CARTESIAN_POINT('',(3.693427006161E0,2.289645548308E0,5.468167284148E0));
#8383=(BOUNDED_SURFACE()B_SPLINE_SURFACE(3,3,((#8343,#8344,#8345,#8346,#8347,
#8348,#8349,#8350,#8351,#8352),(#8353,#8354,#8355,#8356,#8357,#8358,#8359,#8360,
#8361,#8362),(#8363,#8364,#8365,#8366,#8367,#8368,#8369,#8370,#8371,#8372),(
#8373,#8374,#8375,#8376,#8377,#8378,#8379,#8380,#8381,#8382)),.UNSPECIFIED.,.F.,
.F.,.F.)B_SPLINE_SURFACE_WITH_KNOTS((4,4),(4,1,1,1,1,1,1,4),(0.E0,1.E0),(
-4.607164936616E-2,0.E0,2.505569765092E-1,4.706946820909E-1,6.657766806897E-1,
8.405872292315E-1,1.E0,1.054002968161E0),.UNSPECIFIED.)GEOMETRIC_REPRESENTATION_ITEM()RATIONAL_B_SPLINE_SURFACE(((1.188938576191E0,1.188938576191E0,
1.188938576191E0,1.188938576191E0,1.188938576191E0,1.188938576191E0,
1.188938576191E0,1.188938576191E0,1.188938576191E0,1.188938576191E0),(
9.370204746031E-1,9.370204746031E-1,9.370204746031E-1,9.370204746031E-1,
9.370204746031E-1,9.370204746031E-1,9.370204746031E-1,9.370204746031E-1,
9.370204746031E-1,9.370204746031E-1),(9.370204746031E-1,9.370204746031E-1,
9.370204746031E-1,9.370204746031E-1,9.370204746031E-1,9.370204746031E-1,
9.370204746031E-1,9.370204746031E-1,9.370204746031E-1,9.370204746031E-1),(
1.188938576191E0,1.188938576191E0,1.188938576191E0,1.188938576191E0,
1.188938576191E0,1.188938576191E0,1.188938576191E0,1.188938576191E0,
1.188938576191E0,1.188938576191E0)))REPRESENTATION_ITEM('')SURFACE());
#8384=ORIENTED_EDGE('',*,*,#8029,.T.);
#8385=ORIENTED_EDGE('',*,*,#8244,.T.);
#8386=ORIENTED_EDGE('',*,*,#8268,.F.);
#8387=ORIENTED_EDGE('',*,*,#8329,.F.);
#8388=EDGE_LOOP('',(#8384,#8385,#8386,#8387));
#8389=FACE_OUTER_BOUND('',#8388,.F.);
#8390=ADVANCED_FACE('',(#8389),#8383,.T.);
#8391=FILL_AREA_STYLE_COLOUR('',#4);
#8392=FILL_AREA_STYLE('',(#8391));
#8393=SURFACE_STYLE_FILL_AREA(#8392);
#8394=SURFACE_SIDE_STYLE('',(#8393));
#8395=SURFACE_STYLE_USAGE(.BOTH.,#8394);
#8396=PRESENTATION_STYLE_ASSIGNMENT((#8395));
#8397=STYLED_ITEM('',(#8396),#8390);
#8398=CARTESIAN_POINT('',(5.6E0,-5.55E0,5.E0));
#8399=DIRECTION('',(1.E0,0.E0,0.E0));
#8400=DIRECTION('',(0.E0,1.E0,0.E0));
#8401=AXIS2_PLACEMENT_3D('',#8398,#8399,#8400);
#8402=PLANE('',#8401);
#8404=ORIENTED_EDGE('',*,*,#8403,.F.);
#8405=ORIENTED_EDGE('',*,*,#7507,.F.);
#8406=ORIENTED_EDGE('',*,*,#8310,.F.);
#8407=ORIENTED_EDGE('',*,*,#8289,.T.);
#8408=ORIENTED_EDGE('',*,*,#6064,.T.);
#8409=EDGE_LOOP('',(#8404,#8405,#8406,#8407,#8408));
#8410=FACE_OUTER_BOUND('',#8409,.F.);
#8411=ADVANCED_FACE('',(#8410),#8402,.T.);
#8412=FILL_AREA_STYLE_COLOUR('',#4);
#8413=FILL_AREA_STYLE('',(#8412));
#8414=SURFACE_STYLE_FILL_AREA(#8413);
#8415=SURFACE_SIDE_STYLE('',(#8414));
#8416=SURFACE_STYLE_USAGE(.POSITIVE.,#8415);
#8417=PRESENTATION_STYLE_ASSIGNMENT((#8416));
#8418=STYLED_ITEM('',(#8417),#8411);
#8419=CARTESIAN_POINT('',(5.1E0,4.297502066907E0,-3.039156E1));
#8420=DIRECTION('',(0.E0,0.E0,1.E0));
#8421=DIRECTION('',(1.E0,0.E0,0.E0));
#8422=AXIS2_PLACEMENT_3D('',#8419,#8420,#8421);
#8423=CYLINDRICAL_SURFACE('',#8422,5.E-1);
#8424=ORIENTED_EDGE('',*,*,#6062,.T.);
#8426=ORIENTED_EDGE('',*,*,#8425,.F.);
#8427=ORIENTED_EDGE('',*,*,#7509,.T.);
#8428=ORIENTED_EDGE('',*,*,#8403,.T.);
#8429=EDGE_LOOP('',(#8424,#8426,#8427,#8428));
#8430=FACE_OUTER_BOUND('',#8429,.F.);
#8431=ADVANCED_FACE('',(#8430),#8423,.T.);
#8432=FILL_AREA_STYLE_COLOUR('',#4);
#8433=FILL_AREA_STYLE('',(#8432));
#8434=SURFACE_STYLE_FILL_AREA(#8433);
#8435=SURFACE_SIDE_STYLE('',(#8434));
#8436=SURFACE_STYLE_USAGE(.BOTH.,#8435);
#8437=PRESENTATION_STYLE_ASSIGNMENT((#8436));
#8438=STYLED_ITEM('',(#8437),#8431);
#8439=CARTESIAN_POINT('',(5.6E0,4.514908254387E0,9.E0));
#8440=DIRECTION('',(6.819983600625E-1,7.313537016192E-1,0.E0));
#8441=DIRECTION('',(-7.313537016192E-1,6.819983600625E-1,0.E0));
#8442=AXIS2_PLACEMENT_3D('',#8439,#8440,#8441);
#8443=PLANE('',#8442);
#8444=ORIENTED_EDGE('',*,*,#8425,.T.);
#8445=ORIENTED_EDGE('',*,*,#6060,.T.);
#8447=ORIENTED_EDGE('',*,*,#8446,.F.);
#8448=ORIENTED_EDGE('',*,*,#7511,.F.);
#8449=EDGE_LOOP('',(#8444,#8445,#8447,#8448));
#8450=FACE_OUTER_BOUND('',#8449,.F.);
#8451=ADVANCED_FACE('',(#8450),#8443,.T.);
#8452=FILL_AREA_STYLE_COLOUR('',#4);
#8453=FILL_AREA_STYLE('',(#8452));
#8454=SURFACE_STYLE_FILL_AREA(#8453);
#8455=SURFACE_SIDE_STYLE('',(#8454));
#8456=SURFACE_STYLE_USAGE(.BOTH.,#8455);
#8457=PRESENTATION_STYLE_ASSIGNMENT((#8456));
#8458=STYLED_ITEM('',(#8457),#8451);
#8459=CARTESIAN_POINT('',(4.49E0,5.55E0,9.E0));
#8460=DIRECTION('',(1.E0,0.E0,0.E0));
#8461=DIRECTION('',(0.E0,1.E0,0.E0));
#8462=AXIS2_PLACEMENT_3D('',#8459,#8460,#8461);
#8463=PLANE('',#8462);
#8464=ORIENTED_EDGE('',*,*,#6231,.F.);
#8465=ORIENTED_EDGE('',*,*,#6296,.T.);
#8466=ORIENTED_EDGE('',*,*,#6318,.F.);
#8467=ORIENTED_EDGE('',*,*,#8446,.T.);
#8468=ORIENTED_EDGE('',*,*,#6058,.F.);
#8469=ORIENTED_EDGE('',*,*,#6142,.T.);
#8470=ORIENTED_EDGE('',*,*,#6204,.T.);
#8471=EDGE_LOOP('',(#8464,#8465,#8466,#8467,#8468,#8469,#8470));
#8472=FACE_OUTER_BOUND('',#8471,.F.);
#8473=ADVANCED_FACE('',(#8472),#8463,.T.);
#8474=FILL_AREA_STYLE_COLOUR('',#4);
#8475=FILL_AREA_STYLE('',(#8474));
#8476=SURFACE_STYLE_FILL_AREA(#8475);
#8477=SURFACE_SIDE_STYLE('',(#8476));
#8478=SURFACE_STYLE_USAGE(.BOTH.,#8477);
#8479=PRESENTATION_STYLE_ASSIGNMENT((#8478));
#8480=STYLED_ITEM('',(#8479),#8473);
#8481=CARTESIAN_POINT('',(-3.445E0,5.8E0,5.35E0));
#8482=DIRECTION('',(0.E0,8.137334712067E-1,-5.812381937191E-1));
#8483=DIRECTION('',(0.E0,-5.812381937191E-1,-8.137334712067E-1));
#8484=AXIS2_PLACEMENT_3D('',#8481,#8482,#8483);
#8485=PLANE('',#8484);
#8487=ORIENTED_EDGE('',*,*,#8486,.T.);
#8489=ORIENTED_EDGE('',*,*,#8488,.T.);
#8490=ORIENTED_EDGE('',*,*,#7515,.F.);
#8491=ORIENTED_EDGE('',*,*,#6378,.T.);
#8492=EDGE_LOOP('',(#8487,#8489,#8490,#8491));
#8493=FACE_OUTER_BOUND('',#8492,.F.);
#8494=ADVANCED_FACE('',(#8493),#8485,.T.);
#8495=FILL_AREA_STYLE_COLOUR('',#4);
#8496=FILL_AREA_STYLE('',(#8495));
#8497=SURFACE_STYLE_FILL_AREA(#8496);
#8498=SURFACE_SIDE_STYLE('',(#8497));
#8499=SURFACE_STYLE_USAGE(.BOTH.,#8498);
#8500=PRESENTATION_STYLE_ASSIGNMENT((#8499));
#8501=STYLED_ITEM('',(#8500),#8494);
#8502=CARTESIAN_POINT('',(0.E0,0.E0,5.7E0));
#8503=DIRECTION('',(0.E0,0.E0,1.E0));
#8504=DIRECTION('',(0.E0,1.E0,0.E0));
#8505=AXIS2_PLACEMENT_3D('',#8502,#8503,#8504);
#8506=PLANE('',#8505);
#8508=ORIENTED_EDGE('',*,*,#8507,.F.);
#8510=ORIENTED_EDGE('',*,*,#8509,.T.);
#8512=ORIENTED_EDGE('',*,*,#8511,.F.);
#8514=ORIENTED_EDGE('',*,*,#8513,.T.);
#8515=ORIENTED_EDGE('',*,*,#8486,.F.);
#8516=ORIENTED_EDGE('',*,*,#6406,.T.);
#8517=EDGE_LOOP('',(#8508,#8510,#8512,#8514,#8515,#8516));
#8518=FACE_OUTER_BOUND('',#8517,.F.);
#8519=ADVANCED_FACE('',(#8518),#8506,.F.);
#8520=FILL_AREA_STYLE_COLOUR('',#4);
#8521=FILL_AREA_STYLE('',(#8520));
#8522=SURFACE_STYLE_FILL_AREA(#8521);
#8523=SURFACE_SIDE_STYLE('',(#8522));
#8524=SURFACE_STYLE_USAGE(.POSITIVE.,#8523);
#8525=PRESENTATION_STYLE_ASSIGNMENT((#8524));
#8526=STYLED_ITEM('',(#8525),#8519);
#8527=CARTESIAN_POINT('',(-5.443189628663E0,8.1E0,3.474696E1));
#8528=DIRECTION('',(8.715574274766E-2,0.E0,-9.961946980917E-1));
#8529=DIRECTION('',(0.E0,1.E0,0.E0));
#8530=AXIS2_PLACEMENT_3D('',#8527,#8528,#8529);
#8531=CYLINDRICAL_SURFACE('',#8530,5.E-1);
#8532=ORIENTED_EDGE('',*,*,#8507,.T.);
#8533=ORIENTED_EDGE('',*,*,#6404,.F.);
#8535=ORIENTED_EDGE('',*,*,#8534,.T.);
#8537=ORIENTED_EDGE('',*,*,#8536,.T.);
#8538=EDGE_LOOP('',(#8532,#8533,#8535,#8537));
#8539=FACE_OUTER_BOUND('',#8538,.F.);
#8540=ADVANCED_FACE('',(#8539),#8531,.T.);
#8541=FILL_AREA_STYLE_COLOUR('',#4);
#8542=FILL_AREA_STYLE('',(#8541));
#8543=SURFACE_STYLE_FILL_AREA(#8542);
#8544=SURFACE_SIDE_STYLE('',(#8543));
#8545=SURFACE_STYLE_USAGE(.BOTH.,#8544);
#8546=PRESENTATION_STYLE_ASSIGNMENT((#8545));
#8547=STYLED_ITEM('',(#8546),#8540);
#8548=CARTESIAN_POINT('',(-3.188712589636E0,8.1E0,3.474696E1));
#8549=DIRECTION('',(0.E0,0.E0,-1.E0));
#8550=DIRECTION('',(0.E0,1.E0,0.E0));
#8551=AXIS2_PLACEMENT_3D('',#8548,#8549,#8550);
#8552=CYLINDRICAL_SURFACE('',#8551,5.E-1);
#8554=ORIENTED_EDGE('',*,*,#8553,.T.);
#8556=ORIENTED_EDGE('',*,*,#8555,.T.);
#8557=ORIENTED_EDGE('',*,*,#8534,.F.);
#8559=ORIENTED_EDGE('',*,*,#8558,.F.);
#8560=EDGE_LOOP('',(#8554,#8556,#8557,#8559));
#8561=FACE_OUTER_BOUND('',#8560,.F.);
#8562=ADVANCED_FACE('',(#8561),#8552,.T.);
#8563=FILL_AREA_STYLE_COLOUR('',#4);
#8564=FILL_AREA_STYLE('',(#8563));
#8565=SURFACE_STYLE_FILL_AREA(#8564);
#8566=SURFACE_SIDE_STYLE('',(#8565));
#8567=SURFACE_STYLE_USAGE(.BOTH.,#8566);
#8568=PRESENTATION_STYLE_ASSIGNMENT((#8567));
#8569=STYLED_ITEM('',(#8568),#8562);
#8570=CARTESIAN_POINT('',(0.E0,0.E0,1.05E1));
#8571=DIRECTION('',(0.E0,0.E0,1.E0));
#8572=DIRECTION('',(0.E0,1.E0,0.E0));
#8573=AXIS2_PLACEMENT_3D('',#8570,#8571,#8572);
#8574=PLANE('',#8573);
#8575=ORIENTED_EDGE('',*,*,#8553,.F.);
#8577=ORIENTED_EDGE('',*,*,#8576,.F.);
#8579=ORIENTED_EDGE('',*,*,#8578,.F.);
#8581=ORIENTED_EDGE('',*,*,#8580,.F.);
#8583=ORIENTED_EDGE('',*,*,#8582,.F.);
#8585=ORIENTED_EDGE('',*,*,#8584,.F.);
#8586=EDGE_LOOP('',(#8575,#8577,#8579,#8581,#8583,#8585));
#8587=FACE_OUTER_BOUND('',#8586,.F.);
#8588=ADVANCED_FACE('',(#8587),#8574,.T.);
#8589=FILL_AREA_STYLE_COLOUR('',#4);
#8590=FILL_AREA_STYLE('',(#8589));
#8591=SURFACE_STYLE_FILL_AREA(#8590);
#8592=SURFACE_SIDE_STYLE('',(#8591));
#8593=SURFACE_STYLE_USAGE(.POSITIVE.,#8592);
#8594=PRESENTATION_STYLE_ASSIGNMENT((#8593));
#8595=STYLED_ITEM('',(#8594),#8588);
#8596=CARTESIAN_POINT('',(-2.688712589636E0,7.1E0,9.E0));
#8597=DIRECTION('',(1.E0,0.E0,0.E0));
#8598=DIRECTION('',(0.E0,1.E0,0.E0));
#8599=AXIS2_PLACEMENT_3D('',#8596,#8597,#8598);
#8600=PLANE('',#8599);
#8601=ORIENTED_EDGE('',*,*,#8558,.T.);
#8602=ORIENTED_EDGE('',*,*,#6402,.T.);
#8604=ORIENTED_EDGE('',*,*,#8603,.T.);
#8605=ORIENTED_EDGE('',*,*,#8576,.T.);
#8606=EDGE_LOOP('',(#8601,#8602,#8604,#8605));
#8607=FACE_OUTER_BOUND('',#8606,.F.);
#8608=ADVANCED_FACE('',(#8607),#8600,.T.);
#8609=FILL_AREA_STYLE_COLOUR('',#4);
#8610=FILL_AREA_STYLE('',(#8609));
#8611=SURFACE_STYLE_FILL_AREA(#8610);
#8612=SURFACE_SIDE_STYLE('',(#8611));
#8613=SURFACE_STYLE_USAGE(.BOTH.,#8612);
#8614=PRESENTATION_STYLE_ASSIGNMENT((#8613));
#8615=STYLED_ITEM('',(#8614),#8608);
#8616=CARTESIAN_POINT('',(-4.49E0,7.1E0,9.E0));
#8617=DIRECTION('',(0.E0,-1.E0,0.E0));
#8618=DIRECTION('',(1.E0,0.E0,0.E0));
#8619=AXIS2_PLACEMENT_3D('',#8616,#8617,#8618);
#8620=PLANE('',#8619);
#8621=ORIENTED_EDGE('',*,*,#7209,.F.);
#8623=ORIENTED_EDGE('',*,*,#8622,.T.);
#8624=ORIENTED_EDGE('',*,*,#8578,.T.);
#8625=ORIENTED_EDGE('',*,*,#8603,.F.);
#8626=EDGE_LOOP('',(#8621,#8623,#8624,#8625));
#8627=FACE_OUTER_BOUND('',#8626,.F.);
#8628=ADVANCED_FACE('',(#8627),#8620,.T.);
#8629=FILL_AREA_STYLE_COLOUR('',#4);
#8630=FILL_AREA_STYLE('',(#8629));
#8631=SURFACE_STYLE_FILL_AREA(#8630);
#8632=SURFACE_SIDE_STYLE('',(#8631));
#8633=SURFACE_STYLE_USAGE(.BOTH.,#8632);
#8634=PRESENTATION_STYLE_ASSIGNMENT((#8633));
#8635=STYLED_ITEM('',(#8634),#8628);
#8636=CARTESIAN_POINT('',(-4.49E0,5.55E0,9.E0));
#8637=DIRECTION('',(1.E0,0.E0,0.E0));
#8638=DIRECTION('',(0.E0,1.E0,0.E0));
#8639=AXIS2_PLACEMENT_3D('',#8636,#8637,#8638);
#8640=PLANE('',#8639);
#8642=ORIENTED_EDGE('',*,*,#8641,.T.);
#8643=ORIENTED_EDGE('',*,*,#8580,.T.);
#8644=ORIENTED_EDGE('',*,*,#8622,.F.);
#8645=ORIENTED_EDGE('',*,*,#7207,.T.);
#8647=ORIENTED_EDGE('',*,*,#8646,.T.);
#8648=ORIENTED_EDGE('',*,*,#8488,.F.);
#8649=ORIENTED_EDGE('',*,*,#8513,.F.);
#8650=EDGE_LOOP('',(#8642,#8643,#8644,#8645,#8647,#8648,#8649));
#8651=FACE_OUTER_BOUND('',#8650,.F.);
#8652=ADVANCED_FACE('',(#8651),#8640,.F.);
#8653=FILL_AREA_STYLE_COLOUR('',#4);
#8654=FILL_AREA_STYLE('',(#8653));
#8655=SURFACE_STYLE_FILL_AREA(#8654);
#8656=SURFACE_SIDE_STYLE('',(#8655));
#8657=SURFACE_STYLE_USAGE(.BOTH.,#8656);
#8658=PRESENTATION_STYLE_ASSIGNMENT((#8657));
#8659=STYLED_ITEM('',(#8658),#8652);
#8660=CARTESIAN_POINT('',(-3.99E0,8.1E0,-3.234696E1));
#8661=DIRECTION('',(0.E0,0.E0,1.E0));
#8662=DIRECTION('',(0.E0,1.E0,0.E0));
#8663=AXIS2_PLACEMENT_3D('',#8660,#8661,#8662);
#8664=CYLINDRICAL_SURFACE('',#8663,5.E-1);
#8665=ORIENTED_EDGE('',*,*,#8582,.T.);
#8666=ORIENTED_EDGE('',*,*,#8641,.F.);
#8667=ORIENTED_EDGE('',*,*,#8511,.T.);
#8669=ORIENTED_EDGE('',*,*,#8668,.T.);
#8670=EDGE_LOOP('',(#8665,#8666,#8667,#8669));
#8671=FACE_OUTER_BOUND('',#8670,.F.);
#8672=ADVANCED_FACE('',(#8671),#8664,.T.);
#8673=FILL_AREA_STYLE_COLOUR('',#4);
#8674=FILL_AREA_STYLE('',(#8673));
#8675=SURFACE_STYLE_FILL_AREA(#8674);
#8676=SURFACE_SIDE_STYLE('',(#8675));
#8677=SURFACE_STYLE_USAGE(.BOTH.,#8676);
#8678=PRESENTATION_STYLE_ASSIGNMENT((#8677));
#8679=STYLED_ITEM('',(#8678),#8672);
#8680=CARTESIAN_POINT('',(-2.4E0,8.6E0,5.7E0));
#8681=DIRECTION('',(0.E0,1.E0,0.E0));
#8682=DIRECTION('',(-1.E0,0.E0,0.E0));
#8683=AXIS2_PLACEMENT_3D('',#8680,#8681,#8682);
#8684=PLANE('',#8683);
#8685=ORIENTED_EDGE('',*,*,#8536,.F.);
#8686=ORIENTED_EDGE('',*,*,#8555,.F.);
#8687=ORIENTED_EDGE('',*,*,#8584,.T.);
#8688=ORIENTED_EDGE('',*,*,#8668,.F.);
#8689=ORIENTED_EDGE('',*,*,#8509,.F.);
#8690=EDGE_LOOP('',(#8685,#8686,#8687,#8688,#8689));
#8691=FACE_OUTER_BOUND('',#8690,.F.);
#8692=ADVANCED_FACE('',(#8691),#8684,.T.);
#8693=FILL_AREA_STYLE_COLOUR('',#4);
#8694=FILL_AREA_STYLE('',(#8693));
#8695=SURFACE_STYLE_FILL_AREA(#8694);
#8696=SURFACE_SIDE_STYLE('',(#8695));
#8697=SURFACE_STYLE_USAGE(.BOTH.,#8696);
#8698=PRESENTATION_STYLE_ASSIGNMENT((#8697));
#8699=STYLED_ITEM('',(#8698),#8692);
#8700=CARTESIAN_POINT('',(-5.6E0,4.514908254387E0,9.E0));
#8701=DIRECTION('',(6.819983600625E-1,-7.313537016192E-1,0.E0));
#8702=DIRECTION('',(7.313537016192E-1,6.819983600625E-1,0.E0));
#8703=AXIS2_PLACEMENT_3D('',#8700,#8701,#8702);
#8704=PLANE('',#8703);
#8706=ORIENTED_EDGE('',*,*,#8705,.T.);
#8707=ORIENTED_EDGE('',*,*,#7517,.T.);
#8708=ORIENTED_EDGE('',*,*,#8646,.F.);
#8709=ORIENTED_EDGE('',*,*,#7205,.F.);
#8710=EDGE_LOOP('',(#8706,#8707,#8708,#8709));
#8711=FACE_OUTER_BOUND('',#8710,.F.);
#8712=ADVANCED_FACE('',(#8711),#8704,.F.);
#8713=FILL_AREA_STYLE_COLOUR('',#4);
#8714=FILL_AREA_STYLE('',(#8713));
#8715=SURFACE_STYLE_FILL_AREA(#8714);
#8716=SURFACE_SIDE_STYLE('',(#8715));
#8717=SURFACE_STYLE_USAGE(.BOTH.,#8716);
#8718=PRESENTATION_STYLE_ASSIGNMENT((#8717));
#8719=STYLED_ITEM('',(#8718),#8712);
#8720=CARTESIAN_POINT('',(-5.1E0,4.297502066907E0,3.129156E1));
#8721=DIRECTION('',(0.E0,0.E0,-1.E0));
#8722=DIRECTION('',(-1.E0,0.E0,0.E0));
#8723=AXIS2_PLACEMENT_3D('',#8720,#8721,#8722);
#8724=CYLINDRICAL_SURFACE('',#8723,5.E-1);
#8725=ORIENTED_EDGE('',*,*,#7519,.T.);
#8726=ORIENTED_EDGE('',*,*,#8705,.F.);
#8727=ORIENTED_EDGE('',*,*,#7203,.T.);
#8729=ORIENTED_EDGE('',*,*,#8728,.T.);
#8730=EDGE_LOOP('',(#8725,#8726,#8727,#8729));
#8731=FACE_OUTER_BOUND('',#8730,.F.);
#8732=ADVANCED_FACE('',(#8731),#8724,.T.);
#8733=FILL_AREA_STYLE_COLOUR('',#4);
#8734=FILL_AREA_STYLE('',(#8733));
#8735=SURFACE_STYLE_FILL_AREA(#8734);
#8736=SURFACE_SIDE_STYLE('',(#8735));
#8737=SURFACE_STYLE_USAGE(.BOTH.,#8736);
#8738=PRESENTATION_STYLE_ASSIGNMENT((#8737));
#8739=STYLED_ITEM('',(#8738),#8732);
#8740=CARTESIAN_POINT('',(-5.6E0,5.55E0,5.E0));
#8741=DIRECTION('',(-1.E0,0.E0,0.E0));
#8742=DIRECTION('',(0.E0,-1.E0,0.E0));
#8743=AXIS2_PLACEMENT_3D('',#8740,#8741,#8742);
#8744=PLANE('',#8743);
#8745=ORIENTED_EDGE('',*,*,#8728,.F.);
#8746=ORIENTED_EDGE('',*,*,#7201,.T.);
#8748=ORIENTED_EDGE('',*,*,#8747,.F.);
#8750=ORIENTED_EDGE('',*,*,#8749,.F.);
#8751=ORIENTED_EDGE('',*,*,#7521,.F.);
#8752=EDGE_LOOP('',(#8745,#8746,#8748,#8750,#8751));
#8753=FACE_OUTER_BOUND('',#8752,.F.);
#8754=ADVANCED_FACE('',(#8753),#8744,.T.);
#8755=FILL_AREA_STYLE_COLOUR('',#4);
#8756=FILL_AREA_STYLE('',(#8755));
#8757=SURFACE_STYLE_FILL_AREA(#8756);
#8758=SURFACE_SIDE_STYLE('',(#8757));
#8759=SURFACE_STYLE_USAGE(.BOTH.,#8758);
#8760=PRESENTATION_STYLE_ASSIGNMENT((#8759));
#8761=STYLED_ITEM('',(#8760),#8754);
#8762=CARTESIAN_POINT('',(-3.6E0,2.41E0,9.E0));
#8763=DIRECTION('',(1.913950514034E-1,9.815130841198E-1,0.E0));
#8764=DIRECTION('',(-9.815130841198E-1,1.913950514034E-1,0.E0));
#8765=AXIS2_PLACEMENT_3D('',#8762,#8763,#8764);
#8766=PLANE('',#8765);
#8768=ORIENTED_EDGE('',*,*,#8767,.T.);
#8769=ORIENTED_EDGE('',*,*,#8747,.T.);
#8770=ORIENTED_EDGE('',*,*,#7199,.F.);
#8772=ORIENTED_EDGE('',*,*,#8771,.T.);
#8773=EDGE_LOOP('',(#8768,#8769,#8770,#8772));
#8774=FACE_OUTER_BOUND('',#8773,.F.);
#8775=ADVANCED_FACE('',(#8774),#8766,.F.);
#8776=FILL_AREA_STYLE_COLOUR('',#4);
#8777=FILL_AREA_STYLE('',(#8776));
#8778=SURFACE_STYLE_FILL_AREA(#8777);
#8779=SURFACE_SIDE_STYLE('',(#8778));
#8780=SURFACE_STYLE_USAGE(.BOTH.,#8779);
#8781=PRESENTATION_STYLE_ASSIGNMENT((#8780));
#8782=STYLED_ITEM('',(#8781),#8775);
#8783=CARTESIAN_POINT('',(-3.868286901044E0,2.971733505275E0,5.5E0));
#8784=DIRECTION('',(-9.815130841198E-1,1.913950514034E-1,0.E0));
#8785=DIRECTION('',(0.E0,0.E0,-1.E0));
#8786=AXIS2_PLACEMENT_3D('',#8783,#8784,#8785);
#8787=CYLINDRICAL_SURFACE('',#8786,5.E-1);
#8788=ORIENTED_EDGE('',*,*,#7449,.T.);
#8789=ORIENTED_EDGE('',*,*,#7523,.T.);
#8790=ORIENTED_EDGE('',*,*,#8749,.T.);
#8791=ORIENTED_EDGE('',*,*,#8767,.F.);
#8793=ORIENTED_EDGE('',*,*,#8792,.F.);
#8794=EDGE_LOOP('',(#8788,#8789,#8790,#8791,#8793));
#8795=FACE_OUTER_BOUND('',#8794,.F.);
#8796=ADVANCED_FACE('',(#8795),#8787,.T.);
#8797=FILL_AREA_STYLE_COLOUR('',#4);
#8798=FILL_AREA_STYLE('',(#8797));
#8799=SURFACE_STYLE_FILL_AREA(#8798);
#8800=SURFACE_SIDE_STYLE('',(#8799));
#8801=SURFACE_STYLE_USAGE(.BOTH.,#8800);
#8802=PRESENTATION_STYLE_ASSIGNMENT((#8801));
#8803=STYLED_ITEM('',(#8802),#8796);
#8804=CARTESIAN_POINT('',(-4.1E0,1.998082440428E0,5.5E0));
#8805=DIRECTION('',(0.E0,0.E0,-1.E0));
#8806=DIRECTION('',(9.931976291333E-1,-1.164408411342E-1,0.E0));
#8807=AXIS2_PLACEMENT_3D('',#8804,#8805,#8806);
#8808=TOROIDAL_SURFACE('',#8807,1.E0,5.E-1);
#8809=ORIENTED_EDGE('',*,*,#7451,.F.);
#8810=ORIENTED_EDGE('',*,*,#8792,.T.);
#8812=ORIENTED_EDGE('',*,*,#8811,.F.);
#8814=ORIENTED_EDGE('',*,*,#8813,.F.);
#8815=EDGE_LOOP('',(#8809,#8810,#8812,#8814));
#8816=FACE_OUTER_BOUND('',#8815,.F.);
#8817=ADVANCED_FACE('',(#8816),#8808,.T.);
#8818=FILL_AREA_STYLE_COLOUR('',#4);
#8819=FILL_AREA_STYLE('',(#8818));
#8820=SURFACE_STYLE_FILL_AREA(#8819);
#8821=SURFACE_SIDE_STYLE('',(#8820));
#8822=SURFACE_STYLE_USAGE(.BOTH.,#8821);
#8823=PRESENTATION_STYLE_ASSIGNMENT((#8822));
#8824=STYLED_ITEM('',(#8823),#8817);
#8825=CARTESIAN_POINT('',(-4.1E0,1.998082440428E0,3.129156E1));
#8826=DIRECTION('',(0.E0,0.E0,-1.E0));
#8827=DIRECTION('',(1.913950514034E-1,9.815130841198E-1,0.E0));
#8828=AXIS2_PLACEMENT_3D('',#8825,#8826,#8827);
#8829=CYLINDRICAL_SURFACE('',#8828,5.E-1);
#8830=ORIENTED_EDGE('',*,*,#8811,.T.);
#8831=ORIENTED_EDGE('',*,*,#8771,.F.);
#8832=ORIENTED_EDGE('',*,*,#7197,.T.);
#8834=ORIENTED_EDGE('',*,*,#8833,.T.);
#8836=ORIENTED_EDGE('',*,*,#8835,.T.);
#8838=ORIENTED_EDGE('',*,*,#8837,.T.);
#8839=EDGE_LOOP('',(#8830,#8831,#8832,#8834,#8836,#8838));
#8840=FACE_OUTER_BOUND('',#8839,.F.);
#8841=ADVANCED_FACE('',(#8840),#8829,.F.);
#8842=FILL_AREA_STYLE_COLOUR('',#4);
#8843=FILL_AREA_STYLE('',(#8842));
#8844=SURFACE_STYLE_FILL_AREA(#8843);
#8845=SURFACE_SIDE_STYLE('',(#8844));
#8846=SURFACE_STYLE_USAGE(.BOTH.,#8845);
#8847=PRESENTATION_STYLE_ASSIGNMENT((#8846));
#8848=STYLED_ITEM('',(#8847),#8841);
#8849=CARTESIAN_POINT('',(-3.6E0,1.19E0,9.E0));
#8850=DIRECTION('',(1.E0,0.E0,0.E0));
#8851=DIRECTION('',(0.E0,1.E0,0.E0));
#8852=AXIS2_PLACEMENT_3D('',#8849,#8850,#8851);
#8853=PLANE('',#8852);
#8855=ORIENTED_EDGE('',*,*,#8854,.T.);
#8856=ORIENTED_EDGE('',*,*,#8833,.F.);
#8857=ORIENTED_EDGE('',*,*,#7195,.F.);
#8859=ORIENTED_EDGE('',*,*,#8858,.T.);
#8860=EDGE_LOOP('',(#8855,#8856,#8857,#8859));
#8861=FACE_OUTER_BOUND('',#8860,.F.);
#8862=ADVANCED_FACE('',(#8861),#8853,.F.);
#8863=FILL_AREA_STYLE_COLOUR('',#4);
#8864=FILL_AREA_STYLE('',(#8863));
#8865=SURFACE_STYLE_FILL_AREA(#8864);
#8866=SURFACE_SIDE_STYLE('',(#8865));
#8867=SURFACE_STYLE_USAGE(.BOTH.,#8866);
#8868=PRESENTATION_STYLE_ASSIGNMENT((#8867));
#8869=STYLED_ITEM('',(#8868),#8862);
#8870=CARTESIAN_POINT('',(-3.1E0,1.560840116790E0,5.366025403784E0));
#8871=DIRECTION('',(0.E0,1.E0,0.E0));
#8872=DIRECTION('',(-5.E-1,0.E0,-8.660254037844E-1));
#8873=AXIS2_PLACEMENT_3D('',#8870,#8871,#8872);
#8874=CYLINDRICAL_SURFACE('',#8873,5.E-1);
#8875=ORIENTED_EDGE('',*,*,#7457,.T.);
#8877=ORIENTED_EDGE('',*,*,#8876,.T.);
#8878=ORIENTED_EDGE('',*,*,#8854,.F.);
#8880=ORIENTED_EDGE('',*,*,#8879,.F.);
#8881=EDGE_LOOP('',(#8875,#8877,#8878,#8880));
#8882=FACE_OUTER_BOUND('',#8881,.F.);
#8883=ADVANCED_FACE('',(#8882),#8874,.T.);
#8884=FILL_AREA_STYLE_COLOUR('',#4);
#8885=FILL_AREA_STYLE('',(#8884));
#8886=SURFACE_STYLE_FILL_AREA(#8885);
#8887=SURFACE_SIDE_STYLE('',(#8886));
#8888=SURFACE_STYLE_USAGE(.BOTH.,#8887);
#8889=PRESENTATION_STYLE_ASSIGNMENT((#8888));
#8890=STYLED_ITEM('',(#8889),#8883);
#8891=CARTESIAN_POINT('',(-3.274359750542E0,1.978656878636E0,4.897452487553E0));
#8892=CARTESIAN_POINT('',(-3.274216596299E0,1.985128752140E0,4.897371937208E0));
#8893=CARTESIAN_POINT('',(-3.273546082591E0,2.045390887838E0,4.897002357538E0));
#8894=CARTESIAN_POINT('',(-3.284302997420E0,2.160693268242E0,4.902844714321E0));
#8895=CARTESIAN_POINT('',(-3.328610609414E0,2.314764922172E0,4.925800882749E0));
#8896=CARTESIAN_POINT('',(-3.399815760712E0,2.454392738878E0,4.959251231295E0));
#8897=CARTESIAN_POINT('',(-3.463025918967E0,2.533845380429E0,4.984044269870E0));
#8898=CARTESIAN_POINT('',(-3.498674394472E0,2.570648487320E0,4.995769210691E0));
#8899=CARTESIAN_POINT('',(-3.501666445276E0,2.573686009028E0,4.996736642606E0));
#8900=CARTESIAN_POINT('',(-3.483442769581E0,1.983156969146E0,4.975151044415E0));
#8901=CARTESIAN_POINT('',(-3.483330918634E0,1.988129465110E0,4.975073605800E0));
#8902=CARTESIAN_POINT('',(-3.482806707801E0,2.034432001361E0,4.974717963106E0));
#8903=CARTESIAN_POINT('',(-3.491220266127E0,2.123021877844E0,4.980344882333E0));
#8904=CARTESIAN_POINT('',(-3.525731564684E0,2.240718041737E0,5.002601805486E0));
#8905=CARTESIAN_POINT('',(-3.580714041711E0,2.346094324684E0,5.035443421425E0));
#8906=CARTESIAN_POINT('',(-3.628796652418E0,2.404811310483E0,5.060261349106E0));
#8907=CARTESIAN_POINT('',(-3.655533880398E0,2.431600734898E0,5.072158188627E0));
#8908=CARTESIAN_POINT('',(-3.657775283397E0,2.433808604105E0,5.073141220688E0));
#8909=CARTESIAN_POINT('',(-3.607548088917E0,1.987252089186E0,5.160498550742E0));
#8910=CARTESIAN_POINT('',(-3.607471629665E0,1.990860566196E0,5.160428535065E0));
#8911=CARTESIAN_POINT('',(-3.607114077718E0,2.024457455467E0,5.160106138593E0));
#8912=CARTESIAN_POINT('',(-3.612843446425E0,2.088745276690E0,5.165219138191E0));
#8913=CARTESIAN_POINT('',(-3.636702450138E0,2.175877714551E0,5.185808033347E0));
#8914=CARTESIAN_POINT('',(-3.675909928130E0,2.257161251017E0,5.217197536465E0));
#8915=CARTESIAN_POINT('',(-3.712025142372E0,2.305660290429E0,5.242074836339E0));
#8916=CARTESIAN_POINT('',(-3.733077913341E0,2.328862624253E0,5.254381734894E0));
#8917=CARTESIAN_POINT('',(-3.734849800500E0,2.330783348518E0,5.255401980621E0));
#8918=CARTESIAN_POINT('',(-3.599774852679E0,1.989394644860E0,5.383450009858E0));
#8919=CARTESIAN_POINT('',(-3.599724498585E0,1.992289940263E0,5.383388923112E0));
#8920=CARTESIAN_POINT('',(-3.599490979188E0,2.019236748046E0,5.383106517973E0));
#8921=CARTESIAN_POINT('',(-3.603209711900E0,2.070816994405E0,5.387601332123E0));
#8922=CARTESIAN_POINT('',(-3.619586066531E0,2.144747860801E0,5.406183783905E0));
#8923=CARTESIAN_POINT('',(-3.649427777889E0,2.221202369556E0,5.435826564455E0));
#8924=CARTESIAN_POINT('',(-3.681258366247E0,2.273862653740E0,5.460775282160E0));
#8925=CARTESIAN_POINT('',(-3.702001693700E0,2.301260092463E0,5.473575433967E0));
#8926=CARTESIAN_POINT('',(-3.703762632526E0,2.303544694787E0,5.474640443400E0));
#8927=(BOUNDED_SURFACE()B_SPLINE_SURFACE(3,3,((#8891,#8892,#8893,#8894,#8895,
#8896,#8897,#8898,#8899),(#8900,#8901,#8902,#8903,#8904,#8905,#8906,#8907,
#8908),(#8909,#8910,#8911,#8912,#8913,#8914,#8915,#8916,#8917),(#8918,#8919,
#8920,#8921,#8922,#8923,#8924,#8925,#8926)),.UNSPECIFIED.,.F.,.F.,.F.)B_SPLINE_SURFACE_WITH_KNOTS((4,4),(4,1,1,1,1,1,4),(0.E0,1.E0),(-2.774149997E-2,0.E0,
2.303831191946E-1,4.657510464792E-1,7.195116046229E-1,1.E0,1.025640621456E0),
.UNSPECIFIED.)GEOMETRIC_REPRESENTATION_ITEM()RATIONAL_B_SPLINE_SURFACE(((
1.104335317442E0,1.104335317442E0,1.104335317442E0,1.104335317442E0,
1.104335317442E0,1.104335317442E0,1.104335317442E0,1.104335317442E0,
1.104335317442E0),(9.652215608528E-1,9.652215608528E-1,9.652215608528E-1,
9.652215608528E-1,9.652215608528E-1,9.652215608528E-1,9.652215608528E-1,
9.652215608528E-1,9.652215608528E-1),(9.652215608528E-1,9.652215608528E-1,
9.652215608528E-1,9.652215608528E-1,9.652215608528E-1,9.652215608528E-1,
9.652215608528E-1,9.652215608528E-1,9.652215608528E-1),(1.104335317442E0,
1.104335317442E0,1.104335317442E0,1.104335317442E0,1.104335317442E0,
1.104335317442E0,1.104335317442E0,1.104335317442E0,1.104335317442E0)))REPRESENTATION_ITEM('')SURFACE());
#8928=ORIENTED_EDGE('',*,*,#7455,.T.);
#8930=ORIENTED_EDGE('',*,*,#8929,.T.);
#8931=ORIENTED_EDGE('',*,*,#8835,.F.);
#8932=ORIENTED_EDGE('',*,*,#8876,.F.);
#8933=EDGE_LOOP('',(#8928,#8930,#8931,#8932));
#8934=FACE_OUTER_BOUND('',#8933,.F.);
#8935=ADVANCED_FACE('',(#8934),#8927,.T.);
#8936=FILL_AREA_STYLE_COLOUR('',#4);
#8937=FILL_AREA_STYLE('',(#8936));
#8938=SURFACE_STYLE_FILL_AREA(#8937);
#8939=SURFACE_SIDE_STYLE('',(#8938));
#8940=SURFACE_STYLE_USAGE(.BOTH.,#8939);
#8941=PRESENTATION_STYLE_ASSIGNMENT((#8940));
#8942=STYLED_ITEM('',(#8941),#8935);
#8943=CARTESIAN_POINT('',(-3.330379088491E0,2.669671268561E0,4.959744114096E0));
#8944=CARTESIAN_POINT('',(-3.334661014892E0,2.674654851946E0,4.960945999097E0));
#8945=CARTESIAN_POINT('',(-3.366940595481E0,2.711386135820E0,4.969941548089E0));
#8946=CARTESIAN_POINT('',(-3.425103536116E0,2.766672007667E0,4.985111142691E0));
#8947=CARTESIAN_POINT('',(-3.497986442435E0,2.820880659021E0,4.997706320500E0));
#8948=CARTESIAN_POINT('',(-3.543672489214E0,2.850142236142E0,5.000482650784E0));
#8949=CARTESIAN_POINT('',(-3.565997859093E0,2.864061357993E0,5.000275683092E0));
#8950=CARTESIAN_POINT('',(-3.568902669204E0,2.865864100064E0,5.000222821173E0));
#8951=CARTESIAN_POINT('',(-3.581616586783E0,2.489614074381E0,4.949178846166E0));
#8952=CARTESIAN_POINT('',(-3.584848646930E0,2.493133183998E0,4.950383212167E0));
#8953=CARTESIAN_POINT('',(-3.609056058487E0,2.518806194574E0,4.959393023864E0));
#8954=CARTESIAN_POINT('',(-3.650379634307E0,2.553863963527E0,4.974533279584E0));
#8955=CARTESIAN_POINT('',(-3.694814799910E0,2.581493463347E0,4.987008907069E0));
#8956=CARTESIAN_POINT('',(-3.717150823185E0,2.593934511718E0,4.989733970158E0));
#8957=CARTESIAN_POINT('',(-3.726679952922E0,2.600012670882E0,4.989531140809E0));
#8958=CARTESIAN_POINT('',(-3.727897408050E0,2.600804091336E0,4.989479445047E0));
#8959=CARTESIAN_POINT('',(-3.735138082299E0,2.328831908780E0,5.164201714729E0));
#8960=CARTESIAN_POINT('',(-3.737277849221E0,2.331245765620E0,5.165355587759E0));
#8961=CARTESIAN_POINT('',(-3.753358864662E0,2.348953551132E0,5.174075126868E0));
#8962=CARTESIAN_POINT('',(-3.781610399943E0,2.374475460107E0,5.189812483441E0));
#8963=CARTESIAN_POINT('',(-3.814693669365E0,2.397371667072E0,5.204721182557E0));
#8964=CARTESIAN_POINT('',(-3.833690523109E0,2.408950514826E0,5.208489628491E0));
#8965=CARTESIAN_POINT('',(-3.842536418676E0,2.414508885493E0,5.208202576171E0));
#8966=CARTESIAN_POINT('',(-3.843680310944E0,2.415230107417E0,5.208127146934E0));
#8967=CARTESIAN_POINT('',(-3.693347784981E0,2.289536272672E0,5.468119635424E0));
#8968=CARTESIAN_POINT('',(-3.695047217988E0,2.291906722574E0,5.469202140608E0));
#8969=CARTESIAN_POINT('',(-3.708113675389E0,2.309805937696E0,5.477511402234E0));
#8970=CARTESIAN_POINT('',(-3.735370575807E0,2.342546310918E0,5.494092713922E0));
#8971=CARTESIAN_POINT('',(-3.781414354837E0,2.385564105043E0,5.512440368514E0));
#8972=CARTESIAN_POINT('',(-3.819205650408E0,2.412787193463E0,5.517683554074E0));
#8973=CARTESIAN_POINT('',(-3.839915659419E0,2.425477386734E0,5.517277459205E0));
#8974=CARTESIAN_POINT('',(-3.842646545906E0,2.427114159417E0,5.517168484567E0));
#8975=(BOUNDED_SURFACE()B_SPLINE_SURFACE(3,3,((#8943,#8944,#8945,#8946,#8947,
#8948,#8949,#8950),(#8951,#8952,#8953,#8954,#8955,#8956,#8957,#8958),(#8959,
#8960,#8961,#8962,#8963,#8964,#8965,#8966),(#8967,#8968,#8969,#8970,#8971,#8972,
#8973,#8974)),.UNSPECIFIED.,.F.,.F.,.F.)B_SPLINE_SURFACE_WITH_KNOTS((4,4),(4,1,
1,1,1,4),(0.E0,1.E0),(-5.489494518813E-2,0.E0,3.587691803993E-1,
6.926814779019E-1,1.E0,1.046275943672E0),.UNSPECIFIED.)GEOMETRIC_REPRESENTATION_ITEM()RATIONAL_B_SPLINE_SURFACE(((1.188959619308E0,1.188959619308E0,
1.188959619308E0,1.188959619308E0,1.188959619308E0,1.188959619307E0,
1.188959619308E0,1.188959619308E0),(9.370134602308E-1,9.370134602308E-1,
9.370134602308E-1,9.370134602308E-1,9.370134602308E-1,9.370134602308E-1,
9.370134602308E-1,9.370134602308E-1),(9.370134602308E-1,9.370134602308E-1,
9.370134602308E-1,9.370134602308E-1,9.370134602308E-1,9.370134602308E-1,
9.370134602308E-1,9.370134602308E-1),(1.188959619308E0,1.188959619308E0,
1.188959619308E0,1.188959619308E0,1.188959619308E0,1.188959619307E0,
1.188959619308E0,1.188959619308E0)))REPRESENTATION_ITEM('')SURFACE());
#8976=ORIENTED_EDGE('',*,*,#7453,.T.);
#8977=ORIENTED_EDGE('',*,*,#8813,.T.);
#8978=ORIENTED_EDGE('',*,*,#8837,.F.);
#8979=ORIENTED_EDGE('',*,*,#8929,.F.);
#8980=EDGE_LOOP('',(#8976,#8977,#8978,#8979));
#8981=FACE_OUTER_BOUND('',#8980,.F.);
#8982=ADVANCED_FACE('',(#8981),#8975,.T.);
#8983=FILL_AREA_STYLE_COLOUR('',#4);
#8984=FILL_AREA_STYLE('',(#8983));
#8985=SURFACE_STYLE_FILL_AREA(#8984);
#8986=SURFACE_SIDE_STYLE('',(#8985));
#8987=SURFACE_STYLE_USAGE(.BOTH.,#8986);
#8988=PRESENTATION_STYLE_ASSIGNMENT((#8987));
#8989=STYLED_ITEM('',(#8988),#8982);
#8990=CARTESIAN_POINT('',(-3.601420202221E0,7.150960923329E-1,
5.000225465019E0));
#8991=CARTESIAN_POINT('',(-3.598075423716E0,7.169933037351E-1,
5.000276401817E0));
#8992=CARTESIAN_POINT('',(-3.558133435784E0,7.398446149257E-1,
5.000579172831E0));
#8993=CARTESIAN_POINT('',(-3.470874561419E0,7.948294915270E-1,
4.993575101066E0));
#8994=CARTESIAN_POINT('',(-3.334015133722E0,9.148385072142E-1,
4.963535907580E0));
#8995=CARTESIAN_POINT('',(-3.200127942329E0,1.096616793967E0,4.918086332427E0));
#8996=CARTESIAN_POINT('',(-3.104902642679E0,1.335328371297E0,4.876948041967E0));
#8997=CARTESIAN_POINT('',(-3.081694586804E0,1.525040689684E0,4.865847007713E0));
#8998=CARTESIAN_POINT('',(-3.082744215593E0,1.617820060302E0,4.866372656083E0));
#8999=CARTESIAN_POINT('',(-3.082922064993E0,1.625765438356E0,4.866463585949E0));
#9000=CARTESIAN_POINT('',(-3.750915084345E0,9.856224745356E-1,
4.989498227052E0));
#9001=CARTESIAN_POINT('',(-3.749265347885E0,9.865835078916E-1,
4.989548428005E0));
#9002=CARTESIAN_POINT('',(-3.729302271024E0,9.981497899318E-1,
4.989847067144E0));
#9003=CARTESIAN_POINT('',(-3.679198785309E0,1.026129225107E0,4.982928819453E0));
#9004=CARTESIAN_POINT('',(-3.586339121117E0,1.097541782108E0,4.953021518324E0));
#9005=CARTESIAN_POINT('',(-3.485902526870E0,1.220857032965E0,4.907559132618E0));
#9006=CARTESIAN_POINT('',(-3.409954876032E0,1.397210190436E0,4.866274703069E0));
#9007=CARTESIAN_POINT('',(-3.390956161940E0,1.542873107120E0,4.855115924831E0));
#9008=CARTESIAN_POINT('',(-3.391812814492E0,1.614131116659E0,4.855644603225E0));
#9009=CARTESIAN_POINT('',(-3.391957476588E0,1.620232708515E0,4.855736057312E0));
#9010=CARTESIAN_POINT('',(-3.859445811024E0,1.175502456051E0,5.208163781919E0));
#9011=CARTESIAN_POINT('',(-3.858050347891E0,1.176301957899E0,5.208228982457E0));
#9012=CARTESIAN_POINT('',(-3.841303463363E0,1.185928846721E0,5.208611846304E0));
#9013=CARTESIAN_POINT('',(-3.802669978083E0,1.209139967994E0,5.199944148404E0));
#9014=CARTESIAN_POINT('',(-3.737573024816E0,1.263063320320E0,5.167348334580E0));
#9015=CARTESIAN_POINT('',(-3.670863696385E0,1.349518901032E0,5.122147081033E0));
#9016=CARTESIAN_POINT('',(-3.621993939929E0,1.467599565127E0,5.083841571595E0));
#9017=CARTESIAN_POINT('',(-3.609929301947E0,1.563180039812E0,5.073859855016E0));
#9018=CARTESIAN_POINT('',(-3.610474127977E0,1.609930618533E0,5.074326768951E0));
#9019=CARTESIAN_POINT('',(-3.610566289096E0,1.613933975617E0,5.074407537248E0));
#9020=CARTESIAN_POINT('',(-3.858019710757E0,1.164029877523E0,5.517217063889E0));
#9021=CARTESIAN_POINT('',(-3.855276111408E0,1.165545179517E0,5.517303464251E0));
#9022=CARTESIAN_POINT('',(-3.822938176239E0,1.183811177757E0,5.517805367981E0));
#9023=CARTESIAN_POINT('',(-3.762797856816E0,1.227522316117E0,5.506665066067E0));
#9024=CARTESIAN_POINT('',(-3.691577886231E0,1.306181555003E0,5.470269414301E0));
#9025=CARTESIAN_POINT('',(-3.637432166194E0,1.400812417856E0,5.425437234661E0));
#9026=CARTESIAN_POINT('',(-3.606227209934E0,1.501750171873E0,5.391342013569E0));
#9027=CARTESIAN_POINT('',(-3.599413410104E0,1.573052428922E0,5.383023909573E0));
#9028=CARTESIAN_POINT('',(-3.599725786553E0,1.607888810529E0,5.383403528056E0));
#9029=CARTESIAN_POINT('',(-3.599779507741E0,1.610873326088E0,5.383469193477E0));
#9030=(BOUNDED_SURFACE()B_SPLINE_SURFACE(3,3,((#8990,#8991,#8992,#8993,#8994,
#8995,#8996,#8997,#8998,#8999),(#9000,#9001,#9002,#9003,#9004,#9005,#9006,#9007,
#9008,#9009),(#9010,#9011,#9012,#9013,#9014,#9015,#9016,#9017,#9018,#9019),(
#9020,#9021,#9022,#9023,#9024,#9025,#9026,#9027,#9028,#9029)),.UNSPECIFIED.,.F.,
.F.,.F.)B_SPLINE_SURFACE_WITH_KNOTS((4,4),(4,1,1,1,1,1,1,4),(0.E0,1.E0),(
-1.574281411078E-2,0.E0,1.711798137414E-1,3.659545006209E-1,5.840738262697E-1,
8.057138198802E-1,1.E0,1.018210428342E0),.UNSPECIFIED.)GEOMETRIC_REPRESENTATION_ITEM()RATIONAL_B_SPLINE_SURFACE(((1.188953597506E0,1.188953597506E0,
1.188953597506E0,1.188953597506E0,1.188953597506E0,1.188953597506E0,
1.188953597506E0,1.188953597506E0,1.188953597506E0,1.188953597506E0),(
9.370154674978E-1,9.370154674978E-1,9.370154674978E-1,9.370154674978E-1,
9.370154674978E-1,9.370154674978E-1,9.370154674978E-1,9.370154674978E-1,
9.370154674978E-1,9.370154674978E-1),(9.370154674978E-1,9.370154674978E-1,
9.370154674978E-1,9.370154674978E-1,9.370154674978E-1,9.370154674978E-1,
9.370154674978E-1,9.370154674978E-1,9.370154674978E-1,9.370154674978E-1),(
1.188953597506E0,1.188953597506E0,1.188953597506E0,1.188953597506E0,
1.188953597506E0,1.188953597506E0,1.188953597506E0,1.188953597506E0,
1.188953597506E0,1.188953597506E0)))REPRESENTATION_ITEM('')SURFACE());
#9031=ORIENTED_EDGE('',*,*,#7459,.T.);
#9032=ORIENTED_EDGE('',*,*,#8879,.T.);
#9034=ORIENTED_EDGE('',*,*,#9033,.F.);
#9036=ORIENTED_EDGE('',*,*,#9035,.F.);
#9037=EDGE_LOOP('',(#9031,#9032,#9034,#9036));
#9038=FACE_OUTER_BOUND('',#9037,.F.);
#9039=ADVANCED_FACE('',(#9038),#9030,.T.);
#9040=FILL_AREA_STYLE_COLOUR('',#4);
#9041=FILL_AREA_STYLE('',(#9040));
#9042=SURFACE_STYLE_FILL_AREA(#9041);
#9043=SURFACE_SIDE_STYLE('',(#9042));
#9044=SURFACE_STYLE_USAGE(.BOTH.,#9043);
#9045=PRESENTATION_STYLE_ASSIGNMENT((#9044));
#9046=STYLED_ITEM('',(#9045),#9039);
#9047=CARTESIAN_POINT('',(-4.1E0,1.601917559572E0,3.129156E1));
#9048=DIRECTION('',(0.E0,0.E0,-1.E0));
#9049=DIRECTION('',(1.E0,0.E0,0.E0));
#9050=AXIS2_PLACEMENT_3D('',#9047,#9048,#9049);
#9051=CYLINDRICAL_SURFACE('',#9050,5.E-1);
#9052=ORIENTED_EDGE('',*,*,#9033,.T.);
#9053=ORIENTED_EDGE('',*,*,#8858,.F.);
#9054=ORIENTED_EDGE('',*,*,#7193,.T.);
#9056=ORIENTED_EDGE('',*,*,#9055,.T.);
#9058=ORIENTED_EDGE('',*,*,#9057,.T.);
#9059=EDGE_LOOP('',(#9052,#9053,#9054,#9056,#9058));
#9060=FACE_OUTER_BOUND('',#9059,.F.);
#9061=ADVANCED_FACE('',(#9060),#9051,.F.);
#9062=FILL_AREA_STYLE_COLOUR('',#4);
#9063=FILL_AREA_STYLE('',(#9062));
#9064=SURFACE_STYLE_FILL_AREA(#9063);
#9065=SURFACE_SIDE_STYLE('',(#9064));
#9066=SURFACE_STYLE_USAGE(.BOTH.,#9065);
#9067=PRESENTATION_STYLE_ASSIGNMENT((#9066));
#9068=STYLED_ITEM('',(#9067),#9061);
#9069=CARTESIAN_POINT('',(-5.6E0,8.E-1,9.E0));
#9070=DIRECTION('',(1.913950514034E-1,-9.815130841198E-1,0.E0));
#9071=DIRECTION('',(9.815130841198E-1,1.913950514034E-1,0.E0));
#9072=AXIS2_PLACEMENT_3D('',#9069,#9070,#9071);
#9073=PLANE('',#9072);
#9074=ORIENTED_EDGE('',*,*,#7425,.T.);
#9075=ORIENTED_EDGE('',*,*,#9055,.F.);
#9076=ORIENTED_EDGE('',*,*,#7191,.F.);
#9078=ORIENTED_EDGE('',*,*,#9077,.F.);
#9079=EDGE_LOOP('',(#9074,#9075,#9076,#9078));
#9080=FACE_OUTER_BOUND('',#9079,.F.);
#9081=ADVANCED_FACE('',(#9080),#9073,.F.);
#9082=FILL_AREA_STYLE_COLOUR('',#4);
#9083=FILL_AREA_STYLE('',(#9082));
#9084=SURFACE_STYLE_FILL_AREA(#9083);
#9085=SURFACE_SIDE_STYLE('',(#9084));
#9086=SURFACE_STYLE_USAGE(.BOTH.,#9085);
#9087=PRESENTATION_STYLE_ASSIGNMENT((#9086));
#9088=STYLED_ITEM('',(#9087),#9081);
#9089=CARTESIAN_POINT('',(-5.6E0,5.55E0,5.E0));
#9090=DIRECTION('',(-1.E0,0.E0,0.E0));
#9091=DIRECTION('',(0.E0,-1.E0,0.E0));
#9092=AXIS2_PLACEMENT_3D('',#9089,#9090,#9091);
#9093=PLANE('',#9092);
#9095=ORIENTED_EDGE('',*,*,#9094,.F.);
#9096=ORIENTED_EDGE('',*,*,#7402,.F.);
#9097=ORIENTED_EDGE('',*,*,#7427,.F.);
#9098=ORIENTED_EDGE('',*,*,#9077,.T.);
#9099=ORIENTED_EDGE('',*,*,#7189,.T.);
#9101=ORIENTED_EDGE('',*,*,#9100,.F.);
#9102=EDGE_LOOP('',(#9095,#9096,#9097,#9098,#9099,#9101));
#9103=FACE_OUTER_BOUND('',#9102,.F.);
#9104=ADVANCED_FACE('',(#9103),#9093,.T.);
#9105=FILL_AREA_STYLE_COLOUR('',#4);
#9106=FILL_AREA_STYLE('',(#9105));
#9107=SURFACE_STYLE_FILL_AREA(#9106);
#9108=SURFACE_SIDE_STYLE('',(#9107));
#9109=SURFACE_STYLE_USAGE(.POSITIVE.,#9108);
#9110=PRESENTATION_STYLE_ASSIGNMENT((#9109));
#9111=STYLED_ITEM('',(#9110),#9104);
#9112=CARTESIAN_POINT('',(-3.868286901044E0,-6.282664947247E-1,5.5E0));
#9113=DIRECTION('',(-9.815130841198E-1,1.913950514034E-1,0.E0));
#9114=DIRECTION('',(0.E0,0.E0,-1.E0));
#9115=AXIS2_PLACEMENT_3D('',#9112,#9113,#9114);
#9116=CYLINDRICAL_SURFACE('',#9115,5.E-1);
#9117=ORIENTED_EDGE('',*,*,#7346,.T.);
#9118=ORIENTED_EDGE('',*,*,#7404,.T.);
#9119=ORIENTED_EDGE('',*,*,#9094,.T.);
#9121=ORIENTED_EDGE('',*,*,#9120,.F.);
#9123=ORIENTED_EDGE('',*,*,#9122,.F.);
#9124=EDGE_LOOP('',(#9117,#9118,#9119,#9121,#9123));
#9125=FACE_OUTER_BOUND('',#9124,.F.);
#9126=ADVANCED_FACE('',(#9125),#9116,.T.);
#9127=FILL_AREA_STYLE_COLOUR('',#4);
#9128=FILL_AREA_STYLE('',(#9127));
#9129=SURFACE_STYLE_FILL_AREA(#9128);
#9130=SURFACE_SIDE_STYLE('',(#9129));
#9131=SURFACE_STYLE_USAGE(.BOTH.,#9130);
#9132=PRESENTATION_STYLE_ASSIGNMENT((#9131));
#9133=STYLED_ITEM('',(#9132),#9126);
#9134=CARTESIAN_POINT('',(-3.6E0,-1.19E0,9.E0));
#9135=DIRECTION('',(1.913950514034E-1,9.815130841198E-1,0.E0));
#9136=DIRECTION('',(-9.815130841198E-1,1.913950514034E-1,0.E0));
#9137=AXIS2_PLACEMENT_3D('',#9134,#9135,#9136);
#9138=PLANE('',#9137);
#9139=ORIENTED_EDGE('',*,*,#9120,.T.);
#9140=ORIENTED_EDGE('',*,*,#9100,.T.);
#9141=ORIENTED_EDGE('',*,*,#7187,.F.);
#9143=ORIENTED_EDGE('',*,*,#9142,.T.);
#9144=EDGE_LOOP('',(#9139,#9140,#9141,#9143));
#9145=FACE_OUTER_BOUND('',#9144,.F.);
#9146=ADVANCED_FACE('',(#9145),#9138,.F.);
#9147=FILL_AREA_STYLE_COLOUR('',#4);
#9148=FILL_AREA_STYLE('',(#9147));
#9149=SURFACE_STYLE_FILL_AREA(#9148);
#9150=SURFACE_SIDE_STYLE('',(#9149));
#9151=SURFACE_STYLE_USAGE(.BOTH.,#9150);
#9152=PRESENTATION_STYLE_ASSIGNMENT((#9151));
#9153=STYLED_ITEM('',(#9152),#9146);
#9154=CARTESIAN_POINT('',(-4.1E0,-1.601917559572E0,3.129156E1));
#9155=DIRECTION('',(0.E0,0.E0,-1.E0));
#9156=DIRECTION('',(1.913950514034E-1,9.815130841198E-1,0.E0));
#9157=AXIS2_PLACEMENT_3D('',#9154,#9155,#9156);
#9158=CYLINDRICAL_SURFACE('',#9157,5.E-1);
#9160=ORIENTED_EDGE('',*,*,#9159,.T.);
#9161=ORIENTED_EDGE('',*,*,#9142,.F.);
#9162=ORIENTED_EDGE('',*,*,#7185,.T.);
#9164=ORIENTED_EDGE('',*,*,#9163,.T.);
#9166=ORIENTED_EDGE('',*,*,#9165,.T.);
#9167=EDGE_LOOP('',(#9160,#9161,#9162,#9164,#9166));
#9168=FACE_OUTER_BOUND('',#9167,.F.);
#9169=ADVANCED_FACE('',(#9168),#9158,.F.);
#9170=FILL_AREA_STYLE_COLOUR('',#4);
#9171=FILL_AREA_STYLE('',(#9170));
#9172=SURFACE_STYLE_FILL_AREA(#9171);
#9173=SURFACE_SIDE_STYLE('',(#9172));
#9174=SURFACE_STYLE_USAGE(.BOTH.,#9173);
#9175=PRESENTATION_STYLE_ASSIGNMENT((#9174));
#9176=STYLED_ITEM('',(#9175),#9169);
#9177=CARTESIAN_POINT('',(-4.1E0,-1.601917559572E0,5.5E0));
#9178=DIRECTION('',(0.E0,0.E0,-1.E0));
#9179=DIRECTION('',(9.931976291333E-1,-1.164408411342E-1,0.E0));
#9180=AXIS2_PLACEMENT_3D('',#9177,#9178,#9179);
#9181=TOROIDAL_SURFACE('',#9180,1.E0,5.E-1);
#9182=ORIENTED_EDGE('',*,*,#7348,.F.);
#9183=ORIENTED_EDGE('',*,*,#9122,.T.);
#9184=ORIENTED_EDGE('',*,*,#9159,.F.);
#9186=ORIENTED_EDGE('',*,*,#9185,.F.);
#9187=EDGE_LOOP('',(#9182,#9183,#9184,#9186));
#9188=FACE_OUTER_BOUND('',#9187,.F.);
#9189=ADVANCED_FACE('',(#9188),#9181,.T.);
#9190=FILL_AREA_STYLE_COLOUR('',#4);
#9191=FILL_AREA_STYLE('',(#9190));
#9192=SURFACE_STYLE_FILL_AREA(#9191);
#9193=SURFACE_SIDE_STYLE('',(#9192));
#9194=SURFACE_STYLE_USAGE(.BOTH.,#9193);
#9195=PRESENTATION_STYLE_ASSIGNMENT((#9194));
#9196=STYLED_ITEM('',(#9195),#9189);
#9197=CARTESIAN_POINT('',(-3.082919647652E0,-1.625775620025E0,
4.866465665246E0));
#9198=CARTESIAN_POINT('',(-3.082741459265E0,-1.617826682908E0,
4.866373581554E0));
#9199=CARTESIAN_POINT('',(-3.081620292451E0,-1.519041092593E0,
4.865806724501E0));
#9200=CARTESIAN_POINT('',(-3.106948070878E0,-1.326573002724E0,
4.877959054180E0));
#9201=CARTESIAN_POINT('',(-3.203187318261E0,-1.093353456675E0,
4.919126041922E0));
#9202=CARTESIAN_POINT('',(-3.331848789828E0,-9.179194696214E-1,
4.962677140127E0));
#9203=CARTESIAN_POINT('',(-3.466948525711E0,-7.974427582854E-1,
4.993059938593E0));
#9204=CARTESIAN_POINT('',(-3.556239792964E0,-7.409234658841E-1,
5.000593958367E0));
#9205=CARTESIAN_POINT('',(-3.598096606251E0,-7.169777631945E-1,
5.000276557214E0));
#9206=CARTESIAN_POINT('',(-3.601452455559E0,-7.150744267872E-1,
5.000225312264E0));
#9207=CARTESIAN_POINT('',(-3.391951801667E0,-1.620241276035E0,
4.855736439593E0));
#9208=CARTESIAN_POINT('',(-3.391806877607E0,-1.614136597538E0,
4.855643820225E0));
#9209=CARTESIAN_POINT('',(-3.390891551157E0,-1.538262384127E0,
4.855073671564E0));
#9210=CARTESIAN_POINT('',(-3.411642004620E0,-1.390516610665E0,
4.867289561390E0));
#9211=CARTESIAN_POINT('',(-3.488200196030E0,-1.218748972107E0,
4.908596994044E0));
#9212=CARTESIAN_POINT('',(-3.584627651920E0,-1.099659580455E0,
4.952160235793E0));
#9213=CARTESIAN_POINT('',(-3.676767977719E0,-1.027479669618E0,
4.982417450490E0));
#9214=CARTESIAN_POINT('',(-3.728355904519E0,-9.986908971630E-1,
4.989859936547E0));
#9215=CARTESIAN_POINT('',(-3.749273464713E0,-9.865717574640E-1,
4.989546870100E0));
#9216=CARTESIAN_POINT('',(-3.750928342721E0,-9.856077122121E-1,
4.989496363614E0));
#9217=CARTESIAN_POINT('',(-3.610560994769E0,-1.613939457577E0,
5.074402672399E0));
#9218=CARTESIAN_POINT('',(-3.610468661238E0,-1.609934157186E0,
5.074320970331E0));
#9219=CARTESIAN_POINT('',(-3.609886604396E0,-1.560155615924E0,
5.073817906066E0));
#9220=CARTESIAN_POINT('',(-3.623058531384E0,-1.463196228006E0,
5.084738412771E0));
#9221=CARTESIAN_POINT('',(-3.672386688747E0,-1.347997918713E0,
5.123183517715E0));
#9222=CARTESIAN_POINT('',(-3.736464777582E0,-1.264534736177E0,
5.166499268802E0));
#9223=CARTESIAN_POINT('',(-3.800874773468E0,-1.210246964425E0,
5.199315934725E0));
#9224=CARTESIAN_POINT('',(-3.840508180608E0,-1.186379246165E0,
5.208623917303E0));
#9225=CARTESIAN_POINT('',(-3.858056995656E0,-1.176291706958E0,
5.208222507683E0));
#9226=CARTESIAN_POINT('',(-3.859456967289E0,-1.175489657397E0,
5.208156950973E0));
#9227=CARTESIAN_POINT('',(-3.599780036808E0,-1.610876153564E0,
5.383460914072E0));
#9228=CARTESIAN_POINT('',(-3.599726188853E0,-1.607890801780E0,
5.383394642284E0));
#9229=CARTESIAN_POINT('',(-3.599392975448E0,-1.570803528316E0,
5.382986393692E0));
#9230=CARTESIAN_POINT('',(-3.606802751033E0,-1.498410310979E0,
5.392076033212E0));
#9231=CARTESIAN_POINT('',(-3.638661695859E0,-1.398938322037E0,
5.426475584538E0));
#9232=CARTESIAN_POINT('',(-3.690839163217E0,-1.307735816955E0,
5.469441537543E0));
#9233=CARTESIAN_POINT('',(-3.760375740907E0,-1.229561708904E0,
5.505875677850E0));
#9234=CARTESIAN_POINT('',(-3.821402791104E0,-1.184677325128E0,
5.517820313867E0));
#9235=CARTESIAN_POINT('',(-3.855294839040E0,-1.165534960330E0,
5.517294041869E0));
#9236=CARTESIAN_POINT('',(-3.858048010086E0,-1.164014632316E0,
5.517207213490E0));
#9237=(BOUNDED_SURFACE()B_SPLINE_SURFACE(3,3,((#9197,#9198,#9199,#9200,#9201,
#9202,#9203,#9204,#9205,#9206),(#9207,#9208,#9209,#9210,#9211,#9212,#9213,#9214,
#9215,#9216),(#9217,#9218,#9219,#9220,#9221,#9222,#9223,#9224,#9225,#9226),(
#9227,#9228,#9229,#9230,#9231,#9232,#9233,#9234,#9235,#9236)),.UNSPECIFIED.,.F.,
.F.,.F.)B_SPLINE_SURFACE_WITH_KNOTS((4,4),(4,1,1,1,1,1,1,4),(0.E0,1.E0),(
-1.821721479510E-2,0.E0,2.080222516366E-1,4.223467408921E-1,6.265962586078E-1,
8.199138926998E-1,1.E0,1.015795018761E0),.UNSPECIFIED.)GEOMETRIC_REPRESENTATION_ITEM()RATIONAL_B_SPLINE_SURFACE(((1.188950289044E0,1.188950289044E0,
1.188950289044E0,1.188950289044E0,1.188950289044E0,1.188950289044E0,
1.188950289044E0,1.188950289044E0,1.188950289044E0,1.188950289044E0),(
9.370165703188E-1,9.370165703188E-1,9.370165703188E-1,9.370165703188E-1,
9.370165703188E-1,9.370165703188E-1,9.370165703188E-1,9.370165703188E-1,
9.370165703188E-1,9.370165703188E-1),(9.370165703188E-1,9.370165703188E-1,
9.370165703188E-1,9.370165703188E-1,9.370165703188E-1,9.370165703188E-1,
9.370165703188E-1,9.370165703188E-1,9.370165703188E-1,9.370165703188E-1),(
1.188950289044E0,1.188950289044E0,1.188950289044E0,1.188950289044E0,
1.188950289044E0,1.188950289044E0,1.188950289044E0,1.188950289044E0,
1.188950289044E0,1.188950289044E0)))REPRESENTATION_ITEM('')SURFACE());
#9238=ORIENTED_EDGE('',*,*,#7350,.T.);
#9239=ORIENTED_EDGE('',*,*,#9185,.T.);
#9240=ORIENTED_EDGE('',*,*,#9165,.F.);
#9242=ORIENTED_EDGE('',*,*,#9241,.F.);
#9243=EDGE_LOOP('',(#9238,#9239,#9240,#9242));
#9244=FACE_OUTER_BOUND('',#9243,.F.);
#9245=ADVANCED_FACE('',(#9244),#9237,.T.);
#9246=FILL_AREA_STYLE_COLOUR('',#4);
#9247=FILL_AREA_STYLE('',(#9246));
#9248=SURFACE_STYLE_FILL_AREA(#9247);
#9249=SURFACE_SIDE_STYLE('',(#9248));
#9250=SURFACE_STYLE_USAGE(.BOTH.,#9249);
#9251=PRESENTATION_STYLE_ASSIGNMENT((#9250));
#9252=STYLED_ITEM('',(#9251),#9245);
#9253=CARTESIAN_POINT('',(-3.1E0,-2.039159883210E0,5.366025403784E0));
#9254=DIRECTION('',(0.E0,1.E0,0.E0));
#9255=DIRECTION('',(-5.E-1,0.E0,-8.660254037844E-1));
#9256=AXIS2_PLACEMENT_3D('',#9253,#9254,#9255);
#9257=CYLINDRICAL_SURFACE('',#9256,5.E-1);
#9258=ORIENTED_EDGE('',*,*,#7352,.T.);
#9259=ORIENTED_EDGE('',*,*,#9241,.T.);
#9261=ORIENTED_EDGE('',*,*,#9260,.F.);
#9263=ORIENTED_EDGE('',*,*,#9262,.F.);
#9264=EDGE_LOOP('',(#9258,#9259,#9261,#9263));
#9265=FACE_OUTER_BOUND('',#9264,.F.);
#9266=ADVANCED_FACE('',(#9265),#9257,.T.);
#9267=FILL_AREA_STYLE_COLOUR('',#4);
#9268=FILL_AREA_STYLE('',(#9267));
#9269=SURFACE_STYLE_FILL_AREA(#9268);
#9270=SURFACE_SIDE_STYLE('',(#9269));
#9271=SURFACE_STYLE_USAGE(.BOTH.,#9270);
#9272=PRESENTATION_STYLE_ASSIGNMENT((#9271));
#9273=STYLED_ITEM('',(#9272),#9266);
#9274=CARTESIAN_POINT('',(-3.6E0,-2.41E0,9.E0));
#9275=DIRECTION('',(1.E0,0.E0,0.E0));
#9276=DIRECTION('',(0.E0,1.E0,0.E0));
#9277=AXIS2_PLACEMENT_3D('',#9274,#9275,#9276);
#9278=PLANE('',#9277);
#9279=ORIENTED_EDGE('',*,*,#9260,.T.);
#9280=ORIENTED_EDGE('',*,*,#9163,.F.);
#9281=ORIENTED_EDGE('',*,*,#7183,.F.);
#9283=ORIENTED_EDGE('',*,*,#9282,.T.);
#9284=EDGE_LOOP('',(#9279,#9280,#9281,#9283));
#9285=FACE_OUTER_BOUND('',#9284,.F.);
#9286=ADVANCED_FACE('',(#9285),#9278,.F.);
#9287=FILL_AREA_STYLE_COLOUR('',#4);
#9288=FILL_AREA_STYLE('',(#9287));
#9289=SURFACE_STYLE_FILL_AREA(#9288);
#9290=SURFACE_SIDE_STYLE('',(#9289));
#9291=SURFACE_STYLE_USAGE(.BOTH.,#9290);
#9292=PRESENTATION_STYLE_ASSIGNMENT((#9291));
#9293=STYLED_ITEM('',(#9292),#9286);
#9294=CARTESIAN_POINT('',(-4.1E0,-1.998082440428E0,3.129156E1));
#9295=DIRECTION('',(0.E0,0.E0,-1.E0));
#9296=DIRECTION('',(1.E0,0.E0,0.E0));
#9297=AXIS2_PLACEMENT_3D('',#9294,#9295,#9296);
#9298=CYLINDRICAL_SURFACE('',#9297,5.E-1);
#9300=ORIENTED_EDGE('',*,*,#9299,.T.);
#9301=ORIENTED_EDGE('',*,*,#9282,.F.);
#9302=ORIENTED_EDGE('',*,*,#7181,.T.);
#9304=ORIENTED_EDGE('',*,*,#9303,.T.);
#9306=ORIENTED_EDGE('',*,*,#9305,.T.);
#9308=ORIENTED_EDGE('',*,*,#9307,.T.);
#9309=EDGE_LOOP('',(#9300,#9301,#9302,#9304,#9306,#9308));
#9310=FACE_OUTER_BOUND('',#9309,.F.);
#9311=ADVANCED_FACE('',(#9310),#9298,.F.);
#9312=FILL_AREA_STYLE_COLOUR('',#4);
#9313=FILL_AREA_STYLE('',(#9312));
#9314=SURFACE_STYLE_FILL_AREA(#9313);
#9315=SURFACE_SIDE_STYLE('',(#9314));
#9316=SURFACE_STYLE_USAGE(.BOTH.,#9315);
#9317=PRESENTATION_STYLE_ASSIGNMENT((#9316));
#9318=STYLED_ITEM('',(#9317),#9311);
#9319=CARTESIAN_POINT('',(-3.501651018373E0,-2.573673144875E0,
4.996732063116E0));
#9320=CARTESIAN_POINT('',(-3.498663503343E0,-2.570640184023E0,
4.995765691658E0));
#9321=CARTESIAN_POINT('',(-3.465893654027E0,-2.536808410741E0,
4.984985164812E0));
#9322=CARTESIAN_POINT('',(-3.405214250170E0,-2.461682100399E0,
4.961514993185E0));
#9323=CARTESIAN_POINT('',(-3.333075737632E0,-2.326497810232E0,
4.928062915604E0));
#9324=CARTESIAN_POINT('',(-3.285276144009E0,-2.168445434100E0,
4.903378835472E0));
#9325=CARTESIAN_POINT('',(-3.273518601994E0,-2.047633360670E0,
4.896986462317E0));
#9326=CARTESIAN_POINT('',(-3.274214422961E0,-1.985132664868E0,
4.897371360992E0));
#9327=CARTESIAN_POINT('',(-3.274357523636E0,-1.978662745398E0,
4.897452216759E0));
#9328=CARTESIAN_POINT('',(-3.657764335503E0,-2.433798977807E0,
5.073135800790E0));
#9329=CARTESIAN_POINT('',(-3.655526328421E0,-2.431594425050E0,
5.072153931252E0));
#9330=CARTESIAN_POINT('',(-3.630948149802E0,-2.406967854091E0,
5.061215847210E0));
#9331=CARTESIAN_POINT('',(-3.584844389576E0,-2.351508246645E0,
5.037695905406E0));
#9332=CARTESIAN_POINT('',(-3.529203205246E0,-2.249644490449E0,
5.004801673709E0));
#9333=CARTESIAN_POINT('',(-3.491982871633E0,-2.128977686418E0,
4.980857824077E0));
#9334=CARTESIAN_POINT('',(-3.482785941451E0,-2.036154966094E0,
4.974702126715E0));
#9335=CARTESIAN_POINT('',(-3.483329955041E0,-1.988132484150E0,
4.975072351026E0));
#9336=CARTESIAN_POINT('',(-3.483441762906E0,-1.983161494718E0,
4.975150053343E0));
#9337=CARTESIAN_POINT('',(-3.734841744392E0,-2.330774481045E0,
5.255396516594E0));
#9338=CARTESIAN_POINT('',(-3.733072555133E0,-2.328856652523E0,
5.254377676467E0));
#9339=CARTESIAN_POINT('',(-3.713719874709E0,-2.307527764815E0,
5.243063740562E0));
#9340=CARTESIAN_POINT('',(-3.678953771405E0,-2.261561400553E0,
5.219425072261E0));
#9341=CARTESIAN_POINT('',(-3.639120600507E0,-2.182578170904E0,
5.187861578999E0));
#9342=CARTESIAN_POINT('',(-3.613361613874E0,-2.093068056686E0,
5.165683545345E0));
#9343=CARTESIAN_POINT('',(-3.607100602053E0,-2.025707682389E0,
5.160092436845E0));
#9344=CARTESIAN_POINT('',(-3.607471617660E0,-1.990862740051E0,
5.160427655537E0));
#9345=CARTESIAN_POINT('',(-3.607548050502E0,-1.987255350838E0,
5.160497835318E0));
#9346=CARTESIAN_POINT('',(-3.703754588386E0,-2.303534087339E0,
5.474635275852E0));
#9347=CARTESIAN_POINT('',(-3.701996353857E0,-2.301252941998E0,
5.473571964343E0));
#9348=CARTESIAN_POINT('',(-3.682928208523E0,-2.276067976742E0,
5.461805921708E0));
#9349=CARTESIAN_POINT('',(-3.651977112514E0,-2.225833763400E0,
5.438024439034E0));
#9350=CARTESIAN_POINT('',(-3.621288565607E0,-2.150644174217E0,
5.408061671643E0));
#9351=CARTESIAN_POINT('',(-3.603541605759E0,-2.074287308245E0,
5.388007712298E0));
#9352=CARTESIAN_POINT('',(-3.599482293235E0,-2.020239687684E0,
5.383095739515E0));
#9353=CARTESIAN_POINT('',(-3.599724498670E0,-1.992291629767E0,
5.383388850459E0));
#9354=CARTESIAN_POINT('',(-3.599774843004E0,-1.989397186902E0,
5.383449981489E0));
#9355=(BOUNDED_SURFACE()B_SPLINE_SURFACE(3,3,((#9319,#9320,#9321,#9322,#9323,
#9324,#9325,#9326,#9327),(#9328,#9329,#9330,#9331,#9332,#9333,#9334,#9335,
#9336),(#9337,#9338,#9339,#9340,#9341,#9342,#9343,#9344,#9345),(#9346,#9347,
#9348,#9349,#9350,#9351,#9352,#9353,#9354)),.UNSPECIFIED.,.F.,.F.,.F.)B_SPLINE_SURFACE_WITH_KNOTS((4,4),(4,1,1,1,1,1,4),(0.E0,1.E0),(-2.560031518158E-2,0.E0,
2.557994409500E-1,5.106869829991E-1,7.600258087303E-1,1.E0,1.027732439982E0),
.UNSPECIFIED.)GEOMETRIC_REPRESENTATION_ITEM()RATIONAL_B_SPLINE_SURFACE(((
1.104336107593E0,1.104336107593E0,1.104336107593E0,1.104336107593E0,
1.104336107593E0,1.104336107593E0,1.104336107593E0,1.104336107593E0,
1.104336107593E0),(9.652212974691E-1,9.652212974691E-1,9.652212974691E-1,
9.652212974691E-1,9.652212974691E-1,9.652212974691E-1,9.652212974691E-1,
9.652212974691E-1,9.652212974691E-1),(9.652212974691E-1,9.652212974691E-1,
9.652212974691E-1,9.652212974691E-1,9.652212974691E-1,9.652212974691E-1,
9.652212974691E-1,9.652212974691E-1,9.652212974691E-1),(1.104336107593E0,
1.104336107593E0,1.104336107593E0,1.104336107593E0,1.104336107593E0,
1.104336107593E0,1.104336107593E0,1.104336107593E0,1.104336107593E0)))REPRESENTATION_ITEM('')SURFACE());
#9356=ORIENTED_EDGE('',*,*,#7354,.T.);
#9357=ORIENTED_EDGE('',*,*,#9262,.T.);
#9358=ORIENTED_EDGE('',*,*,#9299,.F.);
#9360=ORIENTED_EDGE('',*,*,#9359,.F.);
#9361=EDGE_LOOP('',(#9356,#9357,#9358,#9360));
#9362=FACE_OUTER_BOUND('',#9361,.F.);
#9363=ADVANCED_FACE('',(#9362),#9355,.T.);
#9364=FILL_AREA_STYLE_COLOUR('',#4);
#9365=FILL_AREA_STYLE('',(#9364));
#9366=SURFACE_STYLE_FILL_AREA(#9365);
#9367=SURFACE_SIDE_STYLE('',(#9366));
#9368=SURFACE_STYLE_USAGE(.BOTH.,#9367);
#9369=PRESENTATION_STYLE_ASSIGNMENT((#9368));
#9370=STYLED_ITEM('',(#9369),#9363);
#9371=CARTESIAN_POINT('',(-3.568888054597E0,-2.865808967786E0,
5.000219096062E0));
#9372=CARTESIAN_POINT('',(-3.565995182223E0,-2.864012281187E0,
5.000273171654E0));
#9373=CARTESIAN_POINT('',(-3.550105259453E0,-2.854104759555E0,
5.000423604016E0));
#9374=CARTESIAN_POINT('',(-3.520964785051E0,-2.835557469406E0,
4.999221093177E0));
#9375=CARTESIAN_POINT('',(-3.480157655181E0,-2.807571156100E0,
4.994508074142E0));
#9376=CARTESIAN_POINT('',(-3.437990112351E0,-2.775409408735E0,
4.987033707294E0));
#9377=CARTESIAN_POINT('',(-3.392349380590E0,-2.735764902681E0,
4.976610575259E0));
#9378=CARTESIAN_POINT('',(-3.356016340494E0,-2.698885483201E0,
4.966880754826E0));
#9379=CARTESIAN_POINT('',(-3.334830779028E0,-2.674786022459E0,
4.960984567256E0));
#9380=CARTESIAN_POINT('',(-3.330617404989E0,-2.669885194373E0,
4.959805653330E0));
#9381=CARTESIAN_POINT('',(-3.727894625765E0,-2.600776852942E0,
4.989501446716E0));
#9382=CARTESIAN_POINT('',(-3.726681726837E0,-2.599987641632E0,
4.989554429459E0));
#9383=CARTESIAN_POINT('',(-3.719896978857E0,-2.595660813787E0,
4.989702072193E0));
#9384=CARTESIAN_POINT('',(-3.706170140372E0,-2.587709680734E0,
4.988521287844E0));
#9385=CARTESIAN_POINT('',(-3.683825926138E0,-2.574723824990E0,
4.983867775086E0));
#9386=CARTESIAN_POINT('',(-3.657889196479E0,-2.557856670870E0,
4.976455243780E0));
#9387=CARTESIAN_POINT('',(-3.627163268427E0,-2.534386035729E0,
4.966076936908E0));
#9388=CARTESIAN_POINT('',(-3.600851816951E0,-2.510064667778E0,
4.956352558011E0));
#9389=CARTESIAN_POINT('',(-3.584966755106E0,-2.493224927078E0,
4.950447302776E0));
#9390=CARTESIAN_POINT('',(-3.581787490806E0,-2.489766020824E0,
4.949266080186E0));
#9391=CARTESIAN_POINT('',(-3.843666540484E0,-2.415222602788E0,
5.208146941155E0));
#9392=CARTESIAN_POINT('',(-3.842527051575E0,-2.414503569209E0,
5.208222218581E0));
#9393=CARTESIAN_POINT('',(-3.836229429183E0,-2.410546511796E0,
5.208426771148E0));
#9394=CARTESIAN_POINT('',(-3.824275150022E0,-2.403185691744E0,
5.206802755353E0));
#9395=CARTESIAN_POINT('',(-3.806550232126E0,-2.391767116791E0,
5.200935284288E0));
#9396=CARTESIAN_POINT('',(-3.787336228367E0,-2.378031816797E0,
5.192261276485E0));
#9397=CARTESIAN_POINT('',(-3.765702877503E0,-2.360255810600E0,
5.180968513521E0));
#9398=CARTESIAN_POINT('',(-3.747897283721E0,-2.342934958009E0,
5.171133124509E0));
#9399=CARTESIAN_POINT('',(-3.737343678917E0,-2.331317809026E0,
5.165412854255E0));
#9400=CARTESIAN_POINT('',(-3.735238458799E0,-2.328944512733E0,
5.164278729573E0));
#9401=CARTESIAN_POINT('',(-3.842612729139E0,-2.427094821473E0,
5.517172339432E0));
#9402=CARTESIAN_POINT('',(-3.839893423328E0,-2.425464059198E0,
5.517279127332E0));
#9403=CARTESIAN_POINT('',(-3.825155233198E0,-2.416430802204E0,
5.517564114138E0));
#9404=CARTESIAN_POINT('',(-3.800205699452E0,-2.399279215273E0,
5.515313651524E0));
#9405=CARTESIAN_POINT('',(-3.770320176862E0,-2.374998493480E0,
5.507730417004E0));
#9406=CARTESIAN_POINT('',(-3.744047473153E0,-2.350241527779E0,
5.497273485304E0));
#9407=CARTESIAN_POINT('',(-3.719904725057E0,-2.324061085596E0,
5.484688264159E0));
#9408=CARTESIAN_POINT('',(-3.703682461693E0,-2.303733295181E0,
5.474695977585E0));
#9409=CARTESIAN_POINT('',(-3.695102300656E0,-2.291981839753E0,
5.469237158212E0));
#9410=CARTESIAN_POINT('',(-3.693428336929E0,-2.289647767462E0,
5.468169599960E0));
#9411=(BOUNDED_SURFACE()B_SPLINE_SURFACE(3,3,((#9371,#9372,#9373,#9374,#9375,
#9376,#9377,#9378,#9379,#9380),(#9381,#9382,#9383,#9384,#9385,#9386,#9387,#9388,
#9389,#9390),(#9391,#9392,#9393,#9394,#9395,#9396,#9397,#9398,#9399,#9400),(
#9401,#9402,#9403,#9404,#9405,#9406,#9407,#9408,#9409,#9410)),.UNSPECIFIED.,.F.,
.F.,.F.)B_SPLINE_SURFACE_WITH_KNOTS((4,4),(4,1,1,1,1,1,1,4),(0.E0,1.E0),(
-4.606028538548E-2,0.E0,2.054432014425E-1,3.991245102705E-1,5.877852769631E-1,
7.826469559484E-1,1.E0,1.053984457629E0),.UNSPECIFIED.)GEOMETRIC_REPRESENTATION_ITEM()RATIONAL_B_SPLINE_SURFACE(((1.188938932063E0,1.188938932063E0,
1.188938932063E0,1.188938932063E0,1.188938932063E0,1.188938932063E0,
1.188938932063E0,1.188938932063E0,1.188938932063E0,1.188938932063E0),(
9.370203559791E-1,9.370203559791E-1,9.370203559791E-1,9.370203559791E-1,
9.370203559791E-1,9.370203559791E-1,9.370203559791E-1,9.370203559791E-1,
9.370203559791E-1,9.370203559791E-1),(9.370203559791E-1,9.370203559791E-1,
9.370203559791E-1,9.370203559791E-1,9.370203559791E-1,9.370203559791E-1,
9.370203559791E-1,9.370203559791E-1,9.370203559791E-1,9.370203559791E-1),(
1.188938932063E0,1.188938932063E0,1.188938932063E0,1.188938932063E0,
1.188938932063E0,1.188938932063E0,1.188938932063E0,1.188938932063E0,
1.188938932063E0,1.188938932063E0)))REPRESENTATION_ITEM('')SURFACE());
#9412=ORIENTED_EDGE('',*,*,#7356,.T.);
#9413=ORIENTED_EDGE('',*,*,#9359,.T.);
#9414=ORIENTED_EDGE('',*,*,#9307,.F.);
#9416=ORIENTED_EDGE('',*,*,#9415,.F.);
#9417=EDGE_LOOP('',(#9412,#9413,#9414,#9416));
#9418=FACE_OUTER_BOUND('',#9417,.F.);
#9419=ADVANCED_FACE('',(#9418),#9411,.T.);
#9420=FILL_AREA_STYLE_COLOUR('',#4);
#9421=FILL_AREA_STYLE('',(#9420));
#9422=SURFACE_STYLE_FILL_AREA(#9421);
#9423=SURFACE_SIDE_STYLE('',(#9422));
#9424=SURFACE_STYLE_USAGE(.BOTH.,#9423);
#9425=PRESENTATION_STYLE_ASSIGNMENT((#9424));
#9426=STYLED_ITEM('',(#9425),#9419);
#9427=CARTESIAN_POINT('',(-4.1E0,-1.998082440428E0,5.5E0));
#9428=DIRECTION('',(0.E0,0.E0,-1.E0));
#9429=DIRECTION('',(7.580490218257E-2,-9.971226688854E-1,0.E0));
#9430=AXIS2_PLACEMENT_3D('',#9427,#9428,#9429);
#9431=TOROIDAL_SURFACE('',#9430,1.E0,5.E-1);
#9432=ORIENTED_EDGE('',*,*,#7358,.F.);
#9433=ORIENTED_EDGE('',*,*,#9415,.T.);
#9434=ORIENTED_EDGE('',*,*,#9305,.F.);
#9435=ORIENTED_EDGE('',*,*,#7321,.F.);
#9436=EDGE_LOOP('',(#9432,#9433,#9434,#9435));
#9437=FACE_OUTER_BOUND('',#9436,.F.);
#9438=ADVANCED_FACE('',(#9437),#9431,.T.);
#9439=FILL_AREA_STYLE_COLOUR('',#4);
#9440=FILL_AREA_STYLE('',(#9439));
#9441=SURFACE_STYLE_FILL_AREA(#9440);
#9442=SURFACE_SIDE_STYLE('',(#9441));
#9443=SURFACE_STYLE_USAGE(.BOTH.,#9442);
#9444=PRESENTATION_STYLE_ASSIGNMENT((#9443));
#9445=STYLED_ITEM('',(#9444),#9438);
#9446=CARTESIAN_POINT('',(-5.6E0,-2.8E0,9.E0));
#9447=DIRECTION('',(1.913950514034E-1,-9.815130841198E-1,0.E0));
#9448=DIRECTION('',(9.815130841198E-1,1.913950514034E-1,0.E0));
#9449=AXIS2_PLACEMENT_3D('',#9446,#9447,#9448);
#9450=PLANE('',#9449);
#9451=ORIENTED_EDGE('',*,*,#7323,.T.);
#9452=ORIENTED_EDGE('',*,*,#9303,.F.);
#9453=ORIENTED_EDGE('',*,*,#7179,.F.);
#9454=ORIENTED_EDGE('',*,*,#7299,.F.);
#9455=EDGE_LOOP('',(#9451,#9452,#9453,#9454));
#9456=FACE_OUTER_BOUND('',#9455,.F.);
#9457=ADVANCED_FACE('',(#9456),#9450,.F.);
#9458=FILL_AREA_STYLE_COLOUR('',#4);
#9459=FILL_AREA_STYLE('',(#9458));
#9460=SURFACE_STYLE_FILL_AREA(#9459);
#9461=SURFACE_SIDE_STYLE('',(#9460));
#9462=SURFACE_STYLE_USAGE(.BOTH.,#9461);
#9463=PRESENTATION_STYLE_ASSIGNMENT((#9462));
#9464=STYLED_ITEM('',(#9463),#9457);
#9465=CARTESIAN_POINT('',(-4.1E0,1.601917559572E0,5.5E0));
#9466=DIRECTION('',(0.E0,0.E0,-1.E0));
#9467=DIRECTION('',(7.580490218257E-2,-9.971226688854E-1,0.E0));
#9468=AXIS2_PLACEMENT_3D('',#9465,#9466,#9467);
#9469=TOROIDAL_SURFACE('',#9468,1.E0,5.E-1);
#9470=ORIENTED_EDGE('',*,*,#7461,.F.);
#9471=ORIENTED_EDGE('',*,*,#9035,.T.);
#9472=ORIENTED_EDGE('',*,*,#9057,.F.);
#9473=ORIENTED_EDGE('',*,*,#7423,.F.);
#9474=EDGE_LOOP('',(#9470,#9471,#9472,#9473));
#9475=FACE_OUTER_BOUND('',#9474,.F.);
#9476=ADVANCED_FACE('',(#9475),#9469,.T.);
#9477=FILL_AREA_STYLE_COLOUR('',#4);
#9478=FILL_AREA_STYLE('',(#9477));
#9479=SURFACE_STYLE_FILL_AREA(#9478);
#9480=SURFACE_SIDE_STYLE('',(#9479));
#9481=SURFACE_STYLE_USAGE(.BOTH.,#9480);
#9482=PRESENTATION_STYLE_ASSIGNMENT((#9481));
#9483=STYLED_ITEM('',(#9482),#9476);
#9484=CARTESIAN_POINT('',(-4.05E0,-3.E-1,5.2E0));
#9485=DIRECTION('',(-1.E0,0.E0,0.E0));
#9486=DIRECTION('',(0.E0,1.E0,0.E0));
#9487=AXIS2_PLACEMENT_3D('',#9484,#9485,#9486);
#9488=PLANE('',#9487);
#9489=ORIENTED_EDGE('',*,*,#7214,.T.);
#9491=ORIENTED_EDGE('',*,*,#9490,.T.);
#9493=ORIENTED_EDGE('',*,*,#9492,.F.);
#9495=ORIENTED_EDGE('',*,*,#9494,.F.);
#9496=EDGE_LOOP('',(#9489,#9491,#9493,#9495));
#9497=FACE_OUTER_BOUND('',#9496,.F.);
#9498=ADVANCED_FACE('',(#9497),#9488,.T.);
#9499=FILL_AREA_STYLE_COLOUR('',#10);
#9500=FILL_AREA_STYLE('',(#9499));
#9501=SURFACE_STYLE_FILL_AREA(#9500);
#9502=SURFACE_SIDE_STYLE('',(#9501));
#9503=SURFACE_STYLE_USAGE(.BOTH.,#9502);
#9504=PRESENTATION_STYLE_ASSIGNMENT((#9503));
#9505=STYLED_ITEM('',(#9504),#9498);
#9506=CARTESIAN_POINT('',(-4.05E0,3.E-1,5.2E0));
#9507=DIRECTION('',(0.E0,1.E0,0.E0));
#9508=DIRECTION('',(1.E0,0.E0,0.E0));
#9509=AXIS2_PLACEMENT_3D('',#9506,#9507,#9508);
#9510=PLANE('',#9509);
#9511=ORIENTED_EDGE('',*,*,#7220,.T.);
#9513=ORIENTED_EDGE('',*,*,#9512,.T.);
#9515=ORIENTED_EDGE('',*,*,#9514,.F.);
#9516=ORIENTED_EDGE('',*,*,#9490,.F.);
#9517=EDGE_LOOP('',(#9511,#9513,#9515,#9516));
#9518=FACE_OUTER_BOUND('',#9517,.F.);
#9519=ADVANCED_FACE('',(#9518),#9510,.T.);
#9520=FILL_AREA_STYLE_COLOUR('',#10);
#9521=FILL_AREA_STYLE('',(#9520));
#9522=SURFACE_STYLE_FILL_AREA(#9521);
#9523=SURFACE_SIDE_STYLE('',(#9522));
#9524=SURFACE_STYLE_USAGE(.BOTH.,#9523);
#9525=PRESENTATION_STYLE_ASSIGNMENT((#9524));
#9526=STYLED_ITEM('',(#9525),#9519);
#9527=CARTESIAN_POINT('',(-3.45E0,3.E-1,5.2E0));
#9528=DIRECTION('',(1.E0,0.E0,0.E0));
#9529=DIRECTION('',(0.E0,-1.E0,0.E0));
#9530=AXIS2_PLACEMENT_3D('',#9527,#9528,#9529);
#9531=PLANE('',#9530);
#9532=ORIENTED_EDGE('',*,*,#7218,.T.);
#9534=ORIENTED_EDGE('',*,*,#9533,.T.);
#9536=ORIENTED_EDGE('',*,*,#9535,.F.);
#9537=ORIENTED_EDGE('',*,*,#9512,.F.);
#9538=EDGE_LOOP('',(#9532,#9534,#9536,#9537));
#9539=FACE_OUTER_BOUND('',#9538,.F.);
#9540=ADVANCED_FACE('',(#9539),#9531,.T.);
#9541=FILL_AREA_STYLE_COLOUR('',#10);
#9542=FILL_AREA_STYLE('',(#9541));
#9543=SURFACE_STYLE_FILL_AREA(#9542);
#9544=SURFACE_SIDE_STYLE('',(#9543));
#9545=SURFACE_STYLE_USAGE(.BOTH.,#9544);
#9546=PRESENTATION_STYLE_ASSIGNMENT((#9545));
#9547=STYLED_ITEM('',(#9546),#9540);
#9548=CARTESIAN_POINT('',(-3.45E0,-3.E-1,5.2E0));
#9549=DIRECTION('',(0.E0,-1.E0,0.E0));
#9550=DIRECTION('',(-1.E0,0.E0,0.E0));
#9551=AXIS2_PLACEMENT_3D('',#9548,#9549,#9550);
#9552=PLANE('',#9551);
#9553=ORIENTED_EDGE('',*,*,#7216,.T.);
#9554=ORIENTED_EDGE('',*,*,#9494,.T.);
#9556=ORIENTED_EDGE('',*,*,#9555,.F.);
#9557=ORIENTED_EDGE('',*,*,#9533,.F.);
#9558=EDGE_LOOP('',(#9553,#9554,#9556,#9557));
#9559=FACE_OUTER_BOUND('',#9558,.F.);
#9560=ADVANCED_FACE('',(#9559),#9552,.T.);
#9561=FILL_AREA_STYLE_COLOUR('',#10);
#9562=FILL_AREA_STYLE('',(#9561));
#9563=SURFACE_STYLE_FILL_AREA(#9562);
#9564=SURFACE_SIDE_STYLE('',(#9563));
#9565=SURFACE_STYLE_USAGE(.BOTH.,#9564);
#9566=PRESENTATION_STYLE_ASSIGNMENT((#9565));
#9567=STYLED_ITEM('',(#9566),#9560);
#9568=CARTESIAN_POINT('',(0.E0,0.E0,1.4E1));
#9569=DIRECTION('',(0.E0,0.E0,-1.E0));
#9570=DIRECTION('',(1.E0,0.E0,0.E0));
#9571=AXIS2_PLACEMENT_3D('',#9568,#9569,#9570);
#9572=PLANE('',#9571);
#9573=ORIENTED_EDGE('',*,*,#9492,.T.);
#9574=ORIENTED_EDGE('',*,*,#9514,.T.);
#9575=ORIENTED_EDGE('',*,*,#9535,.T.);
#9576=ORIENTED_EDGE('',*,*,#9555,.T.);
#9577=EDGE_LOOP('',(#9573,#9574,#9575,#9576));
#9578=FACE_OUTER_BOUND('',#9577,.F.);
#9579=ADVANCED_FACE('',(#9578),#9572,.F.);
#9580=FILL_AREA_STYLE_COLOUR('',#10);
#9581=FILL_AREA_STYLE('',(#9580));
#9582=SURFACE_STYLE_FILL_AREA(#9581);
#9583=SURFACE_SIDE_STYLE('',(#9582));
#9584=SURFACE_STYLE_USAGE(.POSITIVE.,#9583);
#9585=PRESENTATION_STYLE_ASSIGNMENT((#9584));
#9586=STYLED_ITEM('',(#9585),#9579);
#9587=CARTESIAN_POINT('',(-4.05E0,-4.05E0,5.2E0));
#9588=DIRECTION('',(-1.E0,0.E0,0.E0));
#9589=DIRECTION('',(0.E0,1.E0,0.E0));
#9590=AXIS2_PLACEMENT_3D('',#9587,#9588,#9589);
#9591=PLANE('',#9590);
#9592=ORIENTED_EDGE('',*,*,#7224,.T.);
#9594=ORIENTED_EDGE('',*,*,#9593,.T.);
#9596=ORIENTED_EDGE('',*,*,#9595,.F.);
#9598=ORIENTED_EDGE('',*,*,#9597,.F.);
#9599=EDGE_LOOP('',(#9592,#9594,#9596,#9598));
#9600=FACE_OUTER_BOUND('',#9599,.F.);
#9601=ADVANCED_FACE('',(#9600),#9591,.T.);
#9602=FILL_AREA_STYLE_COLOUR('',#10);
#9603=FILL_AREA_STYLE('',(#9602));
#9604=SURFACE_STYLE_FILL_AREA(#9603);
#9605=SURFACE_SIDE_STYLE('',(#9604));
#9606=SURFACE_STYLE_USAGE(.BOTH.,#9605);
#9607=PRESENTATION_STYLE_ASSIGNMENT((#9606));
#9608=STYLED_ITEM('',(#9607),#9601);
#9609=CARTESIAN_POINT('',(-4.05E0,-3.45E0,5.2E0));
#9610=DIRECTION('',(0.E0,1.E0,0.E0));
#9611=DIRECTION('',(1.E0,0.E0,0.E0));
#9612=AXIS2_PLACEMENT_3D('',#9609,#9610,#9611);
#9613=PLANE('',#9612);
#9614=ORIENTED_EDGE('',*,*,#7230,.T.);
#9616=ORIENTED_EDGE('',*,*,#9615,.T.);
#9618=ORIENTED_EDGE('',*,*,#9617,.F.);
#9619=ORIENTED_EDGE('',*,*,#9593,.F.);
#9620=EDGE_LOOP('',(#9614,#9616,#9618,#9619));
#9621=FACE_OUTER_BOUND('',#9620,.F.);
#9622=ADVANCED_FACE('',(#9621),#9613,.T.);
#9623=FILL_AREA_STYLE_COLOUR('',#10);
#9624=FILL_AREA_STYLE('',(#9623));
#9625=SURFACE_STYLE_FILL_AREA(#9624);
#9626=SURFACE_SIDE_STYLE('',(#9625));
#9627=SURFACE_STYLE_USAGE(.BOTH.,#9626);
#9628=PRESENTATION_STYLE_ASSIGNMENT((#9627));
#9629=STYLED_ITEM('',(#9628),#9622);
#9630=CARTESIAN_POINT('',(-3.45E0,-3.45E0,5.2E0));
#9631=DIRECTION('',(1.E0,0.E0,0.E0));
#9632=DIRECTION('',(0.E0,-1.E0,0.E0));
#9633=AXIS2_PLACEMENT_3D('',#9630,#9631,#9632);
#9634=PLANE('',#9633);
#9635=ORIENTED_EDGE('',*,*,#7228,.T.);
#9637=ORIENTED_EDGE('',*,*,#9636,.T.);
#9639=ORIENTED_EDGE('',*,*,#9638,.F.);
#9640=ORIENTED_EDGE('',*,*,#9615,.F.);
#9641=EDGE_LOOP('',(#9635,#9637,#9639,#9640));
#9642=FACE_OUTER_BOUND('',#9641,.F.);
#9643=ADVANCED_FACE('',(#9642),#9634,.T.);
#9644=FILL_AREA_STYLE_COLOUR('',#10);
#9645=FILL_AREA_STYLE('',(#9644));
#9646=SURFACE_STYLE_FILL_AREA(#9645);
#9647=SURFACE_SIDE_STYLE('',(#9646));
#9648=SURFACE_STYLE_USAGE(.BOTH.,#9647);
#9649=PRESENTATION_STYLE_ASSIGNMENT((#9648));
#9650=STYLED_ITEM('',(#9649),#9643);
#9651=CARTESIAN_POINT('',(-3.45E0,-4.05E0,5.2E0));
#9652=DIRECTION('',(0.E0,-1.E0,0.E0));
#9653=DIRECTION('',(-1.E0,0.E0,0.E0));
#9654=AXIS2_PLACEMENT_3D('',#9651,#9652,#9653);
#9655=PLANE('',#9654);
#9656=ORIENTED_EDGE('',*,*,#7226,.T.);
#9657=ORIENTED_EDGE('',*,*,#9597,.T.);
#9659=ORIENTED_EDGE('',*,*,#9658,.F.);
#9660=ORIENTED_EDGE('',*,*,#9636,.F.);
#9661=EDGE_LOOP('',(#9656,#9657,#9659,#9660));
#9662=FACE_OUTER_BOUND('',#9661,.F.);
#9663=ADVANCED_FACE('',(#9662),#9655,.T.);
#9664=FILL_AREA_STYLE_COLOUR('',#10);
#9665=FILL_AREA_STYLE('',(#9664));
#9666=SURFACE_STYLE_FILL_AREA(#9665);
#9667=SURFACE_SIDE_STYLE('',(#9666));
#9668=SURFACE_STYLE_USAGE(.BOTH.,#9667);
#9669=PRESENTATION_STYLE_ASSIGNMENT((#9668));
#9670=STYLED_ITEM('',(#9669),#9663);
#9671=CARTESIAN_POINT('',(0.E0,0.E0,1.4E1));
#9672=DIRECTION('',(0.E0,0.E0,-1.E0));
#9673=DIRECTION('',(1.E0,0.E0,0.E0));
#9674=AXIS2_PLACEMENT_3D('',#9671,#9672,#9673);
#9675=PLANE('',#9674);
#9676=ORIENTED_EDGE('',*,*,#9595,.T.);
#9677=ORIENTED_EDGE('',*,*,#9617,.T.);
#9678=ORIENTED_EDGE('',*,*,#9638,.T.);
#9679=ORIENTED_EDGE('',*,*,#9658,.T.);
#9680=EDGE_LOOP('',(#9676,#9677,#9678,#9679));
#9681=FACE_OUTER_BOUND('',#9680,.F.);
#9682=ADVANCED_FACE('',(#9681),#9675,.F.);
#9683=FILL_AREA_STYLE_COLOUR('',#10);
#9684=FILL_AREA_STYLE('',(#9683));
#9685=SURFACE_STYLE_FILL_AREA(#9684);
#9686=SURFACE_SIDE_STYLE('',(#9685));
#9687=SURFACE_STYLE_USAGE(.POSITIVE.,#9686);
#9688=PRESENTATION_STYLE_ASSIGNMENT((#9687));
#9689=STYLED_ITEM('',(#9688),#9682);
#9690=CARTESIAN_POINT('',(-4.05E0,4.05E0,5.2E0));
#9691=DIRECTION('',(0.E0,1.E0,0.E0));
#9692=DIRECTION('',(1.E0,0.E0,0.E0));
#9693=AXIS2_PLACEMENT_3D('',#9690,#9691,#9692);
#9694=PLANE('',#9693);
#9695=ORIENTED_EDGE('',*,*,#7234,.T.);
#9697=ORIENTED_EDGE('',*,*,#9696,.T.);
#9699=ORIENTED_EDGE('',*,*,#9698,.F.);
#9701=ORIENTED_EDGE('',*,*,#9700,.F.);
#9702=EDGE_LOOP('',(#9695,#9697,#9699,#9701));
#9703=FACE_OUTER_BOUND('',#9702,.F.);
#9704=ADVANCED_FACE('',(#9703),#9694,.T.);
#9705=FILL_AREA_STYLE_COLOUR('',#10);
#9706=FILL_AREA_STYLE('',(#9705));
#9707=SURFACE_STYLE_FILL_AREA(#9706);
#9708=SURFACE_SIDE_STYLE('',(#9707));
#9709=SURFACE_STYLE_USAGE(.BOTH.,#9708);
#9710=PRESENTATION_STYLE_ASSIGNMENT((#9709));
#9711=STYLED_ITEM('',(#9710),#9704);
#9712=CARTESIAN_POINT('',(-3.45E0,4.05E0,5.2E0));
#9713=DIRECTION('',(1.E0,0.E0,0.E0));
#9714=DIRECTION('',(0.E0,-1.E0,0.E0));
#9715=AXIS2_PLACEMENT_3D('',#9712,#9713,#9714);
#9716=PLANE('',#9715);
#9717=ORIENTED_EDGE('',*,*,#7240,.T.);
#9719=ORIENTED_EDGE('',*,*,#9718,.T.);
#9721=ORIENTED_EDGE('',*,*,#9720,.F.);
#9722=ORIENTED_EDGE('',*,*,#9696,.F.);
#9723=EDGE_LOOP('',(#9717,#9719,#9721,#9722));
#9724=FACE_OUTER_BOUND('',#9723,.F.);
#9725=ADVANCED_FACE('',(#9724),#9716,.T.);
#9726=FILL_AREA_STYLE_COLOUR('',#10);
#9727=FILL_AREA_STYLE('',(#9726));
#9728=SURFACE_STYLE_FILL_AREA(#9727);
#9729=SURFACE_SIDE_STYLE('',(#9728));
#9730=SURFACE_STYLE_USAGE(.BOTH.,#9729);
#9731=PRESENTATION_STYLE_ASSIGNMENT((#9730));
#9732=STYLED_ITEM('',(#9731),#9725);
#9733=CARTESIAN_POINT('',(-3.45E0,3.45E0,5.2E0));
#9734=DIRECTION('',(0.E0,-1.E0,0.E0));
#9735=DIRECTION('',(-1.E0,0.E0,0.E0));
#9736=AXIS2_PLACEMENT_3D('',#9733,#9734,#9735);
#9737=PLANE('',#9736);
#9738=ORIENTED_EDGE('',*,*,#7238,.T.);
#9740=ORIENTED_EDGE('',*,*,#9739,.T.);
#9742=ORIENTED_EDGE('',*,*,#9741,.F.);
#9743=ORIENTED_EDGE('',*,*,#9718,.F.);
#9744=EDGE_LOOP('',(#9738,#9740,#9742,#9743));
#9745=FACE_OUTER_BOUND('',#9744,.F.);
#9746=ADVANCED_FACE('',(#9745),#9737,.T.);
#9747=FILL_AREA_STYLE_COLOUR('',#10);
#9748=FILL_AREA_STYLE('',(#9747));
#9749=SURFACE_STYLE_FILL_AREA(#9748);
#9750=SURFACE_SIDE_STYLE('',(#9749));
#9751=SURFACE_STYLE_USAGE(.BOTH.,#9750);
#9752=PRESENTATION_STYLE_ASSIGNMENT((#9751));
#9753=STYLED_ITEM('',(#9752),#9746);
#9754=CARTESIAN_POINT('',(-4.05E0,3.45E0,5.2E0));
#9755=DIRECTION('',(-1.E0,0.E0,0.E0));
#9756=DIRECTION('',(0.E0,1.E0,0.E0));
#9757=AXIS2_PLACEMENT_3D('',#9754,#9755,#9756);
#9758=PLANE('',#9757);
#9759=ORIENTED_EDGE('',*,*,#7236,.T.);
#9760=ORIENTED_EDGE('',*,*,#9700,.T.);
#9762=ORIENTED_EDGE('',*,*,#9761,.F.);
#9763=ORIENTED_EDGE('',*,*,#9739,.F.);
#9764=EDGE_LOOP('',(#9759,#9760,#9762,#9763));
#9765=FACE_OUTER_BOUND('',#9764,.F.);
#9766=ADVANCED_FACE('',(#9765),#9758,.T.);
#9767=FILL_AREA_STYLE_COLOUR('',#10);
#9768=FILL_AREA_STYLE('',(#9767));
#9769=SURFACE_STYLE_FILL_AREA(#9768);
#9770=SURFACE_SIDE_STYLE('',(#9769));
#9771=SURFACE_STYLE_USAGE(.BOTH.,#9770);
#9772=PRESENTATION_STYLE_ASSIGNMENT((#9771));
#9773=STYLED_ITEM('',(#9772),#9766);
#9774=CARTESIAN_POINT('',(0.E0,0.E0,1.4E1));
#9775=DIRECTION('',(0.E0,0.E0,-1.E0));
#9776=DIRECTION('',(1.E0,0.E0,0.E0));
#9777=AXIS2_PLACEMENT_3D('',#9774,#9775,#9776);
#9778=PLANE('',#9777);
#9779=ORIENTED_EDGE('',*,*,#9698,.T.);
#9780=ORIENTED_EDGE('',*,*,#9720,.T.);
#9781=ORIENTED_EDGE('',*,*,#9741,.T.);
#9782=ORIENTED_EDGE('',*,*,#9761,.T.);
#9783=EDGE_LOOP('',(#9779,#9780,#9781,#9782));
#9784=FACE_OUTER_BOUND('',#9783,.F.);
#9785=ADVANCED_FACE('',(#9784),#9778,.F.);
#9786=FILL_AREA_STYLE_COLOUR('',#10);
#9787=FILL_AREA_STYLE('',(#9786));
#9788=SURFACE_STYLE_FILL_AREA(#9787);
#9789=SURFACE_SIDE_STYLE('',(#9788));
#9790=SURFACE_STYLE_USAGE(.BOTH.,#9789);
#9791=PRESENTATION_STYLE_ASSIGNMENT((#9790));
#9792=STYLED_ITEM('',(#9791),#9785);
#9793=CARTESIAN_POINT('',(-5.6E0,-8.6E0,5.7E0));
#9794=DIRECTION('',(0.E0,-1.E0,0.E0));
#9795=DIRECTION('',(1.E0,0.E0,0.E0));
#9796=AXIS2_PLACEMENT_3D('',#9793,#9794,#9795);
#9797=PLANE('',#9796);
#9798=ORIENTED_EDGE('',*,*,#7114,.T.);
#9799=ORIENTED_EDGE('',*,*,#6436,.F.);
#9800=ORIENTED_EDGE('',*,*,#6464,.F.);
#9801=ORIENTED_EDGE('',*,*,#7066,.T.);
#9802=ORIENTED_EDGE('',*,*,#7087,.T.);
#9803=EDGE_LOOP('',(#9798,#9799,#9800,#9801,#9802));
#9804=FACE_OUTER_BOUND('',#9803,.F.);
#9805=ADVANCED_FACE('',(#9804),#9797,.T.);
#9806=FILL_AREA_STYLE_COLOUR('',#4);
#9807=FILL_AREA_STYLE('',(#9806));
#9808=SURFACE_STYLE_FILL_AREA(#9807);
#9809=SURFACE_SIDE_STYLE('',(#9808));
#9810=SURFACE_STYLE_USAGE(.BOTH.,#9809);
#9811=PRESENTATION_STYLE_ASSIGNMENT((#9810));
#9812=STYLED_ITEM('',(#9811),#9805);
#9813=CARTESIAN_POINT('',(4.05E0,-3.E-1,5.2E0));
#9814=DIRECTION('',(0.E0,-1.E0,0.E0));
#9815=DIRECTION('',(-1.E0,0.E0,0.E0));
#9816=AXIS2_PLACEMENT_3D('',#9813,#9814,#9815);
#9817=PLANE('',#9816);
#9818=ORIENTED_EDGE('',*,*,#6094,.T.);
#9820=ORIENTED_EDGE('',*,*,#9819,.T.);
#9822=ORIENTED_EDGE('',*,*,#9821,.F.);
#9824=ORIENTED_EDGE('',*,*,#9823,.F.);
#9825=EDGE_LOOP('',(#9818,#9820,#9822,#9824));
#9826=FACE_OUTER_BOUND('',#9825,.F.);
#9827=ADVANCED_FACE('',(#9826),#9817,.T.);
#9828=FILL_AREA_STYLE_COLOUR('',#10);
#9829=FILL_AREA_STYLE('',(#9828));
#9830=SURFACE_STYLE_FILL_AREA(#9829);
#9831=SURFACE_SIDE_STYLE('',(#9830));
#9832=SURFACE_STYLE_USAGE(.BOTH.,#9831);
#9833=PRESENTATION_STYLE_ASSIGNMENT((#9832));
#9834=STYLED_ITEM('',(#9833),#9827);
#9835=CARTESIAN_POINT('',(3.45E0,-3.E-1,5.2E0));
#9836=DIRECTION('',(-1.E0,0.E0,0.E0));
#9837=DIRECTION('',(0.E0,1.E0,0.E0));
#9838=AXIS2_PLACEMENT_3D('',#9835,#9836,#9837);
#9839=PLANE('',#9838);
#9840=ORIENTED_EDGE('',*,*,#6100,.T.);
#9842=ORIENTED_EDGE('',*,*,#9841,.T.);
#9844=ORIENTED_EDGE('',*,*,#9843,.F.);
#9845=ORIENTED_EDGE('',*,*,#9819,.F.);
#9846=EDGE_LOOP('',(#9840,#9842,#9844,#9845));
#9847=FACE_OUTER_BOUND('',#9846,.F.);
#9848=ADVANCED_FACE('',(#9847),#9839,.T.);
#9849=FILL_AREA_STYLE_COLOUR('',#10);
#9850=FILL_AREA_STYLE('',(#9849));
#9851=SURFACE_STYLE_FILL_AREA(#9850);
#9852=SURFACE_SIDE_STYLE('',(#9851));
#9853=SURFACE_STYLE_USAGE(.BOTH.,#9852);
#9854=PRESENTATION_STYLE_ASSIGNMENT((#9853));
#9855=STYLED_ITEM('',(#9854),#9848);
#9856=CARTESIAN_POINT('',(3.45E0,3.E-1,5.2E0));
#9857=DIRECTION('',(0.E0,1.E0,0.E0));
#9858=DIRECTION('',(1.E0,0.E0,0.E0));
#9859=AXIS2_PLACEMENT_3D('',#9856,#9857,#9858);
#9860=PLANE('',#9859);
#9861=ORIENTED_EDGE('',*,*,#6098,.T.);
#9863=ORIENTED_EDGE('',*,*,#9862,.T.);
#9865=ORIENTED_EDGE('',*,*,#9864,.F.);
#9866=ORIENTED_EDGE('',*,*,#9841,.F.);
#9867=EDGE_LOOP('',(#9861,#9863,#9865,#9866));
#9868=FACE_OUTER_BOUND('',#9867,.F.);
#9869=ADVANCED_FACE('',(#9868),#9860,.T.);
#9870=FILL_AREA_STYLE_COLOUR('',#10);
#9871=FILL_AREA_STYLE('',(#9870));
#9872=SURFACE_STYLE_FILL_AREA(#9871);
#9873=SURFACE_SIDE_STYLE('',(#9872));
#9874=SURFACE_STYLE_USAGE(.BOTH.,#9873);
#9875=PRESENTATION_STYLE_ASSIGNMENT((#9874));
#9876=STYLED_ITEM('',(#9875),#9869);
#9877=CARTESIAN_POINT('',(4.05E0,3.E-1,5.2E0));
#9878=DIRECTION('',(1.E0,0.E0,0.E0));
#9879=DIRECTION('',(0.E0,-1.E0,0.E0));
#9880=AXIS2_PLACEMENT_3D('',#9877,#9878,#9879);
#9881=PLANE('',#9880);
#9882=ORIENTED_EDGE('',*,*,#6096,.T.);
#9883=ORIENTED_EDGE('',*,*,#9823,.T.);
#9885=ORIENTED_EDGE('',*,*,#9884,.F.);
#9886=ORIENTED_EDGE('',*,*,#9862,.F.);
#9887=EDGE_LOOP('',(#9882,#9883,#9885,#9886));
#9888=FACE_OUTER_BOUND('',#9887,.F.);
#9889=ADVANCED_FACE('',(#9888),#9881,.T.);
#9890=FILL_AREA_STYLE_COLOUR('',#10);
#9891=FILL_AREA_STYLE('',(#9890));
#9892=SURFACE_STYLE_FILL_AREA(#9891);
#9893=SURFACE_SIDE_STYLE('',(#9892));
#9894=SURFACE_STYLE_USAGE(.BOTH.,#9893);
#9895=PRESENTATION_STYLE_ASSIGNMENT((#9894));
#9896=STYLED_ITEM('',(#9895),#9889);
#9897=CARTESIAN_POINT('',(0.E0,0.E0,1.4E1));
#9898=DIRECTION('',(0.E0,0.E0,-1.E0));
#9899=DIRECTION('',(1.E0,0.E0,0.E0));
#9900=AXIS2_PLACEMENT_3D('',#9897,#9898,#9899);
#9901=PLANE('',#9900);
#9902=ORIENTED_EDGE('',*,*,#9821,.T.);
#9903=ORIENTED_EDGE('',*,*,#9843,.T.);
#9904=ORIENTED_EDGE('',*,*,#9864,.T.);
#9905=ORIENTED_EDGE('',*,*,#9884,.T.);
#9906=EDGE_LOOP('',(#9902,#9903,#9904,#9905));
#9907=FACE_OUTER_BOUND('',#9906,.F.);
#9908=ADVANCED_FACE('',(#9907),#9901,.F.);
#9909=FILL_AREA_STYLE_COLOUR('',#10);
#9910=FILL_AREA_STYLE('',(#9909));
#9911=SURFACE_STYLE_FILL_AREA(#9910);
#9912=SURFACE_SIDE_STYLE('',(#9911));
#9913=SURFACE_STYLE_USAGE(.POSITIVE.,#9912);
#9914=PRESENTATION_STYLE_ASSIGNMENT((#9913));
#9915=STYLED_ITEM('',(#9914),#9908);
#9916=CARTESIAN_POINT('',(4.05E0,-4.05E0,5.2E0));
#9917=DIRECTION('',(0.E0,-1.E0,0.E0));
#9918=DIRECTION('',(-1.E0,0.E0,0.E0));
#9919=AXIS2_PLACEMENT_3D('',#9916,#9917,#9918);
#9920=PLANE('',#9919);
#9921=ORIENTED_EDGE('',*,*,#6104,.T.);
#9923=ORIENTED_EDGE('',*,*,#9922,.T.);
#9925=ORIENTED_EDGE('',*,*,#9924,.F.);
#9927=ORIENTED_EDGE('',*,*,#9926,.F.);
#9928=EDGE_LOOP('',(#9921,#9923,#9925,#9927));
#9929=FACE_OUTER_BOUND('',#9928,.F.);
#9930=ADVANCED_FACE('',(#9929),#9920,.T.);
#9931=FILL_AREA_STYLE_COLOUR('',#10);
#9932=FILL_AREA_STYLE('',(#9931));
#9933=SURFACE_STYLE_FILL_AREA(#9932);
#9934=SURFACE_SIDE_STYLE('',(#9933));
#9935=SURFACE_STYLE_USAGE(.BOTH.,#9934);
#9936=PRESENTATION_STYLE_ASSIGNMENT((#9935));
#9937=STYLED_ITEM('',(#9936),#9930);
#9938=CARTESIAN_POINT('',(3.45E0,-4.05E0,5.2E0));
#9939=DIRECTION('',(-1.E0,0.E0,0.E0));
#9940=DIRECTION('',(0.E0,1.E0,0.E0));
#9941=AXIS2_PLACEMENT_3D('',#9938,#9939,#9940);
#9942=PLANE('',#9941);
#9943=ORIENTED_EDGE('',*,*,#6110,.T.);
#9945=ORIENTED_EDGE('',*,*,#9944,.T.);
#9947=ORIENTED_EDGE('',*,*,#9946,.F.);
#9948=ORIENTED_EDGE('',*,*,#9922,.F.);
#9949=EDGE_LOOP('',(#9943,#9945,#9947,#9948));
#9950=FACE_OUTER_BOUND('',#9949,.F.);
#9951=ADVANCED_FACE('',(#9950),#9942,.T.);
#9952=FILL_AREA_STYLE_COLOUR('',#10);
#9953=FILL_AREA_STYLE('',(#9952));
#9954=SURFACE_STYLE_FILL_AREA(#9953);
#9955=SURFACE_SIDE_STYLE('',(#9954));
#9956=SURFACE_STYLE_USAGE(.BOTH.,#9955);
#9957=PRESENTATION_STYLE_ASSIGNMENT((#9956));
#9958=STYLED_ITEM('',(#9957),#9951);
#9959=CARTESIAN_POINT('',(3.45E0,-3.45E0,5.2E0));
#9960=DIRECTION('',(0.E0,1.E0,0.E0));
#9961=DIRECTION('',(1.E0,0.E0,0.E0));
#9962=AXIS2_PLACEMENT_3D('',#9959,#9960,#9961);
#9963=PLANE('',#9962);
#9964=ORIENTED_EDGE('',*,*,#6108,.T.);
#9966=ORIENTED_EDGE('',*,*,#9965,.T.);
#9968=ORIENTED_EDGE('',*,*,#9967,.F.);
#9969=ORIENTED_EDGE('',*,*,#9944,.F.);
#9970=EDGE_LOOP('',(#9964,#9966,#9968,#9969));
#9971=FACE_OUTER_BOUND('',#9970,.F.);
#9972=ADVANCED_FACE('',(#9971),#9963,.T.);
#9973=FILL_AREA_STYLE_COLOUR('',#10);
#9974=FILL_AREA_STYLE('',(#9973));
#9975=SURFACE_STYLE_FILL_AREA(#9974);
#9976=SURFACE_SIDE_STYLE('',(#9975));
#9977=SURFACE_STYLE_USAGE(.BOTH.,#9976);
#9978=PRESENTATION_STYLE_ASSIGNMENT((#9977));
#9979=STYLED_ITEM('',(#9978),#9972);
#9980=CARTESIAN_POINT('',(4.05E0,-3.45E0,5.2E0));
#9981=DIRECTION('',(1.E0,0.E0,0.E0));
#9982=DIRECTION('',(0.E0,-1.E0,0.E0));
#9983=AXIS2_PLACEMENT_3D('',#9980,#9981,#9982);
#9984=PLANE('',#9983);
#9985=ORIENTED_EDGE('',*,*,#6106,.T.);
#9986=ORIENTED_EDGE('',*,*,#9926,.T.);
#9988=ORIENTED_EDGE('',*,*,#9987,.F.);
#9989=ORIENTED_EDGE('',*,*,#9965,.F.);
#9990=EDGE_LOOP('',(#9985,#9986,#9988,#9989));
#9991=FACE_OUTER_BOUND('',#9990,.F.);
#9992=ADVANCED_FACE('',(#9991),#9984,.T.);
#9993=FILL_AREA_STYLE_COLOUR('',#10);
#9994=FILL_AREA_STYLE('',(#9993));
#9995=SURFACE_STYLE_FILL_AREA(#9994);
#9996=SURFACE_SIDE_STYLE('',(#9995));
#9997=SURFACE_STYLE_USAGE(.BOTH.,#9996);
#9998=PRESENTATION_STYLE_ASSIGNMENT((#9997));
#9999=STYLED_ITEM('',(#9998),#9992);
#10000=CARTESIAN_POINT('',(0.E0,0.E0,1.4E1));
#10001=DIRECTION('',(0.E0,0.E0,-1.E0));
#10002=DIRECTION('',(1.E0,0.E0,0.E0));
#10003=AXIS2_PLACEMENT_3D('',#10000,#10001,#10002);
#10004=PLANE('',#10003);
#10005=ORIENTED_EDGE('',*,*,#9924,.T.);
#10006=ORIENTED_EDGE('',*,*,#9946,.T.);
#10007=ORIENTED_EDGE('',*,*,#9967,.T.);
#10008=ORIENTED_EDGE('',*,*,#9987,.T.);
#10009=EDGE_LOOP('',(#10005,#10006,#10007,#10008));
#10010=FACE_OUTER_BOUND('',#10009,.F.);
#10011=ADVANCED_FACE('',(#10010),#10004,.F.);
#10012=FILL_AREA_STYLE_COLOUR('',#10);
#10013=FILL_AREA_STYLE('',(#10012));
#10014=SURFACE_STYLE_FILL_AREA(#10013);
#10015=SURFACE_SIDE_STYLE('',(#10014));
#10016=SURFACE_STYLE_USAGE(.POSITIVE.,#10015);
#10017=PRESENTATION_STYLE_ASSIGNMENT((#10016));
#10018=STYLED_ITEM('',(#10017),#10011);
#10019=CARTESIAN_POINT('',(4.05E0,4.05E0,5.2E0));
#10020=DIRECTION('',(1.E0,0.E0,0.E0));
#10021=DIRECTION('',(0.E0,-1.E0,0.E0));
#10022=AXIS2_PLACEMENT_3D('',#10019,#10020,#10021);
#10023=PLANE('',#10022);
#10024=ORIENTED_EDGE('',*,*,#6114,.T.);
#10026=ORIENTED_EDGE('',*,*,#10025,.T.);
#10028=ORIENTED_EDGE('',*,*,#10027,.F.);
#10030=ORIENTED_EDGE('',*,*,#10029,.F.);
#10031=EDGE_LOOP('',(#10024,#10026,#10028,#10030));
#10032=FACE_OUTER_BOUND('',#10031,.F.);
#10033=ADVANCED_FACE('',(#10032),#10023,.T.);
#10034=FILL_AREA_STYLE_COLOUR('',#10);
#10035=FILL_AREA_STYLE('',(#10034));
#10036=SURFACE_STYLE_FILL_AREA(#10035);
#10037=SURFACE_SIDE_STYLE('',(#10036));
#10038=SURFACE_STYLE_USAGE(.BOTH.,#10037);
#10039=PRESENTATION_STYLE_ASSIGNMENT((#10038));
#10040=STYLED_ITEM('',(#10039),#10033);
#10041=CARTESIAN_POINT('',(4.05E0,3.45E0,5.2E0));
#10042=DIRECTION('',(0.E0,-1.E0,0.E0));
#10043=DIRECTION('',(-1.E0,0.E0,0.E0));
#10044=AXIS2_PLACEMENT_3D('',#10041,#10042,#10043);
#10045=PLANE('',#10044);
#10046=ORIENTED_EDGE('',*,*,#6120,.T.);
#10048=ORIENTED_EDGE('',*,*,#10047,.T.);
#10050=ORIENTED_EDGE('',*,*,#10049,.F.);
#10051=ORIENTED_EDGE('',*,*,#10025,.F.);
#10052=EDGE_LOOP('',(#10046,#10048,#10050,#10051));
#10053=FACE_OUTER_BOUND('',#10052,.F.);
#10054=ADVANCED_FACE('',(#10053),#10045,.T.);
#10055=FILL_AREA_STYLE_COLOUR('',#10);
#10056=FILL_AREA_STYLE('',(#10055));
#10057=SURFACE_STYLE_FILL_AREA(#10056);
#10058=SURFACE_SIDE_STYLE('',(#10057));
#10059=SURFACE_STYLE_USAGE(.BOTH.,#10058);
#10060=PRESENTATION_STYLE_ASSIGNMENT((#10059));
#10061=STYLED_ITEM('',(#10060),#10054);
#10062=CARTESIAN_POINT('',(3.45E0,3.45E0,5.2E0));
#10063=DIRECTION('',(-1.E0,0.E0,0.E0));
#10064=DIRECTION('',(0.E0,1.E0,0.E0));
#10065=AXIS2_PLACEMENT_3D('',#10062,#10063,#10064);
#10066=PLANE('',#10065);
#10067=ORIENTED_EDGE('',*,*,#6118,.T.);
#10069=ORIENTED_EDGE('',*,*,#10068,.T.);
#10071=ORIENTED_EDGE('',*,*,#10070,.F.);
#10072=ORIENTED_EDGE('',*,*,#10047,.F.);
#10073=EDGE_LOOP('',(#10067,#10069,#10071,#10072));
#10074=FACE_OUTER_BOUND('',#10073,.F.);
#10075=ADVANCED_FACE('',(#10074),#10066,.T.);
#10076=FILL_AREA_STYLE_COLOUR('',#10);
#10077=FILL_AREA_STYLE('',(#10076));
#10078=SURFACE_STYLE_FILL_AREA(#10077);
#10079=SURFACE_SIDE_STYLE('',(#10078));
#10080=SURFACE_STYLE_USAGE(.BOTH.,#10079);
#10081=PRESENTATION_STYLE_ASSIGNMENT((#10080));
#10082=STYLED_ITEM('',(#10081),#10075);
#10083=CARTESIAN_POINT('',(3.45E0,4.05E0,5.2E0));
#10084=DIRECTION('',(0.E0,1.E0,0.E0));
#10085=DIRECTION('',(1.E0,0.E0,0.E0));
#10086=AXIS2_PLACEMENT_3D('',#10083,#10084,#10085);
#10087=PLANE('',#10086);
#10088=ORIENTED_EDGE('',*,*,#6116,.T.);
#10089=ORIENTED_EDGE('',*,*,#10029,.T.);
#10091=ORIENTED_EDGE('',*,*,#10090,.F.);
#10092=ORIENTED_EDGE('',*,*,#10068,.F.);
#10093=EDGE_LOOP('',(#10088,#10089,#10091,#10092));
#10094=FACE_OUTER_BOUND('',#10093,.F.);
#10095=ADVANCED_FACE('',(#10094),#10087,.T.);
#10096=FILL_AREA_STYLE_COLOUR('',#10);
#10097=FILL_AREA_STYLE('',(#10096));
#10098=SURFACE_STYLE_FILL_AREA(#10097);
#10099=SURFACE_SIDE_STYLE('',(#10098));
#10100=SURFACE_STYLE_USAGE(.BOTH.,#10099);
#10101=PRESENTATION_STYLE_ASSIGNMENT((#10100));
#10102=STYLED_ITEM('',(#10101),#10095);
#10103=CARTESIAN_POINT('',(0.E0,0.E0,1.4E1));
#10104=DIRECTION('',(0.E0,0.E0,-1.E0));
#10105=DIRECTION('',(1.E0,0.E0,0.E0));
#10106=AXIS2_PLACEMENT_3D('',#10103,#10104,#10105);
#10107=PLANE('',#10106);
#10108=ORIENTED_EDGE('',*,*,#10027,.T.);
#10109=ORIENTED_EDGE('',*,*,#10049,.T.);
#10110=ORIENTED_EDGE('',*,*,#10070,.T.);
#10111=ORIENTED_EDGE('',*,*,#10090,.T.);
#10112=EDGE_LOOP('',(#10108,#10109,#10110,#10111));
#10113=FACE_OUTER_BOUND('',#10112,.F.);
#10114=ADVANCED_FACE('',(#10113),#10107,.F.);
#10115=FILL_AREA_STYLE_COLOUR('',#10);
#10116=FILL_AREA_STYLE('',(#10115));
#10117=SURFACE_STYLE_FILL_AREA(#10116);
#10118=SURFACE_SIDE_STYLE('',(#10117));
#10119=SURFACE_STYLE_USAGE(.POSITIVE.,#10118);
#10120=PRESENTATION_STYLE_ASSIGNMENT((#10119));
#10121=STYLED_ITEM('',(#10120),#10114);
#10122=CARTESIAN_POINT('',(-3.040159739729E0,-5.2E0,4.7E0));
#10123=DIRECTION('',(1.E0,0.E0,0.E0));
#10124=DIRECTION('',(0.E0,0.E0,1.E0));
#10125=AXIS2_PLACEMENT_3D('',#10122,#10123,#10124);
#10126=CYLINDRICAL_SURFACE('',#10125,3.E-1);
#10127=ORIENTED_EDGE('',*,*,#5590,.T.);
#10128=ORIENTED_EDGE('',*,*,#5636,.T.);
#10129=ORIENTED_EDGE('',*,*,#5526,.F.);
#10130=ORIENTED_EDGE('',*,*,#5566,.F.);
#10131=EDGE_LOOP('',(#10127,#10128,#10129,#10130));
#10132=FACE_OUTER_BOUND('',#10131,.F.);
#10133=ADVANCED_FACE('',(#10132),#10126,.T.);
#10134=FILL_AREA_STYLE_COLOUR('',#14);
#10135=FILL_AREA_STYLE('',(#10134));
#10136=SURFACE_STYLE_FILL_AREA(#10135);
#10137=SURFACE_SIDE_STYLE('',(#10136));
#10138=SURFACE_STYLE_USAGE(.BOTH.,#10137);
#10139=PRESENTATION_STYLE_ASSIGNMENT((#10138));
#10140=STYLED_ITEM('',(#10139),#10133);
#10141=CARTESIAN_POINT('',(2.020032E1,3.6E0,-4.5E0));
#10142=DIRECTION('',(-1.E0,0.E0,0.E0));
#10143=DIRECTION('',(0.E0,0.E0,-1.E0));
#10144=AXIS2_PLACEMENT_3D('',#10141,#10142,#10143);
#10145=CYLINDRICAL_SURFACE('',#10144,5.E-1);
#10146=ORIENTED_EDGE('',*,*,#5198,.T.);
#10148=ORIENTED_EDGE('',*,*,#10147,.T.);
#10149=ORIENTED_EDGE('',*,*,#4230,.F.);
#10151=ORIENTED_EDGE('',*,*,#10150,.T.);
#10152=EDGE_LOOP('',(#10146,#10148,#10149,#10151));
#10153=FACE_OUTER_BOUND('',#10152,.F.);
#10154=ADVANCED_FACE('',(#10153),#10145,.F.);
#10155=FILL_AREA_STYLE_COLOUR('',#4);
#10156=FILL_AREA_STYLE('',(#10155));
#10157=SURFACE_STYLE_FILL_AREA(#10156);
#10158=SURFACE_SIDE_STYLE('',(#10157));
#10159=SURFACE_STYLE_USAGE(.BOTH.,#10158);
#10160=PRESENTATION_STYLE_ASSIGNMENT((#10159));
#10161=STYLED_ITEM('',(#10160),#10154);
#10162=CARTESIAN_POINT('',(-2.6E0,2.6E0,-4.5E0));
#10163=DIRECTION('',(0.E0,0.E0,-1.E0));
#10164=DIRECTION('',(0.E0,1.E0,0.E0));
#10165=AXIS2_PLACEMENT_3D('',#10162,#10163,#10164);
#10166=TOROIDAL_SURFACE('',#10165,1.E0,5.E-1);
#10167=ORIENTED_EDGE('',*,*,#5211,.F.);
#10169=ORIENTED_EDGE('',*,*,#10168,.F.);
#10170=ORIENTED_EDGE('',*,*,#4232,.T.);
#10171=ORIENTED_EDGE('',*,*,#10147,.F.);
#10172=EDGE_LOOP('',(#10167,#10169,#10170,#10171));
#10173=FACE_OUTER_BOUND('',#10172,.F.);
#10174=ADVANCED_FACE('',(#10173),#10166,.F.);
#10175=FILL_AREA_STYLE_COLOUR('',#4);
#10176=FILL_AREA_STYLE('',(#10175));
#10177=SURFACE_STYLE_FILL_AREA(#10176);
#10178=SURFACE_SIDE_STYLE('',(#10177));
#10179=SURFACE_STYLE_USAGE(.BOTH.,#10178);
#10180=PRESENTATION_STYLE_ASSIGNMENT((#10179));
#10181=STYLED_ITEM('',(#10180),#10174);
#10182=CARTESIAN_POINT('',(-3.6E0,-3.102192E1,-4.5E0));
#10183=DIRECTION('',(0.E0,1.E0,0.E0));
#10184=DIRECTION('',(1.E0,0.E0,0.E0));
#10185=AXIS2_PLACEMENT_3D('',#10182,#10183,#10184);
#10186=CYLINDRICAL_SURFACE('',#10185,5.E-1);
#10187=ORIENTED_EDGE('',*,*,#5209,.F.);
#10189=ORIENTED_EDGE('',*,*,#10188,.T.);
#10190=ORIENTED_EDGE('',*,*,#4234,.T.);
#10191=ORIENTED_EDGE('',*,*,#10168,.T.);
#10192=EDGE_LOOP('',(#10187,#10189,#10190,#10191));
#10193=FACE_OUTER_BOUND('',#10192,.F.);
#10194=ADVANCED_FACE('',(#10193),#10186,.F.);
#10195=FILL_AREA_STYLE_COLOUR('',#4);
#10196=FILL_AREA_STYLE('',(#10195));
#10197=SURFACE_STYLE_FILL_AREA(#10196);
#10198=SURFACE_SIDE_STYLE('',(#10197));
#10199=SURFACE_STYLE_USAGE(.BOTH.,#10198);
#10200=PRESENTATION_STYLE_ASSIGNMENT((#10199));
#10201=STYLED_ITEM('',(#10200),#10194);
#10202=CARTESIAN_POINT('',(-2.6E0,-2.6E0,-4.5E0));
#10203=DIRECTION('',(0.E0,0.E0,-1.E0));
#10204=DIRECTION('',(0.E0,-1.E0,0.E0));
#10205=AXIS2_PLACEMENT_3D('',#10202,#10203,#10204);
#10206=TOROIDAL_SURFACE('',#10205,1.E0,5.E-1);
#10207=ORIENTED_EDGE('',*,*,#5207,.F.);
#10209=ORIENTED_EDGE('',*,*,#10208,.F.);
#10210=ORIENTED_EDGE('',*,*,#4236,.T.);
#10211=ORIENTED_EDGE('',*,*,#10188,.F.);
#10212=EDGE_LOOP('',(#10207,#10209,#10210,#10211));
#10213=FACE_OUTER_BOUND('',#10212,.F.);
#10214=ADVANCED_FACE('',(#10213),#10206,.F.);
#10215=FILL_AREA_STYLE_COLOUR('',#4);
#10216=FILL_AREA_STYLE('',(#10215));
#10217=SURFACE_STYLE_FILL_AREA(#10216);
#10218=SURFACE_SIDE_STYLE('',(#10217));
#10219=SURFACE_STYLE_USAGE(.BOTH.,#10218);
#10220=PRESENTATION_STYLE_ASSIGNMENT((#10219));
#10221=STYLED_ITEM('',(#10220),#10214);
#10222=CARTESIAN_POINT('',(-2.020032E1,-3.6E0,-4.5E0));
#10223=DIRECTION('',(1.E0,0.E0,0.E0));
#10224=DIRECTION('',(0.E0,0.E0,-1.E0));
#10225=AXIS2_PLACEMENT_3D('',#10222,#10223,#10224);
#10226=CYLINDRICAL_SURFACE('',#10225,5.E-1);
#10227=ORIENTED_EDGE('',*,*,#5205,.T.);
#10229=ORIENTED_EDGE('',*,*,#10228,.T.);
#10230=ORIENTED_EDGE('',*,*,#4238,.F.);
#10231=ORIENTED_EDGE('',*,*,#10208,.T.);
#10232=EDGE_LOOP('',(#10227,#10229,#10230,#10231));
#10233=FACE_OUTER_BOUND('',#10232,.F.);
#10234=ADVANCED_FACE('',(#10233),#10226,.F.);
#10235=FILL_AREA_STYLE_COLOUR('',#4);
#10236=FILL_AREA_STYLE('',(#10235));
#10237=SURFACE_STYLE_FILL_AREA(#10236);
#10238=SURFACE_SIDE_STYLE('',(#10237));
#10239=SURFACE_STYLE_USAGE(.BOTH.,#10238);
#10240=PRESENTATION_STYLE_ASSIGNMENT((#10239));
#10241=STYLED_ITEM('',(#10240),#10234);
#10242=CARTESIAN_POINT('',(2.6E0,-2.6E0,-4.5E0));
#10243=DIRECTION('',(0.E0,0.E0,-1.E0));
#10244=DIRECTION('',(0.E0,-1.E0,0.E0));
#10245=AXIS2_PLACEMENT_3D('',#10242,#10243,#10244);
#10246=TOROIDAL_SURFACE('',#10245,1.E0,5.E-1);
#10247=ORIENTED_EDGE('',*,*,#5203,.F.);
#10248=ORIENTED_EDGE('',*,*,#5163,.F.);
#10249=ORIENTED_EDGE('',*,*,#4240,.T.);
#10250=ORIENTED_EDGE('',*,*,#10228,.F.);
#10251=EDGE_LOOP('',(#10247,#10248,#10249,#10250));
#10252=FACE_OUTER_BOUND('',#10251,.F.);
#10253=ADVANCED_FACE('',(#10252),#10246,.F.);
#10254=FILL_AREA_STYLE_COLOUR('',#4);
#10255=FILL_AREA_STYLE('',(#10254));
#10256=SURFACE_STYLE_FILL_AREA(#10255);
#10257=SURFACE_SIDE_STYLE('',(#10256));
#10258=SURFACE_STYLE_USAGE(.BOTH.,#10257);
#10259=PRESENTATION_STYLE_ASSIGNMENT((#10258));
#10260=STYLED_ITEM('',(#10259),#10253);
#10261=CARTESIAN_POINT('',(2.6E0,2.6E0,-4.5E0));
#10262=DIRECTION('',(0.E0,0.E0,-1.E0));
#10263=DIRECTION('',(0.E0,1.E0,0.E0));
#10264=AXIS2_PLACEMENT_3D('',#10261,#10262,#10263);
#10265=TOROIDAL_SURFACE('',#10264,1.E0,5.E-1);
#10266=ORIENTED_EDGE('',*,*,#5200,.F.);
#10267=ORIENTED_EDGE('',*,*,#10150,.F.);
#10268=ORIENTED_EDGE('',*,*,#4228,.T.);
#10269=ORIENTED_EDGE('',*,*,#5160,.F.);
#10270=EDGE_LOOP('',(#10266,#10267,#10268,#10269));
#10271=FACE_OUTER_BOUND('',#10270,.F.);
#10272=ADVANCED_FACE('',(#10271),#10265,.F.);
#10273=FILL_AREA_STYLE_COLOUR('',#4);
#10274=FILL_AREA_STYLE('',(#10273));
#10275=SURFACE_STYLE_FILL_AREA(#10274);
#10276=SURFACE_SIDE_STYLE('',(#10275));
#10277=SURFACE_STYLE_USAGE(.BOTH.,#10276);
#10278=PRESENTATION_STYLE_ASSIGNMENT((#10277));
#10279=STYLED_ITEM('',(#10278),#10272);
#10280=CLOSED_SHELL('',(#3919,#3941,#3991,#4012,#4062,#4083,#4113,#4135,#4162,
#4184,#4244,#4265,#4289,#4310,#4330,#4354,#4373,#4393,#4418,#4438,#4458,#4478,
#4498,#4518,#4538,#4558,#4578,#4598,#4618,#4638,#4660,#4681,#4710,#4730,#4754,
#4779,#4804,#4825,#4851,#4871,#4893,#4915,#4935,#4955,#4975,#5001,#5020,#5040,
#5068,#5087,#5107,#5126,#5145,#5167,#5215,#5237,#5258,#5279,#5300,#5321,#5342,
#5363,#5383,#5405,#5426,#5447,#5468,#5489,#5510,#5531,#5551,#5575,#5617,#5640,
#5674,#5697,#5720,#5741,#5762,#5790,#5812,#5837,#5860,#5884,#5904,#5924,#5961,
#5981,#6001,#6021,#6041,#6124,#6146,#6167,#6189,#6213,#6235,#6257,#6277,#6300,
#6322,#6341,#6363,#6383,#6421,#6443,#6468,#6489,#6508,#6528,#6548,#6570,#6602,
#6624,#6643,#6662,#6681,#6723,#6744,#6785,#6805,#6825,#6845,#6865,#6885,#6905,
#6925,#6945,#6965,#6985,#7005,#7024,#7051,#7072,#7097,#7118,#7138,#7158,#7244,
#7264,#7284,#7306,#7329,#7362,#7386,#7408,#7432,#7465,#7487,#7527,#7547,#7569,
#7592,#7614,#7637,#7658,#7715,#7736,#7789,#7838,#7858,#7881,#7900,#7920,#7941,
#7961,#7984,#8007,#8039,#8060,#8083,#8102,#8123,#8144,#8199,#8248,#8272,#8293,
#8315,#8335,#8390,#8411,#8431,#8451,#8473,#8494,#8519,#8540,#8562,#8588,#8608,
#8628,#8652,#8672,#8692,#8712,#8732,#8754,#8775,#8796,#8817,#8841,#8862,#8883,
#8935,#8982,#9039,#9061,#9081,#9104,#9126,#9146,#9169,#9189,#9245,#9266,#9286,
#9311,#9363,#9419,#9438,#9457,#9476,#9498,#9519,#9540,#9560,#9579,#9601,#9622,
#9643,#9663,#9682,#9704,#9725,#9746,#9766,#9785,#9805,#9827,#9848,#9869,#9889,
#9908,#9930,#9951,#9972,#9992,#10011,#10033,#10054,#10075,#10095,#10114,#10133,
#10154,#10174,#10194,#10214,#10234,#10253,#10272));
#10281=MANIFOLD_SOLID_BREP('',#10280);
#10283=DIMENSIONAL_EXPONENTS(0.E0,0.E0,0.E0,0.E0,0.E0,0.E0,0.E0);
#10285=PLANE_ANGLE_MEASURE_WITH_UNIT(PLANE_ANGLE_MEASURE(1.745329251994E-2),
#10284);
#10286=(CONVERSION_BASED_UNIT('DEGREE',#10285)NAMED_UNIT(*)PLANE_ANGLE_UNIT());
#10288=UNCERTAINTY_MEASURE_WITH_UNIT(LENGTH_MEASURE(1.444449055986E-3),#10282,
'closure',
'Maximum model space distance between geometric entities at asserted connectivities');
#10289=(GEOMETRIC_REPRESENTATION_CONTEXT(3)GLOBAL_UNCERTAINTY_ASSIGNED_CONTEXT((
#10288))GLOBAL_UNIT_ASSIGNED_CONTEXT((#10282,#10286,#10287))REPRESENTATION_CONTEXT('ID1','3'));
#10291=MECHANICAL_DESIGN_GEOMETRIC_PRESENTATION_REPRESENTATION('',(#3926,#3948,
#3998,#4019,#4069,#4090,#4120,#4142,#4169,#4191,#4251,#4272,#4296,#4317,#4337,
#4361,#4380,#4400,#4425,#4445,#4465,#4485,#4505,#4525,#4545,#4565,#4585,#4605,
#4625,#4645,#4667,#4688,#4717,#4737,#4761,#4786,#4811,#4832,#4858,#4878,#4900,
#4922,#4942,#4962,#4982,#5008,#5027,#5047,#5075,#5094,#5114,#5133,#5152,#5174,
#5222,#5244,#5265,#5286,#5307,#5328,#5349,#5370,#5390,#5412,#5433,#5454,#5475,
#5496,#5517,#5538,#5558,#5582,#5624,#5647,#5681,#5704,#5727,#5748,#5769,#5797,
#5819,#5844,#5867,#5891,#5911,#5931,#5968,#5988,#6008,#6028,#6048,#6131,#6153,
#6174,#6196,#6220,#6242,#6264,#6284,#6307,#6329,#6348,#6370,#6390,#6428,#6450,
#6475,#6496,#6515,#6535,#6555,#6577,#6609,#6631,#6650,#6669,#6688,#6730,#6751,
#6792,#6812,#6832,#6852,#6872,#6892,#6912,#6932,#6952,#6972,#6992,#7012,#7031,
#7058,#7079,#7104,#7125,#7145,#7165,#7251,#7271,#7291,#7313,#7336,#7369,#7393,
#7415,#7439,#7472,#7494,#7534,#7554,#7576,#7599,#7621,#7644,#7665,#7722,#7743,
#7796,#7845,#7865,#7888,#7907,#7927,#7948,#7968,#7991,#8014,#8046,#8067,#8090,
#8109,#8130,#8151,#8206,#8255,#8279,#8300,#8322,#8342,#8397,#8418,#8438,#8458,
#8480,#8501,#8526,#8547,#8569,#8595,#8615,#8635,#8659,#8679,#8699,#8719,#8739,
#8761,#8782,#8803,#8824,#8848,#8869,#8890,#8942,#8989,#9046,#9068,#9088,#9111,
#9133,#9153,#9176,#9196,#9252,#9273,#9293,#9318,#9370,#9426,#9445,#9464,#9483,
#9505,#9526,#9547,#9567,#9586,#9608,#9629,#9650,#9670,#9689,#9711,#9732,#9753,
#9773,#9792,#9812,#9834,#9855,#9876,#9896,#9915,#9937,#9958,#9979,#9999,#10018,
#10040,#10061,#10082,#10102,#10121,#10140,#10161,#10181,#10201,#10221,#10241,
#10260,#10279),#10289);
#10292=APPLICATION_CONTEXT(
'CONFIGURATION CONTROLLED 3D DESIGNS OF MECHANICAL PARTS AND ASSEMBLIES');
#10293=APPLICATION_PROTOCOL_DEFINITION('international standard',
'ccd_cla_gvp_ast_asd',1995,#10292);
#10294=DESIGN_CONTEXT('',#10292,'design');
#10295=MECHANICAL_CONTEXT('',#10292,'mechanical');
#10296=PRODUCT('B78310P8078A002-T2988_SW0001','B78310P8078A002-T2988_SW0001',
'NOT SPECIFIED',(#10295));
#10297=PRODUCT_DEFINITION_FORMATION_WITH_SPECIFIED_SOURCE('1','LAST_VERSION',
#10296,.MADE.);
#10305=DERIVED_UNIT_ELEMENT(#10304,2.E0);
#10306=DERIVED_UNIT((#10305));
#10307=MEASURE_REPRESENTATION_ITEM('surface area measure',AREA_MEASURE(
2.368797741147E3),#10306);
#10312=DERIVED_UNIT_ELEMENT(#10311,3.E0);
#10313=DERIVED_UNIT((#10312));
#10314=MEASURE_REPRESENTATION_ITEM('volume measure',VOLUME_MEASURE(
2.340428320090E3),#10313);
#10318=CARTESIAN_POINT('centre point',(-1.035286578223E-2,-1.841745005602E-2,
6.072664934777E-1));
#10323=DERIVED_UNIT_ELEMENT(#10322,2.E0);
#10324=DERIVED_UNIT((#10323));
#10325=MEASURE_REPRESENTATION_ITEM('surface area measure',AREA_MEASURE(
2.368797741147E3),#10324);
#10330=DERIVED_UNIT_ELEMENT(#10329,3.E0);
#10331=DERIVED_UNIT((#10330));
#10332=MEASURE_REPRESENTATION_ITEM('volume measure',VOLUME_MEASURE(
2.340428320090E3),#10331);
#10336=CARTESIAN_POINT('centre point',(-1.035286578223E-2,-1.841745005602E-2,
6.072664934777E-1));
#10341=PRODUCT_CATEGORY('part','');
#10342=PRODUCT_RELATED_PRODUCT_CATEGORY('detail','',(#10296));
#10343=PRODUCT_CATEGORY_RELATIONSHIP('','',#10341,#10342);
#10344=SECURITY_CLASSIFICATION_LEVEL('unclassified');
#10345=SECURITY_CLASSIFICATION('','',#10344);
#10346=CC_DESIGN_SECURITY_CLASSIFICATION(#10345,(#10297));
#10347=APPROVAL_STATUS('approved');
#10348=APPROVAL(#10347,'');
#10349=CC_DESIGN_APPROVAL(#10348,(#10345,#10297,#10298));
#10350=CALENDAR_DATE(121,18,11);
#10351=COORDINATED_UNIVERSAL_TIME_OFFSET(8,0,.AHEAD.);
#10352=LOCAL_TIME(13,41,3.2E1,#10351);
#10353=DATE_AND_TIME(#10350,#10352);
#10354=APPROVAL_DATE_TIME(#10353,#10348);
#10355=DATE_TIME_ROLE('creation_date');
#10356=CC_DESIGN_DATE_AND_TIME_ASSIGNMENT(#10353,#10355,(#10298));
#10357=DATE_TIME_ROLE('classification_date');
#10358=CC_DESIGN_DATE_AND_TIME_ASSIGNMENT(#10353,#10357,(#10345));
#10359=PERSON('UNSPECIFIED','UNSPECIFIED',$,$,$,$);
#10360=ORGANIZATION('UNSPECIFIED','UNSPECIFIED','UNSPECIFIED');
#10361=PERSON_AND_ORGANIZATION(#10359,#10360);
#10362=APPROVAL_ROLE('approver');
#10363=APPROVAL_PERSON_ORGANIZATION(#10361,#10348,#10362);
#10364=PERSON_AND_ORGANIZATION_ROLE('creator');
#10365=CC_DESIGN_PERSON_AND_ORGANIZATION_ASSIGNMENT(#10361,#10364,(#10297,
#10298));
#10366=PERSON_AND_ORGANIZATION_ROLE('design_supplier');
#10367=CC_DESIGN_PERSON_AND_ORGANIZATION_ASSIGNMENT(#10361,#10366,(#10297));
#10368=PERSON_AND_ORGANIZATION_ROLE('classification_officer');
#10369=CC_DESIGN_PERSON_AND_ORGANIZATION_ASSIGNMENT(#10361,#10368,(#10345));
#10370=PERSON_AND_ORGANIZATION_ROLE('design_owner');
#10371=CC_DESIGN_PERSON_AND_ORGANIZATION_ASSIGNMENT(#10361,#10370,(#10296));
#1=COLOUR_RGB('',0.E0,0.E0,3.4902E-1);
#2=COLOUR_RGB('',3.922E-3,9.0196E-2,9.4118E-2);
#3=COLOUR_RGB('',1.E-1,4.1E-1,1.E0);
#4=COLOUR_RGB('',1.5E-1,3.1E-1,4.6E-1);
#5=COLOUR_RGB('',1.8E-1,8.5E-1,2.6E-1);
#6=COLOUR_RGB('',2.5E-1,3.4E-1,5.3E-1);
#7=COLOUR_RGB('',4.2E-1,8.2E-1,7.6E-1);
#8=COLOUR_RGB('',6.4E-1,4.64E-1,3.01E-1);
#9=COLOUR_RGB('',7.5E-1,4.2E-1,2.8E-1);
#10=COLOUR_RGB('',8.5E-1,9.3E-1,1.E0);
#11=COLOUR_RGB('',8.784E-1,9.49E-1,1.E0);
#12=COLOUR_RGB('',9.3E-1,4.4E-1,1.2E-1);
#13=COLOUR_RGB('',9.5E-1,3.4E-1,8.E-2);
#14=COLOUR_RGB('',1.E0,2.7E-1,0.E0);
#15=COLOUR_RGB('',1.E0,4.1103E-1,4.39128E-1);
#16=COLOUR_RGB('',1.E0,7.7E-1,6.E-2);
#17=DRAUGHTING_PRE_DEFINED_COLOUR('white');
#86=CIRCLE('',#85,5.E-1);
#95=CIRCLE('',#94,5.E-1);
#136=CIRCLE('',#135,5.E-1);
#145=CIRCLE('',#144,5.E-1);
#218=CIRCLE('',#217,1.E0);
#227=CIRCLE('',#226,1.E0);
#256=CIRCLE('',#255,1.E0);
#285=CIRCLE('',#284,1.E0);
#294=CIRCLE('',#293,1.E0);
#303=CIRCLE('',#302,1.E0);
#312=CIRCLE('',#311,1.E0);
#325=CIRCLE('',#324,1.E0);
#342=CIRCLE('',#341,1.E0);
#463=CIRCLE('',#462,5.E-1);
#524=CIRCLE('',#523,5.E-1);
#537=CIRCLE('',#536,5.E-1);
#546=CIRCLE('',#545,5.E-1);
#551=CIRCLE('',#550,1.E0);
#660=CIRCLE('',#659,5.E-1);
#665=CIRCLE('',#664,5.E-1);
#670=CIRCLE('',#669,2.2E0);
#679=CIRCLE('',#678,2.2E0);
#688=CIRCLE('',#687,2.2E0);
#697=CIRCLE('',#696,2.2E0);
#706=CIRCLE('',#705,3.E-1);
#711=CIRCLE('',#710,3.E-1);
#716=CIRCLE('',#715,3.E-1);
#721=CIRCLE('',#720,3.E-1);
#726=CIRCLE('',#725,3.E-1);
#731=CIRCLE('',#730,3.E-1);
#736=CIRCLE('',#735,3.E-1);
#741=CIRCLE('',#740,3.E-1);
#762=CIRCLE('',#761,2.5E0);
#767=CIRCLE('',#766,2.5E0);
#788=CIRCLE('',#787,2.5E0);
#793=CIRCLE('',#792,2.5E0);
#814=CIRCLE('',#813,2.5E0);
#819=CIRCLE('',#818,2.5E0);
#840=CIRCLE('',#839,2.5E0);
#845=CIRCLE('',#844,2.5E0);
#850=CIRCLE('',#849,3.E-1);
#855=CIRCLE('',#854,2.2E0);
#864=CIRCLE('',#863,2.2E0);
#877=CIRCLE('',#876,5.E-1);
#902=CIRCLE('',#901,5.E-1);
#915=CIRCLE('',#914,3.E-1);
#924=CIRCLE('',#923,2.2E0);
#933=CIRCLE('',#932,5.E-1);
#949=B_SPLINE_CURVE_WITH_KNOTS('',3,(#942,#943,#944,#945,#946,#947,#948),
.UNSPECIFIED.,.F.,.F.,(4,1,1,1,4),(0.E0,2.5E-1,5.E-1,7.5E-1,1.E0),
.UNSPECIFIED.);
#966=CIRCLE('',#965,5.E-1);
#975=CIRCLE('',#974,5.E-1);
#1004=CIRCLE('',#1003,5.E-1);
#1024=B_SPLINE_CURVE_WITH_KNOTS('',3,(#1017,#1018,#1019,#1020,#1021,#1022,
#1023),.UNSPECIFIED.,.F.,.F.,(4,1,1,1,4),(0.E0,2.5E-1,5.E-1,7.5E-1,1.E0),
.UNSPECIFIED.);
#1068=B_SPLINE_CURVE_WITH_KNOTS('',3,(#1057,#1058,#1059,#1060,#1061,#1062,#1063,
#1064,#1065,#1066,#1067),.UNSPECIFIED.,.F.,.F.,(4,1,1,1,1,1,1,1,4),(0.E0,
1.25E-1,2.5E-1,3.75E-1,5.E-1,6.25E-1,7.5E-1,8.75E-1,1.E0),.UNSPECIFIED.);
#1105=CIRCLE('',#1104,5.E-1);
#1146=CIRCLE('',#1145,5.E-1);
#1215=CIRCLE('',#1214,5.E-1);
#1232=CIRCLE('',#1231,5.E-1);
#1260=B_SPLINE_CURVE_WITH_KNOTS('',3,(#1249,#1250,#1251,#1252,#1253,#1254,#1255,
#1256,#1257,#1258,#1259),.UNSPECIFIED.,.F.,.F.,(4,1,1,1,1,1,1,1,4),(0.E0,
1.25E-1,2.5E-1,3.75E-1,5.E-1,6.25E-1,7.5E-1,8.75E-1,1.E0),.UNSPECIFIED.);
#1265=CIRCLE('',#1264,5.E-1);
#1277=B_SPLINE_CURVE_WITH_KNOTS('',3,(#1270,#1271,#1272,#1273,#1274,#1275,
#1276),.UNSPECIFIED.,.F.,.F.,(4,1,1,1,4),(0.E0,2.5E-1,5.E-1,7.5E-1,1.E0),
.UNSPECIFIED.);
#1341=B_SPLINE_CURVE_WITH_KNOTS('',3,(#1330,#1331,#1332,#1333,#1334,#1335,#1336,
#1337,#1338,#1339,#1340),.UNSPECIFIED.,.F.,.F.,(4,1,1,1,1,1,1,1,4),(0.E0,
1.25E-1,2.5E-1,3.75E-1,5.E-1,6.25E-1,7.5E-1,8.75E-1,1.E0),.UNSPECIFIED.);
#1349=B_SPLINE_CURVE_WITH_KNOTS('',3,(#1342,#1343,#1344,#1345,#1346,#1347,
#1348),.UNSPECIFIED.,.F.,.F.,(4,1,1,1,4),(0.E0,2.5E-1,5.E-1,7.5E-1,1.E0),
.UNSPECIFIED.);
#1366=CIRCLE('',#1365,5.E-1);
#1503=CIRCLE('',#1502,5.E-1);
#1512=CIRCLE('',#1511,5.E-1);
#1557=CIRCLE('',#1556,5.E-1);
#1566=CIRCLE('',#1565,5.E-1);
#1651=CIRCLE('',#1650,5.E-1);
#1660=CIRCLE('',#1659,5.E-1);
#1697=CIRCLE('',#1696,5.E-1);
#1738=CIRCLE('',#1737,5.E-1);
#1814=B_SPLINE_CURVE_WITH_KNOTS('',3,(#1807,#1808,#1809,#1810,#1811,#1812,
#1813),.UNSPECIFIED.,.F.,.F.,(4,1,1,1,4),(0.E0,2.5E-1,5.E-1,7.5E-1,1.E0),
.UNSPECIFIED.);
#1831=CIRCLE('',#1830,2.2E0);
#1840=CIRCLE('',#1839,3.E-1);
#1869=CIRCLE('',#1868,2.2E0);
#1874=CIRCLE('',#1873,3.E-1);
#1879=CIRCLE('',#1878,2.2E0);
#1888=CIRCLE('',#1887,2.2E0);
#1901=CIRCLE('',#1900,5.E-1);
#1926=CIRCLE('',#1925,5.E-1);
#1939=CIRCLE('',#1938,3.E-1);
#1944=CIRCLE('',#1943,3.E-1);
#1949=CIRCLE('',#1948,3.E-1);
#1974=CIRCLE('',#1973,1.E0);
#1979=CIRCLE('',#1978,5.E-1);
#1989=B_SPLINE_CURVE_WITH_KNOTS('',3,(#1980,#1981,#1982,#1983,#1984,#1985,#1986,
#1987,#1988),.UNSPECIFIED.,.F.,.F.,(4,1,1,1,1,1,4),(0.E0,1.666666666667E-1,
3.333333333333E-1,5.E-1,6.666666666667E-1,8.333333333333E-1,1.E0),
.UNSPECIFIED.);
#1994=CIRCLE('',#1993,4.999999999145E-1);
#2003=CIRCLE('',#2002,5.E-1);
#2015=B_SPLINE_CURVE_WITH_KNOTS('',3,(#2004,#2005,#2006,#2007,#2008,#2009,#2010,
#2011,#2012,#2013,#2014),.UNSPECIFIED.,.F.,.F.,(4,1,1,1,1,1,1,1,4),(0.E0,
1.25E-1,2.5E-1,3.75E-1,5.E-1,6.25E-1,7.5E-1,8.75E-1,1.E0),.UNSPECIFIED.);
#2020=CIRCLE('',#2019,4.999999999801E-1);
#2033=B_SPLINE_CURVE_WITH_KNOTS('',3,(#2021,#2022,#2023,#2024,#2025,#2026,#2027,
#2028,#2029,#2030,#2031,#2032),.UNSPECIFIED.,.F.,.F.,(4,1,1,1,1,1,1,1,1,4),
(0.E0,1.111111111111E-1,2.222222222222E-1,3.333333333333E-1,4.444444444444E-1,
5.555555555556E-1,6.666666666667E-1,7.777777777778E-1,8.888888888889E-1,1.E0),
.UNSPECIFIED.);
#2038=CIRCLE('',#2037,5.000000001412E-1);
#2043=CIRCLE('',#2042,1.E0);
#2048=CIRCLE('',#2047,5.E-1);
#2053=CIRCLE('',#2052,5.E-1);
#2058=CIRCLE('',#2057,5.E-1);
#2066=B_SPLINE_CURVE_WITH_KNOTS('',3,(#2059,#2060,#2061,#2062,#2063,#2064,
#2065),.UNSPECIFIED.,.F.,.F.,(4,1,1,1,4),(0.E0,2.5E-1,5.E-1,7.5E-1,1.E0),
.UNSPECIFIED.);
#2073=B_SPLINE_CURVE_WITH_KNOTS('',3,(#2067,#2068,#2069,#2070,#2071,#2072),
.UNSPECIFIED.,.F.,.F.,(4,1,1,4),(0.E0,3.333333333333E-1,6.666666666667E-1,1.E0),
.UNSPECIFIED.);
#2104=B_SPLINE_CURVE_WITH_KNOTS('',3,(#2094,#2095,#2096,#2097,#2098,#2099,#2100,
#2101,#2102,#2103),.UNSPECIFIED.,.F.,.F.,(4,1,1,1,1,1,1,4),(0.E0,
1.428571428571E-1,2.857142857143E-1,4.285714285714E-1,5.714285714286E-1,
7.142857142857E-1,8.571428571429E-1,1.E0),.UNSPECIFIED.);
#2109=CIRCLE('',#2108,5.E-1);
#2114=CIRCLE('',#2113,5.E-1);
#2130=B_SPLINE_CURVE_WITH_KNOTS('',3,(#2123,#2124,#2125,#2126,#2127,#2128,
#2129),.UNSPECIFIED.,.F.,.F.,(4,1,1,1,4),(0.E0,2.5E-1,5.E-1,7.5E-1,1.E0),
.UNSPECIFIED.);
#2138=B_SPLINE_CURVE_WITH_KNOTS('',3,(#2131,#2132,#2133,#2134,#2135,#2136,
#2137),.UNSPECIFIED.,.F.,.F.,(4,1,1,1,4),(0.E0,2.5E-1,5.E-1,7.5E-1,1.E0),
.UNSPECIFIED.);
#2155=CIRCLE('',#2154,5.E-1);
#2160=CIRCLE('',#2159,2.2E0);
#2169=CIRCLE('',#2168,1.E0);
#2174=CIRCLE('',#2173,5.E-1);
#2179=CIRCLE('',#2178,5.E-1);
#2184=CIRCLE('',#2183,5.E-1);
#2195=B_SPLINE_CURVE_WITH_KNOTS('',3,(#2185,#2186,#2187,#2188,#2189,#2190,#2191,
#2192,#2193,#2194),.UNSPECIFIED.,.F.,.F.,(4,1,1,1,1,1,1,4),(0.E0,
1.428571428571E-1,2.857142857143E-1,4.285714285714E-1,5.714285714286E-1,
7.142857142857E-1,8.571428571429E-1,1.E0),.UNSPECIFIED.);
#2224=CIRCLE('',#2223,5.E-1);
#2234=B_SPLINE_CURVE_WITH_KNOTS('',3,(#2225,#2226,#2227,#2228,#2229,#2230,#2231,
#2232,#2233),.UNSPECIFIED.,.F.,.F.,(4,1,1,1,1,1,4),(0.E0,1.666666666667E-1,
3.333333333333E-1,5.E-1,6.666666666667E-1,8.333333333333E-1,1.E0),
.UNSPECIFIED.);
#2239=CIRCLE('',#2238,4.999999999932E-1);
#2251=B_SPLINE_CURVE_WITH_KNOTS('',3,(#2240,#2241,#2242,#2243,#2244,#2245,#2246,
#2247,#2248,#2249,#2250),.UNSPECIFIED.,.F.,.F.,(4,1,1,1,1,1,1,1,4),(0.E0,
1.25E-1,2.5E-1,3.75E-1,5.E-1,6.25E-1,7.5E-1,8.75E-1,1.E0),.UNSPECIFIED.);
#2256=CIRCLE('',#2255,4.999999999907E-1);
#2264=B_SPLINE_CURVE_WITH_KNOTS('',3,(#2257,#2258,#2259,#2260,#2261,#2262,
#2263),.UNSPECIFIED.,.F.,.F.,(4,1,1,1,4),(0.E0,2.5E-1,5.E-1,7.5E-1,1.E0),
.UNSPECIFIED.);
#2269=CIRCLE('',#2268,5.E-1);
#2274=CIRCLE('',#2273,5.E-1);
#2281=B_SPLINE_CURVE_WITH_KNOTS('',3,(#2275,#2276,#2277,#2278,#2279,#2280),
.UNSPECIFIED.,.F.,.F.,(4,1,1,4),(0.E0,3.333333333333E-1,6.666666666667E-1,1.E0),
.UNSPECIFIED.);
#2298=CIRCLE('',#2297,1.E0);
#2303=CIRCLE('',#2302,5.E-1);
#2316=B_SPLINE_CURVE_WITH_KNOTS('',3,(#2304,#2305,#2306,#2307,#2308,#2309,#2310,
#2311,#2312,#2313,#2314,#2315),.UNSPECIFIED.,.F.,.F.,(4,1,1,1,1,1,1,1,1,4),
(0.E0,1.111111111111E-1,2.222222222222E-1,3.333333333333E-1,4.444444444444E-1,
5.555555555556E-1,6.666666666667E-1,7.777777777778E-1,8.888888888889E-1,1.E0),
.UNSPECIFIED.);
#2321=CIRCLE('',#2320,5.000000000016E-1);
#2333=B_SPLINE_CURVE_WITH_KNOTS('',3,(#2326,#2327,#2328,#2329,#2330,#2331,
#2332),.UNSPECIFIED.,.F.,.F.,(4,1,1,1,4),(0.E0,2.5E-1,5.E-1,7.5E-1,1.E0),
.UNSPECIFIED.);
#2369=B_SPLINE_CURVE_WITH_KNOTS('',3,(#2362,#2363,#2364,#2365,#2366,#2367,
#2368),.UNSPECIFIED.,.F.,.F.,(4,1,1,1,4),(0.E0,2.5E-1,5.E-1,7.5E-1,1.E0),
.UNSPECIFIED.);
#2378=CIRCLE('',#2377,5.E-1);
#2402=B_SPLINE_CURVE_WITH_KNOTS('',3,(#2391,#2392,#2393,#2394,#2395,#2396,#2397,
#2398,#2399,#2400,#2401),.UNSPECIFIED.,.F.,.F.,(4,1,1,1,1,1,1,1,4),(0.E0,
1.25E-1,2.5E-1,3.75E-1,5.E-1,6.25E-1,7.5E-1,8.75E-1,1.E0),.UNSPECIFIED.);
#2407=CIRCLE('',#2406,5.E-1);
#2424=CIRCLE('',#2423,5.E-1);
#2480=B_SPLINE_CURVE_WITH_KNOTS('',3,(#2473,#2474,#2475,#2476,#2477,#2478,
#2479),.UNSPECIFIED.,.F.,.F.,(4,1,1,1,4),(0.E0,2.5E-1,5.E-1,7.5E-1,1.E0),
.UNSPECIFIED.);
#2497=CIRCLE('',#2496,5.E-1);
#2502=CIRCLE('',#2501,1.E0);
#2507=CIRCLE('',#2506,5.E-1);
#2512=CIRCLE('',#2511,5.E-1);
#2517=CIRCLE('',#2516,5.E-1);
#2525=B_SPLINE_CURVE_WITH_KNOTS('',3,(#2518,#2519,#2520,#2521,#2522,#2523,
#2524),.UNSPECIFIED.,.F.,.F.,(4,1,1,1,4),(0.E0,2.5E-1,5.E-1,7.5E-1,1.E0),
.UNSPECIFIED.);
#2532=B_SPLINE_CURVE_WITH_KNOTS('',3,(#2526,#2527,#2528,#2529,#2530,#2531),
.UNSPECIFIED.,.F.,.F.,(4,1,1,4),(0.E0,3.333333333333E-1,6.666666666667E-1,1.E0),
.UNSPECIFIED.);
#2553=CIRCLE('',#2552,5.E-1);
#2565=B_SPLINE_CURVE_WITH_KNOTS('',3,(#2554,#2555,#2556,#2557,#2558,#2559,#2560,
#2561,#2562,#2563,#2564),.UNSPECIFIED.,.F.,.F.,(4,1,1,1,1,1,1,1,4),(0.E0,
1.25E-1,2.5E-1,3.75E-1,5.E-1,6.25E-1,7.5E-1,8.75E-1,1.E0),.UNSPECIFIED.);
#2570=CIRCLE('',#2569,4.999999999535E-1);
#2583=B_SPLINE_CURVE_WITH_KNOTS('',3,(#2571,#2572,#2573,#2574,#2575,#2576,#2577,
#2578,#2579,#2580,#2581,#2582),.UNSPECIFIED.,.F.,.F.,(4,1,1,1,1,1,1,1,1,4),
(0.E0,1.111111111111E-1,2.222222222222E-1,3.333333333333E-1,4.444444444444E-1,
5.555555555556E-1,6.666666666667E-1,7.777777777778E-1,8.888888888889E-1,1.E0),
.UNSPECIFIED.);
#2588=CIRCLE('',#2587,5.000000001484E-1);
#2598=B_SPLINE_CURVE_WITH_KNOTS('',3,(#2589,#2590,#2591,#2592,#2593,#2594,#2595,
#2596,#2597),.UNSPECIFIED.,.F.,.F.,(4,1,1,1,1,1,4),(0.E0,1.666666666667E-1,
3.333333333333E-1,5.E-1,6.666666666667E-1,8.333333333333E-1,1.E0),
.UNSPECIFIED.);
#2603=CIRCLE('',#2602,4.999999999094E-1);
#2614=B_SPLINE_CURVE_WITH_KNOTS('',3,(#2604,#2605,#2606,#2607,#2608,#2609,#2610,
#2611,#2612,#2613),.UNSPECIFIED.,.F.,.F.,(4,1,1,1,1,1,1,4),(0.E0,
1.428571428571E-1,2.857142857143E-1,4.285714285714E-1,5.714285714286E-1,
7.142857142857E-1,8.571428571429E-1,1.E0),.UNSPECIFIED.);
#2619=CIRCLE('',#2618,5.E-1);
#2624=CIRCLE('',#2623,5.E-1);
#2640=B_SPLINE_CURVE_WITH_KNOTS('',3,(#2633,#2634,#2635,#2636,#2637,#2638,
#2639),.UNSPECIFIED.,.F.,.F.,(4,1,1,1,4),(0.E0,2.5E-1,5.E-1,7.5E-1,1.E0),
.UNSPECIFIED.);
#2648=B_SPLINE_CURVE_WITH_KNOTS('',3,(#2641,#2642,#2643,#2644,#2645,#2646,
#2647),.UNSPECIFIED.,.F.,.F.,(4,1,1,1,4),(0.E0,2.5E-1,5.E-1,7.5E-1,1.E0),
.UNSPECIFIED.);
#2665=CIRCLE('',#2664,5.E-1);
#2678=CIRCLE('',#2677,5.E-1);
#2683=CIRCLE('',#2682,5.E-1);
#2694=B_SPLINE_CURVE_WITH_KNOTS('',3,(#2684,#2685,#2686,#2687,#2688,#2689,#2690,
#2691,#2692,#2693),.UNSPECIFIED.,.F.,.F.,(4,1,1,1,1,1,1,4),(0.E0,
1.428571428571E-1,2.857142857143E-1,4.285714285714E-1,5.714285714286E-1,
7.142857142857E-1,8.571428571429E-1,1.E0),.UNSPECIFIED.);
#2699=CIRCLE('',#2698,1.E0);
#2704=CIRCLE('',#2703,5.E-1);
#2714=B_SPLINE_CURVE_WITH_KNOTS('',3,(#2705,#2706,#2707,#2708,#2709,#2710,#2711,
#2712,#2713),.UNSPECIFIED.,.F.,.F.,(4,1,1,1,1,1,4),(0.E0,1.666666666667E-1,
3.333333333333E-1,5.E-1,6.666666666667E-1,8.333333333333E-1,1.E0),
.UNSPECIFIED.);
#2719=CIRCLE('',#2718,4.999999999615E-1);
#2728=CIRCLE('',#2727,5.E-1);
#2748=B_SPLINE_CURVE_WITH_KNOTS('',3,(#2741,#2742,#2743,#2744,#2745,#2746,
#2747),.UNSPECIFIED.,.F.,.F.,(4,1,1,1,4),(0.E0,2.5E-1,5.E-1,7.5E-1,1.E0),
.UNSPECIFIED.);
#2753=CIRCLE('',#2752,5.E-1);
#2758=CIRCLE('',#2757,5.E-1);
#2765=B_SPLINE_CURVE_WITH_KNOTS('',3,(#2759,#2760,#2761,#2762,#2763,#2764),
.UNSPECIFIED.,.F.,.F.,(4,1,1,4),(0.E0,3.333333333333E-1,6.666666666667E-1,1.E0),
.UNSPECIFIED.);
#2777=B_SPLINE_CURVE_WITH_KNOTS('',3,(#2766,#2767,#2768,#2769,#2770,#2771,#2772,
#2773,#2774,#2775,#2776),.UNSPECIFIED.,.F.,.F.,(4,1,1,1,1,1,1,1,4),(0.E0,
1.25E-1,2.5E-1,3.75E-1,5.E-1,6.25E-1,7.5E-1,8.75E-1,1.E0),.UNSPECIFIED.);
#2782=CIRCLE('',#2781,4.999999999969E-1);
#2795=B_SPLINE_CURVE_WITH_KNOTS('',3,(#2783,#2784,#2785,#2786,#2787,#2788,#2789,
#2790,#2791,#2792,#2793,#2794),.UNSPECIFIED.,.F.,.F.,(4,1,1,1,1,1,1,1,1,4),
(0.E0,1.111111111111E-1,2.222222222222E-1,3.333333333333E-1,4.444444444444E-1,
5.555555555556E-1,6.666666666667E-1,7.777777777778E-1,8.888888888889E-1,1.E0),
.UNSPECIFIED.);
#2800=CIRCLE('',#2799,4.999999999997E-1);
#2805=CIRCLE('',#2804,1.E0);
#2810=CIRCLE('',#2809,5.E-1);
#2823=CIRCLE('',#2822,1.E0);
#2828=CIRCLE('',#2827,5.E-1);
#3037=CIRCLE('',#3036,3.E-1);
#3046=CIRCLE('',#3045,6.E-1);
#3051=CIRCLE('',#3050,5.E-1);
#3060=CIRCLE('',#3059,5.E-1);
#3065=CIRCLE('',#3064,5.E-1);
#3070=CIRCLE('',#3069,6.E-1);
#3075=CIRCLE('',#3074,5.E-1);
#3084=CIRCLE('',#3083,6.E-1);
#3089=CIRCLE('',#3088,5.E-1);
#3094=CIRCLE('',#3093,6.E-1);
#3099=CIRCLE('',#3098,5.E-1);
#3905=EDGE_CURVE('',#3823,#3367,#49,.T.);
#3907=EDGE_CURVE('',#3367,#3678,#21,.T.);
#3909=EDGE_CURVE('',#3678,#3679,#25,.T.);
#3911=EDGE_CURVE('',#3679,#3341,#29,.T.);
#3913=EDGE_CURVE('',#3341,#3822,#185,.T.);
#3915=EDGE_CURVE('',#3822,#3823,#33,.T.);
#3932=EDGE_CURVE('',#3833,#3823,#37,.T.);
#3934=EDGE_CURVE('',#3369,#3833,#41,.T.);
#3936=EDGE_CURVE('',#3367,#3369,#45,.T.);
#3955=EDGE_CURVE('',#3803,#3823,#53,.T.);
#3957=EDGE_CURVE('',#3843,#3803,#57,.T.);
#3959=EDGE_CURVE('',#3842,#3843,#635,.T.);
#3961=EDGE_CURVE('',#3799,#3842,#61,.T.);
#3963=EDGE_CURVE('',#3827,#3799,#65,.T.);
#3965=EDGE_CURVE('',#3827,#3835,#571,.T.);
#3967=EDGE_CURVE('',#3793,#3835,#69,.T.);
#3969=EDGE_CURVE('',#3791,#3793,#73,.T.);
#3971=EDGE_CURVE('',#3790,#3791,#77,.T.);
#3973=EDGE_CURVE('',#3819,#3790,#81,.T.);
#3975=EDGE_CURVE('',#3817,#3819,#86,.T.);
#3977=EDGE_CURVE('',#3811,#3817,#90,.T.);
#3979=EDGE_CURVE('',#3809,#3811,#95,.T.);
#3981=EDGE_CURVE('',#3779,#3809,#99,.T.);
#3983=EDGE_CURVE('',#3778,#3779,#103,.T.);
#3985=EDGE_CURVE('',#3795,#3778,#107,.T.);
#3987=EDGE_CURVE('',#3833,#3795,#111,.T.);
#4005=EDGE_CURVE('',#3802,#3822,#177,.T.);
#4007=EDGE_CURVE('',#3802,#3803,#115,.T.);
#4025=EDGE_CURVE('',#3829,#3822,#181,.T.);
#4027=EDGE_CURVE('',#3829,#3787,#119,.T.);
#4029=EDGE_CURVE('',#3787,#3774,#123,.T.);
#4031=EDGE_CURVE('',#3774,#3775,#127,.T.);
#4033=EDGE_CURVE('',#3775,#3807,#131,.T.);
#4035=EDGE_CURVE('',#3806,#3807,#136,.T.);
#4037=EDGE_CURVE('',#3806,#3815,#140,.T.);
#4039=EDGE_CURVE('',#3814,#3815,#145,.T.);
#4041=EDGE_CURVE('',#3814,#3782,#149,.T.);
#4043=EDGE_CURVE('',#3782,#3783,#153,.T.);
#4045=EDGE_CURVE('',#3783,#3785,#157,.T.);
#4047=EDGE_CURVE('',#3785,#3831,#161,.T.);
#4049=EDGE_CURVE('',#3826,#3831,#603,.T.);
#4051=EDGE_CURVE('',#3826,#3798,#165,.T.);
#4053=EDGE_CURVE('',#3798,#3838,#169,.T.);
#4055=EDGE_CURVE('',#3838,#3839,#627,.T.);
#4057=EDGE_CURVE('',#3839,#3802,#173,.T.);
#4077=EDGE_CURVE('',#3339,#3341,#189,.T.);
#4079=EDGE_CURVE('',#3829,#3339,#193,.T.);
#4096=EDGE_CURVE('',#3338,#3339,#197,.T.);
#4099=EDGE_CURVE('',#3341,#3343,#623,.T.);
#4101=EDGE_CURVE('',#3343,#3345,#611,.T.);
#4103=EDGE_CURVE('',#3345,#3347,#386,.T.);
#4105=EDGE_CURVE('',#3385,#3347,#378,.T.);
#4107=EDGE_CURVE('',#3385,#3387,#354,.T.);
#4109=EDGE_CURVE('',#3387,#3338,#213,.T.);
#4127=EDGE_CURVE('',#3205,#3338,#209,.T.);
#4129=EDGE_CURVE('',#3204,#3205,#272,.T.);
#4131=EDGE_CURVE('',#3204,#3339,#201,.T.);
#4148=EDGE_CURVE('',#3501,#3499,#205,.T.);
#4150=EDGE_CURVE('',#3205,#3499,#276,.T.);
#4154=EDGE_CURVE('',#3387,#3106,#366,.T.);
#4156=EDGE_CURVE('',#3115,#3106,#350,.T.);
#4158=EDGE_CURVE('',#3115,#3501,#329,.T.);
#4175=EDGE_CURVE('',#3498,#3499,#218,.T.);
#4178=EDGE_CURVE('',#3501,#3503,#325,.T.);
#4180=EDGE_CURVE('',#3503,#3498,#316,.T.);
#4198=EDGE_CURVE('',#3498,#3515,#222,.T.);
#4200=EDGE_CURVE('',#3514,#3515,#227,.T.);
#4202=EDGE_CURVE('',#3514,#3200,#231,.T.);
#4204=EDGE_CURVE('',#3200,#3201,#235,.T.);
#4206=EDGE_CURVE('',#3201,#3211,#239,.T.);
#4208=EDGE_CURVE('',#3211,#3102,#243,.T.);
#4210=EDGE_CURVE('',#3102,#3103,#247,.T.);
#4212=EDGE_CURVE('',#3103,#3507,#251,.T.);
#4214=EDGE_CURVE('',#3506,#3507,#256,.T.);
#4216=EDGE_CURVE('',#3506,#3208,#260,.T.);
#4218=EDGE_CURVE('',#3208,#3209,#264,.T.);
#4220=EDGE_CURVE('',#3209,#3204,#268,.T.);
#4226=EDGE_CURVE('',#3214,#3215,#280,.T.);
#4228=EDGE_CURVE('',#3226,#3214,#285,.T.);
#4230=EDGE_CURVE('',#3226,#3227,#289,.T.);
#4232=EDGE_CURVE('',#3223,#3227,#294,.T.);
#4234=EDGE_CURVE('',#3222,#3223,#298,.T.);
#4236=EDGE_CURVE('',#3218,#3222,#303,.T.);
#4238=EDGE_CURVE('',#3218,#3219,#307,.T.);
#4240=EDGE_CURVE('',#3215,#3219,#312,.T.);
#4258=EDGE_CURVE('',#3503,#3517,#346,.T.);
#4260=EDGE_CURVE('',#3517,#3515,#320,.T.);
#4280=EDGE_CURVE('',#3114,#3115,#333,.T.);
#4282=EDGE_CURVE('',#3519,#3114,#337,.T.);
#4284=EDGE_CURVE('',#3517,#3519,#342,.T.);
#4304=EDGE_CURVE('',#3106,#3107,#362,.T.);
#4306=EDGE_CURVE('',#3114,#3107,#374,.T.);
#4324=EDGE_CURVE('',#3107,#3385,#358,.T.);
#4343=EDGE_CURVE('',#3519,#3514,#370,.T.);
#4349=EDGE_CURVE('',#3347,#3200,#382,.T.);
#4387=EDGE_CURVE('',#3201,#3345,#390,.T.);
#4406=EDGE_CURVE('',#3831,#3835,#394,.T.);
#4408=EDGE_CURVE('',#3835,#3363,#583,.T.);
#4410=EDGE_CURVE('',#3211,#3363,#454,.T.);
#4414=EDGE_CURVE('',#3345,#3831,#607,.T.);
#4433=EDGE_CURVE('',#3785,#3793,#398,.T.);
#4452=EDGE_CURVE('',#3783,#3791,#402,.T.);
#4472=EDGE_CURVE('',#3782,#3790,#406,.T.);
#4491=EDGE_CURVE('',#3819,#3814,#410,.T.);
#4512=EDGE_CURVE('',#3817,#3815,#418,.T.);
#4531=EDGE_CURVE('',#3811,#3806,#414,.T.);
#4552=EDGE_CURVE('',#3809,#3807,#422,.T.);
#4573=EDGE_CURVE('',#3775,#3779,#426,.T.);
#4592=EDGE_CURVE('',#3774,#3778,#430,.T.);
#4612=EDGE_CURVE('',#3787,#3795,#434,.T.);
#4631=EDGE_CURVE('',#3829,#3833,#438,.T.);
#4655=EDGE_CURVE('',#3209,#3369,#446,.T.);
#4673=EDGE_CURVE('',#3369,#3371,#442,.T.);
#4677=EDGE_CURVE('',#3371,#3208,#507,.T.);
#4694=EDGE_CURVE('',#3362,#3363,#450,.T.);
#4696=EDGE_CURVE('',#3363,#3365,#579,.T.);
#4698=EDGE_CURVE('',#3365,#3367,#647,.T.);
#4702=EDGE_CURVE('',#3389,#3371,#503,.T.);
#4704=EDGE_CURVE('',#3391,#3389,#471,.T.);
#4706=EDGE_CURVE('',#3391,#3362,#458,.T.);
#4724=EDGE_CURVE('',#3102,#3362,#467,.T.);
#4744=EDGE_CURVE('',#3391,#3335,#491,.T.);
#4746=EDGE_CURVE('',#3333,#3335,#463,.T.);
#4748=EDGE_CURVE('',#3103,#3333,#515,.T.);
#4768=EDGE_CURVE('',#3111,#3389,#475,.T.);
#4770=EDGE_CURVE('',#3110,#3111,#479,.T.);
#4772=EDGE_CURVE('',#3330,#3110,#483,.T.);
#4774=EDGE_CURVE('',#3335,#3330,#487,.T.);
#4792=EDGE_CURVE('',#3511,#3506,#495,.T.);
#4794=EDGE_CURVE('',#3511,#3117,#567,.T.);
#4796=EDGE_CURVE('',#3117,#3111,#499,.T.);
#4818=EDGE_CURVE('',#3509,#3507,#511,.T.);
#4820=EDGE_CURVE('',#3509,#3511,#551,.T.);
#4841=EDGE_CURVE('',#3333,#3331,#519,.T.);
#4843=EDGE_CURVE('',#3327,#3331,#532,.T.);
#4845=EDGE_CURVE('',#3325,#3327,#546,.T.);
#4847=EDGE_CURVE('',#3325,#3509,#555,.T.);
#4864=EDGE_CURVE('',#3330,#3331,#524,.T.);
#4886=EDGE_CURVE('',#3322,#3110,#541,.T.);
#4888=EDGE_CURVE('',#3327,#3322,#528,.T.);
#4906=EDGE_CURVE('',#3322,#3323,#537,.T.);
#4911=EDGE_CURVE('',#3117,#3323,#563,.T.);
#4929=EDGE_CURVE('',#3325,#3323,#559,.T.);
#4969=EDGE_CURVE('',#3365,#3827,#575,.T.);
#4988=EDGE_CURVE('',#3826,#3343,#615,.T.);
#4990=EDGE_CURVE('',#3343,#3683,#587,.T.);
#4992=EDGE_CURVE('',#3683,#3687,#591,.T.);
#4994=EDGE_CURVE('',#3687,#3365,#595,.T.);
#4997=EDGE_CURVE('',#3826,#3827,#599,.T.);
#5033=EDGE_CURVE('',#3683,#3679,#619,.T.);
#5054=EDGE_CURVE('',#3687,#3678,#643,.T.);
#5061=EDGE_CURVE('',#3838,#3842,#631,.T.);
#5064=EDGE_CURVE('',#3839,#3843,#639,.T.);
#5102=EDGE_CURVE('',#3798,#3799,#651,.T.);
#5158=EDGE_CURVE('',#3726,#3727,#655,.T.);
#5160=EDGE_CURVE('',#3726,#3214,#660,.T.);
#5163=EDGE_CURVE('',#3215,#3727,#665,.T.);
#5180=EDGE_CURVE('',#3618,#3619,#670,.T.);
#5182=EDGE_CURVE('',#3645,#3618,#674,.T.);
#5184=EDGE_CURVE('',#3641,#3645,#679,.T.);
#5186=EDGE_CURVE('',#3637,#3641,#683,.T.);
#5188=EDGE_CURVE('',#3633,#3637,#688,.T.);
#5190=EDGE_CURVE('',#3629,#3633,#692,.T.);
#5192=EDGE_CURVE('',#3625,#3629,#697,.T.);
#5194=EDGE_CURVE('',#3619,#3625,#701,.T.);
#5198=EDGE_CURVE('',#3714,#3715,#3041,.T.);
#5200=EDGE_CURVE('',#3714,#3726,#3094,.T.);
#5203=EDGE_CURVE('',#3727,#3723,#3084,.T.);
#5205=EDGE_CURVE('',#3722,#3723,#3079,.T.);
#5207=EDGE_CURVE('',#3722,#3718,#3070,.T.);
#5209=EDGE_CURVE('',#3718,#3719,#3055,.T.);
#5211=EDGE_CURVE('',#3719,#3715,#3046,.T.);
#5229=EDGE_CURVE('',#3619,#3623,#711,.T.);
#5231=EDGE_CURVE('',#3622,#3623,#762,.T.);
#5233=EDGE_CURVE('',#3618,#3622,#706,.T.);
#5251=EDGE_CURVE('',#3625,#3627,#716,.T.);
#5253=EDGE_CURVE('',#3623,#3627,#771,.T.);
#5272=EDGE_CURVE('',#3629,#3631,#721,.T.);
#5274=EDGE_CURVE('',#3627,#3631,#788,.T.);
#5293=EDGE_CURVE('',#3633,#3635,#726,.T.);
#5295=EDGE_CURVE('',#3631,#3635,#797,.T.);
#5314=EDGE_CURVE('',#3637,#3639,#731,.T.);
#5316=EDGE_CURVE('',#3635,#3639,#814,.T.);
#5335=EDGE_CURVE('',#3641,#3643,#736,.T.);
#5337=EDGE_CURVE('',#3639,#3643,#823,.T.);
#5356=EDGE_CURVE('',#3645,#3647,#741,.T.);
#5358=EDGE_CURVE('',#3643,#3647,#840,.T.);
#5378=EDGE_CURVE('',#3647,#3622,#745,.T.);
#5397=EDGE_CURVE('',#3622,#3663,#749,.T.);
#5399=EDGE_CURVE('',#3663,#3650,#753,.T.);
#5401=EDGE_CURVE('',#3647,#3650,#757,.T.);
#5419=EDGE_CURVE('',#3623,#3661,#783,.T.);
#5421=EDGE_CURVE('',#3661,#3663,#767,.T.);
#5440=EDGE_CURVE('',#3627,#3659,#775,.T.);
#5442=EDGE_CURVE('',#3659,#3661,#779,.T.);
#5461=EDGE_CURVE('',#3631,#3657,#809,.T.);
#5463=EDGE_CURVE('',#3657,#3659,#793,.T.);
#5482=EDGE_CURVE('',#3635,#3655,#801,.T.);
#5484=EDGE_CURVE('',#3655,#3657,#805,.T.);
#5503=EDGE_CURVE('',#3639,#3653,#835,.T.);
#5505=EDGE_CURVE('',#3653,#3655,#819,.T.);
#5524=EDGE_CURVE('',#3643,#3651,#827,.T.);
#5526=EDGE_CURVE('',#3651,#3653,#831,.T.);
#5546=EDGE_CURVE('',#3650,#3651,#845,.T.);
#5564=EDGE_CURVE('',#3711,#3709,#864,.T.);
#5566=EDGE_CURVE('',#3709,#3651,#3037,.T.);
#5569=EDGE_CURVE('',#3667,#3650,#850,.T.);
#5571=EDGE_CURVE('',#3667,#3711,#1831,.T.);
#5588=EDGE_CURVE('',#3706,#3707,#855,.T.);
#5590=EDGE_CURVE('',#3709,#3706,#859,.T.);
#5593=EDGE_CURVE('',#3250,#3711,#868,.T.);
#5595=EDGE_CURVE('',#3250,#3258,#872,.T.);
#5597=EDGE_CURVE('',#3256,#3258,#877,.T.);
#5599=EDGE_CURVE('',#3136,#3256,#881,.T.);
#5601=EDGE_CURVE('',#3136,#3137,#885,.T.);
#5603=EDGE_CURVE('',#3137,#3140,#889,.T.);
#5605=EDGE_CURVE('',#3140,#3141,#893,.T.);
#5607=EDGE_CURVE('',#3141,#3231,#897,.T.);
#5609=EDGE_CURVE('',#3230,#3231,#902,.T.);
#5611=EDGE_CURVE('',#3230,#3290,#906,.T.);
#5613=EDGE_CURVE('',#3707,#3290,#910,.T.);
#5631=EDGE_CURVE('',#3707,#3671,#924,.T.);
#5633=EDGE_CURVE('',#3671,#3655,#1949,.T.);
#5636=EDGE_CURVE('',#3706,#3653,#915,.T.);
#5653=EDGE_CURVE('',#3751,#3707,#928,.T.);
#5655=EDGE_CURVE('',#3753,#3751,#2043,.T.);
#5657=EDGE_CURVE('',#3754,#3753,#2033,.T.);
#5659=EDGE_CURVE('',#3755,#3754,#2015,.T.);
#5661=EDGE_CURVE('',#3757,#3755,#1998,.T.);
#5663=EDGE_CURVE('',#3758,#3757,#1989,.T.);
#5665=EDGE_CURVE('',#3760,#3758,#1974,.T.);
#5667=EDGE_CURVE('',#3702,#3760,#1969,.T.);
#5669=EDGE_CURVE('',#3671,#3702,#919,.T.);
#5689=EDGE_CURVE('',#3290,#3291,#949,.T.);
#5691=EDGE_CURVE('',#3293,#3291,#2077,.T.);
#5693=EDGE_CURVE('',#3751,#3293,#933,.T.);
#5710=EDGE_CURVE('',#3235,#3230,#937,.T.);
#5712=EDGE_CURVE('',#3235,#3180,#1141,.T.);
#5714=EDGE_CURVE('',#3291,#3180,#941,.T.);
#5734=EDGE_CURVE('',#3233,#3231,#953,.T.);
#5736=EDGE_CURVE('',#3233,#3235,#1146,.T.);
#5756=EDGE_CURVE('',#3153,#3141,#961,.T.);
#5758=EDGE_CURVE('',#3153,#3233,#1150,.T.);
#5775=EDGE_CURVE('',#3473,#3471,#957,.T.);
#5777=EDGE_CURVE('',#3471,#3402,#987,.T.);
#5779=EDGE_CURVE('',#3418,#3402,#1080,.T.);
#5781=EDGE_CURVE('',#3418,#3153,#1154,.T.);
#5784=EDGE_CURVE('',#3149,#3141,#1032,.T.);
#5786=EDGE_CURVE('',#3473,#3149,#1008,.T.);
#5803=EDGE_CURVE('',#3470,#3471,#966,.T.);
#5806=EDGE_CURVE('',#3473,#3475,#1004,.T.);
#5808=EDGE_CURVE('',#3475,#3470,#991,.T.);
#5826=EDGE_CURVE('',#3485,#3470,#970,.T.);
#5828=EDGE_CURVE('',#3484,#3485,#975,.T.);
#5830=EDGE_CURVE('',#3403,#3484,#979,.T.);
#5832=EDGE_CURVE('',#3402,#3403,#983,.T.);
#5851=EDGE_CURVE('',#3476,#3475,#1028,.T.);
#5853=EDGE_CURVE('',#3481,#3476,#995,.T.);
#5855=EDGE_CURVE('',#3485,#3481,#999,.T.);
#5875=EDGE_CURVE('',#3359,#3149,#1012,.T.);
#5877=EDGE_CURVE('',#3359,#3477,#1016,.T.);
#5879=EDGE_CURVE('',#3476,#3477,#1024,.T.);
#5900=EDGE_CURVE('',#3140,#3359,#1036,.T.);
#5917=EDGE_CURVE('',#3357,#3359,#1040,.T.);
#5920=EDGE_CURVE('',#3140,#3357,#1390,.T.);
#5937=EDGE_CURVE('',#3479,#3477,#1044,.T.);
#5941=EDGE_CURVE('',#3355,#3357,#1394,.T.);
#5943=EDGE_CURVE('',#3353,#3355,#1478,.T.);
#5945=EDGE_CURVE('',#3351,#3353,#1458,.T.);
#5947=EDGE_CURVE('',#3350,#3351,#1301,.T.);
#5949=EDGE_CURVE('',#3486,#3350,#1281,.T.);
#5951=EDGE_CURVE('',#3486,#3491,#1048,.T.);
#5953=EDGE_CURVE('',#3491,#3422,#1052,.T.);
#5955=EDGE_CURVE('',#3419,#3422,#1088,.T.);
#5957=EDGE_CURVE('',#3479,#3419,#1056,.T.);
#5976=EDGE_CURVE('',#3479,#3481,#1068,.T.);
#5997=EDGE_CURVE('',#3484,#3479,#1072,.T.);
#6016=EDGE_CURVE('',#3419,#3403,#1076,.T.);
#6034=EDGE_CURVE('',#3418,#3419,#1084,.T.);
#6056=EDGE_CURVE('',#3422,#3423,#1092,.T.);
#6058=EDGE_CURVE('',#3423,#3157,#1096,.T.);
#6060=EDGE_CURVE('',#3270,#3157,#1100,.T.);
#6062=EDGE_CURVE('',#3269,#3270,#1105,.T.);
#6064=EDGE_CURVE('',#3197,#3269,#1109,.T.);
#6066=EDGE_CURVE('',#3196,#3197,#1113,.T.);
#6068=EDGE_CURVE('',#3193,#3196,#2269,.T.);
#6070=EDGE_CURVE('',#3192,#3193,#1117,.T.);
#6072=EDGE_CURVE('',#3189,#3192,#2184,.T.);
#6074=EDGE_CURVE('',#3125,#3189,#1121,.T.);
#6076=EDGE_CURVE('',#3124,#3125,#1125,.T.);
#6078=EDGE_CURVE('',#3187,#3124,#1129,.T.);
#6080=EDGE_CURVE('',#3185,#3187,#2109,.T.);
#6082=EDGE_CURVE('',#3184,#3185,#1133,.T.);
#6084=EDGE_CURVE('',#3181,#3184,#2058,.T.);
#6086=EDGE_CURVE('',#3180,#3181,#1137,.T.);
#6094=EDGE_CURVE('',#3594,#3595,#1158,.T.);
#6096=EDGE_CURVE('',#3599,#3594,#1162,.T.);
#6098=EDGE_CURVE('',#3597,#3599,#1166,.T.);
#6100=EDGE_CURVE('',#3595,#3597,#1170,.T.);
#6104=EDGE_CURVE('',#3602,#3603,#1174,.T.);
#6106=EDGE_CURVE('',#3607,#3602,#1178,.T.);
#6108=EDGE_CURVE('',#3605,#3607,#1182,.T.);
#6110=EDGE_CURVE('',#3603,#3605,#1186,.T.);
#6114=EDGE_CURVE('',#3610,#3611,#1190,.T.);
#6116=EDGE_CURVE('',#3615,#3610,#1194,.T.);
#6118=EDGE_CURVE('',#3613,#3615,#1198,.T.);
#6120=EDGE_CURVE('',#3611,#3613,#1202,.T.);
#6138=EDGE_CURVE('',#3422,#3406,#1206,.T.);
#6140=EDGE_CURVE('',#3406,#3407,#1223,.T.);
#6142=EDGE_CURVE('',#3423,#3407,#2353,.T.);
#6159=EDGE_CURVE('',#3495,#3491,#1210,.T.);
#6161=EDGE_CURVE('',#3495,#3406,#1227,.T.);
#6180=EDGE_CURVE('',#3494,#3495,#1232,.T.);
#6183=EDGE_CURVE('',#3491,#3489,#1260,.T.);
#6185=EDGE_CURVE('',#3494,#3489,#1244,.T.);
#6202=EDGE_CURVE('',#3462,#3463,#1215,.T.);
#6204=EDGE_CURVE('',#3407,#3462,#1219,.T.);
#6209=EDGE_CURVE('',#3463,#3494,#1236,.T.);
#6227=EDGE_CURVE('',#3465,#3463,#1240,.T.);
#6229=EDGE_CURVE('',#3465,#3467,#1265,.T.);
#6231=EDGE_CURVE('',#3467,#3462,#2345,.T.);
#6251=EDGE_CURVE('',#3487,#3489,#1248,.T.);
#6253=EDGE_CURVE('',#3465,#3487,#1269,.T.);
#6270=EDGE_CURVE('',#3486,#3487,#1277,.T.);
#6294=EDGE_CURVE('',#3145,#3350,#1285,.T.);
#6296=EDGE_CURVE('',#3467,#3145,#1289,.T.);
#6314=EDGE_CURVE('',#3350,#3133,#1293,.T.);
#6316=EDGE_CURVE('',#3132,#3133,#1909,.T.);
#6318=EDGE_CURVE('',#3132,#3145,#1297,.T.);
#6336=EDGE_CURVE('',#3133,#3351,#1309,.T.);
#6354=EDGE_CURVE('',#3128,#3381,#1305,.T.);
#6356=EDGE_CURVE('',#3133,#3128,#1913,.T.);
#6359=EDGE_CURVE('',#3351,#3381,#1470,.T.);
#6376=EDGE_CURVE('',#3381,#3383,#1313,.T.);
#6378=EDGE_CURVE('',#3128,#3383,#2361,.T.);
#6396=EDGE_CURVE('',#3432,#3429,#1317,.T.);
#6398=EDGE_CURVE('',#3429,#3410,#1321,.T.);
#6400=EDGE_CURVE('',#3410,#3415,#1754,.T.);
#6402=EDGE_CURVE('',#3445,#3415,#1325,.T.);
#6404=EDGE_CURVE('',#3445,#3443,#1329,.T.);
#6406=EDGE_CURVE('',#3383,#3443,#2390,.T.);
#6409=EDGE_CURVE('',#3379,#3381,#1466,.T.);
#6411=EDGE_CURVE('',#3377,#3379,#1454,.T.);
#6413=EDGE_CURVE('',#3375,#3377,#1402,.T.);
#6415=EDGE_CURVE('',#3374,#3375,#1382,.T.);
#6417=EDGE_CURVE('',#3432,#3374,#1353,.T.);
#6434=EDGE_CURVE('',#3432,#3433,#1349,.T.);
#6436=EDGE_CURVE('',#3433,#3431,#2932,.T.);
#6438=EDGE_CURVE('',#3429,#3431,#1341,.T.);
#6458=EDGE_CURVE('',#3147,#3374,#1357,.T.);
#6460=EDGE_CURVE('',#3441,#3147,#1361,.T.);
#6462=EDGE_CURVE('',#3439,#3441,#1366,.T.);
#6464=EDGE_CURVE('',#3439,#3433,#1370,.T.);
#6482=EDGE_CURVE('',#3374,#3137,#1374,.T.);
#6485=EDGE_CURVE('',#3136,#3147,#1378,.T.);
#6503=EDGE_CURVE('',#3137,#3375,#1386,.T.);
#6522=EDGE_CURVE('',#3375,#3357,#1398,.T.);
#6544=EDGE_CURVE('',#3355,#3377,#1406,.T.);
#6561=EDGE_CURVE('',#3681,#3685,#1410,.T.);
#6563=EDGE_CURVE('',#3681,#3355,#1414,.T.);
#6566=EDGE_CURVE('',#3377,#3685,#1418,.T.);
#6583=EDGE_CURVE('',#3674,#3675,#1438,.T.);
#6585=EDGE_CURVE('',#3681,#3675,#1474,.T.);
#6588=EDGE_CURVE('',#3685,#3674,#1450,.T.);
#6592=EDGE_CURVE('',#3894,#3895,#1422,.T.);
#6594=EDGE_CURVE('',#3895,#3899,#1426,.T.);
#6596=EDGE_CURVE('',#3898,#3899,#1430,.T.);
#6598=EDGE_CURVE('',#3894,#3898,#1434,.T.);
#6616=EDGE_CURVE('',#3674,#3379,#1442,.T.);
#6618=EDGE_CURVE('',#3379,#3353,#1462,.T.);
#6620=EDGE_CURVE('',#3353,#3675,#1446,.T.);
#6695=EDGE_CURVE('',#3894,#3862,#1482,.T.);
#6697=EDGE_CURVE('',#3862,#3863,#1486,.T.);
#6699=EDGE_CURVE('',#3863,#3846,#1490,.T.);
#6701=EDGE_CURVE('',#3846,#3847,#1494,.T.);
#6703=EDGE_CURVE('',#3847,#3879,#1498,.T.);
#6705=EDGE_CURVE('',#3878,#3879,#1503,.T.);
#6707=EDGE_CURVE('',#3878,#3887,#1507,.T.);
#6709=EDGE_CURVE('',#3886,#3887,#1512,.T.);
#6711=EDGE_CURVE('',#3886,#3854,#1516,.T.);
#6713=EDGE_CURVE('',#3854,#3855,#1520,.T.);
#6715=EDGE_CURVE('',#3855,#3857,#1524,.T.);
#6717=EDGE_CURVE('',#3857,#3859,#1528,.T.);
#6719=EDGE_CURVE('',#3859,#3895,#1532,.T.);
#6737=EDGE_CURVE('',#3898,#3874,#1586,.T.);
#6739=EDGE_CURVE('',#3862,#3874,#1634,.T.);
#6758=EDGE_CURVE('',#3871,#3899,#1536,.T.);
#6760=EDGE_CURVE('',#3869,#3871,#1540,.T.);
#6762=EDGE_CURVE('',#3867,#3869,#1544,.T.);
#6764=EDGE_CURVE('',#3866,#3867,#1548,.T.);
#6766=EDGE_CURVE('',#3891,#3866,#1552,.T.);
#6768=EDGE_CURVE('',#3889,#3891,#1557,.T.);
#6770=EDGE_CURVE('',#3883,#3889,#1561,.T.);
#6772=EDGE_CURVE('',#3881,#3883,#1566,.T.);
#6774=EDGE_CURVE('',#3851,#3881,#1570,.T.);
#6776=EDGE_CURVE('',#3850,#3851,#1574,.T.);
#6778=EDGE_CURVE('',#3875,#3850,#1578,.T.);
#6780=EDGE_CURVE('',#3874,#3875,#1582,.T.);
#6800=EDGE_CURVE('',#3859,#3871,#1590,.T.);
#6819=EDGE_CURVE('',#3857,#3869,#1594,.T.);
#6839=EDGE_CURVE('',#3855,#3867,#1598,.T.);
#6859=EDGE_CURVE('',#3854,#3866,#1602,.T.);
#6878=EDGE_CURVE('',#3891,#3886,#1606,.T.);
#6899=EDGE_CURVE('',#3889,#3887,#1614,.T.);
#6918=EDGE_CURVE('',#3883,#3878,#1610,.T.);
#6939=EDGE_CURVE('',#3881,#3879,#1618,.T.);
#6960=EDGE_CURVE('',#3847,#3851,#1622,.T.);
#6979=EDGE_CURVE('',#3846,#3850,#1626,.T.);
#6999=EDGE_CURVE('',#3863,#3875,#1630,.T.);
#7037=EDGE_CURVE('',#3441,#3436,#1638,.T.);
#7041=EDGE_CURVE('',#3136,#3151,#1642,.T.);
#7043=EDGE_CURVE('',#3411,#3151,#1688,.T.);
#7045=EDGE_CURVE('',#3411,#3395,#1646,.T.);
#7047=EDGE_CURVE('',#3395,#3436,#1664,.T.);
#7064=EDGE_CURVE('',#3436,#3437,#1660,.T.);
#7066=EDGE_CURVE('',#3439,#3437,#2936,.T.);
#7085=EDGE_CURVE('',#3426,#3427,#1651,.T.);
#7087=EDGE_CURVE('',#3437,#3426,#1655,.T.);
#7091=EDGE_CURVE('',#3394,#3395,#1668,.T.);
#7093=EDGE_CURVE('',#3427,#3394,#1672,.T.);
#7111=EDGE_CURVE('',#3427,#3429,#1676,.T.);
#7114=EDGE_CURVE('',#3426,#3431,#2928,.T.);
#7133=EDGE_CURVE('',#3410,#3394,#1680,.T.);
#7151=EDGE_CURVE('',#3410,#3411,#1684,.T.);
#7173=EDGE_CURVE('',#3151,#3254,#1692,.T.);
#7175=EDGE_CURVE('',#3253,#3254,#1697,.T.);
#7177=EDGE_CURVE('',#3160,#3253,#1701,.T.);
#7179=EDGE_CURVE('',#3160,#3161,#1705,.T.);
#7181=EDGE_CURVE('',#3164,#3161,#2753,.T.);
#7183=EDGE_CURVE('',#3164,#3165,#1709,.T.);
#7185=EDGE_CURVE('',#3167,#3165,#2683,.T.);
#7187=EDGE_CURVE('',#3167,#3121,#1713,.T.);
#7189=EDGE_CURVE('',#3120,#3121,#1717,.T.);
#7191=EDGE_CURVE('',#3120,#3169,#1721,.T.);
#7193=EDGE_CURVE('',#3172,#3169,#2619,.T.);
#7195=EDGE_CURVE('',#3172,#3173,#1725,.T.);
#7197=EDGE_CURVE('',#3176,#3173,#2517,.T.);
#7199=EDGE_CURVE('',#3176,#3177,#1729,.T.);
#7201=EDGE_CURVE('',#3266,#3177,#1733,.T.);
#7203=EDGE_CURVE('',#3264,#3266,#1738,.T.);
#7205=EDGE_CURVE('',#3264,#3155,#1742,.T.);
#7207=EDGE_CURVE('',#3414,#3155,#1746,.T.);
#7209=EDGE_CURVE('',#3414,#3415,#1750,.T.);
#7214=EDGE_CURVE('',#3570,#3571,#1758,.T.);
#7216=EDGE_CURVE('',#3575,#3570,#1762,.T.);
#7218=EDGE_CURVE('',#3573,#3575,#1766,.T.);
#7220=EDGE_CURVE('',#3571,#3573,#1770,.T.);
#7224=EDGE_CURVE('',#3578,#3579,#1774,.T.);
#7226=EDGE_CURVE('',#3583,#3578,#1778,.T.);
#7228=EDGE_CURVE('',#3581,#3583,#1782,.T.);
#7230=EDGE_CURVE('',#3579,#3581,#1786,.T.);
#7234=EDGE_CURVE('',#3586,#3587,#1790,.T.);
#7236=EDGE_CURVE('',#3591,#3586,#1794,.T.);
#7238=EDGE_CURVE('',#3589,#3591,#1798,.T.);
#7240=EDGE_CURVE('',#3587,#3589,#1802,.T.);
#7257=EDGE_CURVE('',#3256,#3254,#1806,.T.);
#7280=EDGE_CURVE('',#3258,#3253,#1822,.T.);
#7297=EDGE_CURVE('',#3249,#3250,#1814,.T.);
#7299=EDGE_CURVE('',#3249,#3160,#1818,.T.);
#7319=EDGE_CURVE('',#3711,#3729,#1826,.T.);
#7321=EDGE_CURVE('',#3729,#3248,#2810,.T.);
#7323=EDGE_CURVE('',#3249,#3248,#2814,.T.);
#7344=EDGE_CURVE('',#3691,#3667,#1835,.T.);
#7346=EDGE_CURVE('',#3738,#3691,#2660,.T.);
#7348=EDGE_CURVE('',#3738,#3736,#2699,.T.);
#7350=EDGE_CURVE('',#3735,#3736,#2714,.T.);
#7352=EDGE_CURVE('',#3733,#3735,#2723,.T.);
#7354=EDGE_CURVE('',#3732,#3733,#2777,.T.);
#7356=EDGE_CURVE('',#3731,#3732,#2795,.T.);
#7358=EDGE_CURVE('',#3731,#3729,#2805,.T.);
#7375=EDGE_CURVE('',#3690,#3691,#1844,.T.);
#7380=EDGE_CURVE('',#3665,#3663,#1840,.T.);
#7382=EDGE_CURVE('',#3665,#3690,#1864,.T.);
#7400=EDGE_CURVE('',#3319,#3690,#1848,.T.);
#7402=EDGE_CURVE('',#3319,#3236,#1852,.T.);
#7404=EDGE_CURVE('',#3691,#3236,#1856,.T.);
#7421=EDGE_CURVE('',#3690,#3762,#1860,.T.);
#7423=EDGE_CURVE('',#3762,#3317,#2828,.T.);
#7425=EDGE_CURVE('',#3318,#3317,#2628,.T.);
#7427=EDGE_CURVE('',#3318,#3319,#2648,.T.);
#7447=EDGE_CURVE('',#3695,#3665,#1869,.T.);
#7449=EDGE_CURVE('',#3771,#3695,#2492,.T.);
#7451=EDGE_CURVE('',#3771,#3769,#2502,.T.);
#7453=EDGE_CURVE('',#3768,#3769,#2583,.T.);
#7455=EDGE_CURVE('',#3767,#3768,#2565,.T.);
#7457=EDGE_CURVE('',#3765,#3767,#2548,.T.);
#7459=EDGE_CURVE('',#3764,#3765,#2598,.T.);
#7461=EDGE_CURVE('',#3764,#3762,#2823,.T.);
#7478=EDGE_CURVE('',#3694,#3695,#1879,.T.);
#7483=EDGE_CURVE('',#3694,#3661,#1874,.T.);
#7501=EDGE_CURVE('',#3697,#3694,#1883,.T.);
#7503=EDGE_CURVE('',#3699,#3697,#1888,.T.);
#7505=EDGE_CURVE('',#3289,#3699,#1892,.T.);
#7507=EDGE_CURVE('',#3289,#3274,#1896,.T.);
#7509=EDGE_CURVE('',#3272,#3274,#1901,.T.);
#7511=EDGE_CURVE('',#3272,#3132,#1905,.T.);
#7515=EDGE_CURVE('',#3128,#3129,#1917,.T.);
#7517=EDGE_CURVE('',#3262,#3129,#1921,.T.);
#7519=EDGE_CURVE('',#3261,#3262,#1926,.T.);
#7521=EDGE_CURVE('',#3261,#3305,#1930,.T.);
#7523=EDGE_CURVE('',#3695,#3305,#1934,.T.);
#7543=EDGE_CURVE('',#3697,#3659,#1939,.T.);
#7563=EDGE_CURVE('',#3669,#3657,#1944,.T.);
#7565=EDGE_CURVE('',#3669,#3699,#2160,.T.);
#7582=EDGE_CURVE('',#3702,#3703,#1953,.T.);
#7584=EDGE_CURVE('',#3703,#3669,#2164,.T.);
#7606=EDGE_CURVE('',#3304,#3702,#1957,.T.);
#7608=EDGE_CURVE('',#3304,#3275,#1961,.T.);
#7610=EDGE_CURVE('',#3703,#3275,#1965,.T.);
#7628=EDGE_CURVE('',#3760,#3302,#1979,.T.);
#7630=EDGE_CURVE('',#3303,#3302,#2118,.T.);
#7632=EDGE_CURVE('',#3303,#3304,#2138,.T.);
#7651=EDGE_CURVE('',#3758,#3300,#1994,.T.);
#7653=EDGE_CURVE('',#3302,#3300,#2114,.T.);
#7708=EDGE_CURVE('',#3757,#3299,#2003,.T.);
#7710=EDGE_CURVE('',#3300,#3299,#2104,.T.);
#7729=EDGE_CURVE('',#3755,#3297,#2020,.T.);
#7731=EDGE_CURVE('',#3299,#3297,#2085,.T.);
#7782=EDGE_CURVE('',#3754,#3296,#2038,.T.);
#7784=EDGE_CURVE('',#3297,#3296,#2066,.T.);
#7831=EDGE_CURVE('',#3753,#3295,#2048,.T.);
#7833=EDGE_CURVE('',#3296,#3295,#2073,.T.);
#7853=EDGE_CURVE('',#3295,#3293,#2053,.T.);
#7872=EDGE_CURVE('',#3293,#3181,#2081,.T.);
#7875=EDGE_CURVE('',#3297,#3184,#2089,.T.);
#7916=EDGE_CURVE('',#3299,#3185,#2093,.T.);
#7936=EDGE_CURVE('',#3302,#3187,#2122,.T.);
#7957=EDGE_CURVE('',#3303,#3124,#2142,.T.);
#7974=EDGE_CURVE('',#3275,#3276,#2130,.T.);
#7980=EDGE_CURVE('',#3276,#3125,#2146,.T.);
#7997=EDGE_CURVE('',#3740,#3703,#2150,.T.);
#8001=EDGE_CURVE('',#3278,#3276,#2199,.T.);
#8003=EDGE_CURVE('',#3740,#3278,#2155,.T.);
#8021=EDGE_CURVE('',#3742,#3740,#2169,.T.);
#8023=EDGE_CURVE('',#3743,#3742,#2234,.T.);
#8025=EDGE_CURVE('',#3745,#3743,#2219,.T.);
#8027=EDGE_CURVE('',#3746,#3745,#2251,.T.);
#8029=EDGE_CURVE('',#3747,#3746,#2316,.T.);
#8031=EDGE_CURVE('',#3749,#3747,#2298,.T.);
#8033=EDGE_CURVE('',#3699,#3749,#2293,.T.);
#8054=EDGE_CURVE('',#3280,#3278,#2179,.T.);
#8056=EDGE_CURVE('',#3742,#3280,#2174,.T.);
#8074=EDGE_CURVE('',#3278,#3189,#2203,.T.);
#8077=EDGE_CURVE('',#3281,#3192,#2211,.T.);
#8079=EDGE_CURVE('',#3281,#3280,#2195,.T.);
#8115=EDGE_CURVE('',#3283,#3281,#2207,.T.);
#8119=EDGE_CURVE('',#3283,#3193,#2215,.T.);
#8137=EDGE_CURVE('',#3743,#3281,#2239,.T.);
#8140=EDGE_CURVE('',#3745,#3283,#2224,.T.);
#8242=EDGE_CURVE('',#3284,#3283,#2264,.T.);
#8244=EDGE_CURVE('',#3746,#3284,#2256,.T.);
#8264=EDGE_CURVE('',#3287,#3196,#2289,.T.);
#8266=EDGE_CURVE('',#3287,#3285,#2274,.T.);
#8268=EDGE_CURVE('',#3285,#3284,#2281,.T.);
#8285=EDGE_CURVE('',#3288,#3287,#2285,.T.);
#8289=EDGE_CURVE('',#3288,#3197,#2337,.T.);
#8307=EDGE_CURVE('',#3749,#3287,#2303,.T.);
#8310=EDGE_CURVE('',#3288,#3289,#2333,.T.);
#8329=EDGE_CURVE('',#3747,#3285,#2321,.T.);
#8403=EDGE_CURVE('',#3274,#3269,#2325,.T.);
#8425=EDGE_CURVE('',#3272,#3270,#2341,.T.);
#8446=EDGE_CURVE('',#3132,#3157,#2349,.T.);
#8486=EDGE_CURVE('',#3383,#3143,#2386,.T.);
#8488=EDGE_CURVE('',#3143,#3129,#2357,.T.);
#8507=EDGE_CURVE('',#3442,#3443,#2369,.T.);
#8509=EDGE_CURVE('',#3442,#3459,#2373,.T.);
#8511=EDGE_CURVE('',#3457,#3459,#2378,.T.);
#8513=EDGE_CURVE('',#3457,#3143,#2382,.T.);
#8534=EDGE_CURVE('',#3445,#3447,#2402,.T.);
#8536=EDGE_CURVE('',#3447,#3442,#2452,.T.);
#8553=EDGE_CURVE('',#3450,#3451,#2407,.T.);
#8555=EDGE_CURVE('',#3451,#3447,#2456,.T.);
#8558=EDGE_CURVE('',#3450,#3445,#2432,.T.);
#8576=EDGE_CURVE('',#3399,#3450,#2411,.T.);
#8578=EDGE_CURVE('',#3398,#3399,#2415,.T.);
#8580=EDGE_CURVE('',#3455,#3398,#2419,.T.);
#8582=EDGE_CURVE('',#3454,#3455,#2424,.T.);
#8584=EDGE_CURVE('',#3451,#3454,#2428,.T.);
#8603=EDGE_CURVE('',#3415,#3399,#2436,.T.);
#8622=EDGE_CURVE('',#3414,#3398,#2440,.T.);
#8641=EDGE_CURVE('',#3457,#3455,#2444,.T.);
#8646=EDGE_CURVE('',#3155,#3129,#2448,.T.);
#8668=EDGE_CURVE('',#3459,#3454,#2460,.T.);
#8705=EDGE_CURVE('',#3264,#3262,#2464,.T.);
#8728=EDGE_CURVE('',#3266,#3261,#2468,.T.);
#8747=EDGE_CURVE('',#3306,#3177,#2472,.T.);
#8749=EDGE_CURVE('',#3305,#3306,#2480,.T.);
#8767=EDGE_CURVE('',#3308,#3306,#2484,.T.);
#8771=EDGE_CURVE('',#3176,#3308,#2488,.T.);
#8792=EDGE_CURVE('',#3771,#3308,#2497,.T.);
#8811=EDGE_CURVE('',#3310,#3308,#2512,.T.);
#8813=EDGE_CURVE('',#3769,#3310,#2507,.T.);
#8833=EDGE_CURVE('',#3173,#3312,#2540,.T.);
#8835=EDGE_CURVE('',#3312,#3311,#2525,.T.);
#8837=EDGE_CURVE('',#3311,#3310,#2532,.T.);
#8854=EDGE_CURVE('',#3314,#3312,#2536,.T.);
#8858=EDGE_CURVE('',#3172,#3314,#2544,.T.);
#8876=EDGE_CURVE('',#3767,#3312,#2570,.T.);
#8879=EDGE_CURVE('',#3765,#3314,#2553,.T.);
#8929=EDGE_CURVE('',#3768,#3311,#2588,.T.);
#9033=EDGE_CURVE('',#3315,#3314,#2614,.T.);
#9035=EDGE_CURVE('',#3764,#3315,#2603,.T.);
#9055=EDGE_CURVE('',#3169,#3317,#2632,.T.);
#9057=EDGE_CURVE('',#3317,#3315,#2624,.T.);
#9077=EDGE_CURVE('',#3318,#3120,#2652,.T.);
#9094=EDGE_CURVE('',#3236,#3237,#2640,.T.);
#9100=EDGE_CURVE('',#3237,#3121,#2656,.T.);
#9120=EDGE_CURVE('',#3239,#3237,#2669,.T.);
#9122=EDGE_CURVE('',#3738,#3239,#2665,.T.);
#9142=EDGE_CURVE('',#3167,#3239,#2673,.T.);
#9159=EDGE_CURVE('',#3241,#3239,#2678,.T.);
#9163=EDGE_CURVE('',#3165,#3242,#2736,.T.);
#9165=EDGE_CURVE('',#3242,#3241,#2694,.T.);
#9185=EDGE_CURVE('',#3736,#3241,#2704,.T.);
#9241=EDGE_CURVE('',#3735,#3242,#2719,.T.);
#9260=EDGE_CURVE('',#3244,#3242,#2732,.T.);
#9262=EDGE_CURVE('',#3733,#3244,#2728,.T.);
#9282=EDGE_CURVE('',#3164,#3244,#2740,.T.);
#9299=EDGE_CURVE('',#3245,#3244,#2748,.T.);
#9303=EDGE_CURVE('',#3161,#3248,#2818,.T.);
#9305=EDGE_CURVE('',#3248,#3246,#2758,.T.);
#9307=EDGE_CURVE('',#3246,#3245,#2765,.T.);
#9359=EDGE_CURVE('',#3732,#3245,#2782,.T.);
#9415=EDGE_CURVE('',#3731,#3246,#2800,.T.);
#9490=EDGE_CURVE('',#3571,#3523,#2836,.T.);
#9492=EDGE_CURVE('',#3522,#3523,#2848,.T.);
#9494=EDGE_CURVE('',#3570,#3522,#2832,.T.);
#9512=EDGE_CURVE('',#3573,#3525,#2840,.T.);
#9514=EDGE_CURVE('',#3523,#3525,#2852,.T.);
#9533=EDGE_CURVE('',#3575,#3527,#2844,.T.);
#9535=EDGE_CURVE('',#3525,#3527,#2856,.T.);
#9555=EDGE_CURVE('',#3527,#3522,#2860,.T.);
#9593=EDGE_CURVE('',#3579,#3531,#2868,.T.);
#9595=EDGE_CURVE('',#3530,#3531,#2880,.T.);
#9597=EDGE_CURVE('',#3578,#3530,#2864,.T.);
#9615=EDGE_CURVE('',#3581,#3533,#2872,.T.);
#9617=EDGE_CURVE('',#3531,#3533,#2884,.T.);
#9636=EDGE_CURVE('',#3583,#3535,#2876,.T.);
#9638=EDGE_CURVE('',#3533,#3535,#2888,.T.);
#9658=EDGE_CURVE('',#3535,#3530,#2892,.T.);
#9696=EDGE_CURVE('',#3587,#3539,#2900,.T.);
#9698=EDGE_CURVE('',#3538,#3539,#2912,.T.);
#9700=EDGE_CURVE('',#3586,#3538,#2896,.T.);
#9718=EDGE_CURVE('',#3589,#3541,#2904,.T.);
#9720=EDGE_CURVE('',#3539,#3541,#2916,.T.);
#9739=EDGE_CURVE('',#3591,#3543,#2908,.T.);
#9741=EDGE_CURVE('',#3541,#3543,#2920,.T.);
#9761=EDGE_CURVE('',#3543,#3538,#2924,.T.);
#9819=EDGE_CURVE('',#3595,#3547,#2944,.T.);
#9821=EDGE_CURVE('',#3546,#3547,#2956,.T.);
#9823=EDGE_CURVE('',#3594,#3546,#2940,.T.);
#9841=EDGE_CURVE('',#3597,#3549,#2948,.T.);
#9843=EDGE_CURVE('',#3547,#3549,#2960,.T.);
#9862=EDGE_CURVE('',#3599,#3551,#2952,.T.);
#9864=EDGE_CURVE('',#3549,#3551,#2964,.T.);
#9884=EDGE_CURVE('',#3551,#3546,#2968,.T.);
#9922=EDGE_CURVE('',#3603,#3555,#2976,.T.);
#9924=EDGE_CURVE('',#3554,#3555,#2988,.T.);
#9926=EDGE_CURVE('',#3602,#3554,#2972,.T.);
#9944=EDGE_CURVE('',#3605,#3557,#2980,.T.);
#9946=EDGE_CURVE('',#3555,#3557,#2992,.T.);
#9965=EDGE_CURVE('',#3607,#3559,#2984,.T.);
#9967=EDGE_CURVE('',#3557,#3559,#2996,.T.);
#9987=EDGE_CURVE('',#3559,#3554,#3000,.T.);
#10025=EDGE_CURVE('',#3611,#3563,#3008,.T.);
#10027=EDGE_CURVE('',#3562,#3563,#3020,.T.);
#10029=EDGE_CURVE('',#3610,#3562,#3004,.T.);
#10047=EDGE_CURVE('',#3613,#3565,#3012,.T.);
#10049=EDGE_CURVE('',#3563,#3565,#3024,.T.);
#10068=EDGE_CURVE('',#3615,#3567,#3016,.T.);
#10070=EDGE_CURVE('',#3565,#3567,#3028,.T.);
#10090=EDGE_CURVE('',#3567,#3562,#3032,.T.);
#10147=EDGE_CURVE('',#3715,#3227,#3051,.T.);
#10150=EDGE_CURVE('',#3226,#3714,#3099,.T.);
#10168=EDGE_CURVE('',#3223,#3719,#3065,.T.);
#10188=EDGE_CURVE('',#3718,#3222,#3060,.T.);
#10208=EDGE_CURVE('',#3218,#3722,#3075,.T.);
#10228=EDGE_CURVE('',#3723,#3219,#3089,.T.);
#10282=(LENGTH_UNIT()NAMED_UNIT(*)SI_UNIT(.MILLI.,.METRE.));
#10284=(NAMED_UNIT(*)PLANE_ANGLE_UNIT()SI_UNIT($,.RADIAN.));
#10287=(NAMED_UNIT(*)SI_UNIT($,.STERADIAN.)SOLID_ANGLE_UNIT());
#10290=ADVANCED_BREP_SHAPE_REPRESENTATION('',(#10281),#10289);
#10298=PRODUCT_DEFINITION('design','',#10297,#10294);
#10299=PRODUCT_DEFINITION_SHAPE('','SHAPE FOR B78310P8078A002-T2988_SW0001.',
#10298);
#10300=SHAPE_ASPECT('',
'solid data associated with B78310P8078A002-T2988_SW0001',#10299,.F.);
#10301=PROPERTY_DEFINITION('',
'shape for solid data with which properties are associated',#10300);
#10302=SHAPE_REPRESENTATION('',(#10281),#10289);
#10303=SHAPE_DEFINITION_REPRESENTATION(#10301,#10302);
#10304=(LENGTH_UNIT()NAMED_UNIT(*)SI_UNIT(.MILLI.,.METRE.));
#10308=PROPERTY_DEFINITION('geometric validation property',
'area of B78310P8078A002-T2988_SW0001',#10300);
#10309=REPRESENTATION('surface area',(#10307),#10289);
#10310=PROPERTY_DEFINITION_REPRESENTATION(#10308,#10309);
#10311=(LENGTH_UNIT()NAMED_UNIT(*)SI_UNIT(.MILLI.,.METRE.));
#10315=PROPERTY_DEFINITION('geometric validation property',
'volume of B78310P8078A002-T2988_SW0001',#10300);
#10316=REPRESENTATION('volume',(#10314),#10289);
#10317=PROPERTY_DEFINITION_REPRESENTATION(#10315,#10316);
#10319=PROPERTY_DEFINITION('geometric validation property',
'centroid of B78310P8078A002-T2988_SW0001',#10300);
#10320=REPRESENTATION('centroid',(#10318),#10289);
#10321=PROPERTY_DEFINITION_REPRESENTATION(#10319,#10320);
#10322=(LENGTH_UNIT()NAMED_UNIT(*)SI_UNIT(.MILLI.,.METRE.));
#10326=PROPERTY_DEFINITION('geometric validation property',
'area of B78310P8078A002-T2988_SW0001',#10299);
#10327=REPRESENTATION('surface area',(#10325),#10289);
#10328=PROPERTY_DEFINITION_REPRESENTATION(#10326,#10327);
#10329=(LENGTH_UNIT()NAMED_UNIT(*)SI_UNIT(.MILLI.,.METRE.));
#10333=PROPERTY_DEFINITION('geometric validation property',
'volume of B78310P8078A002-T2988_SW0001',#10299);
#10334=REPRESENTATION('volume',(#10332),#10289);
#10335=PROPERTY_DEFINITION_REPRESENTATION(#10333,#10334);
#10337=PROPERTY_DEFINITION('geometric validation property',
'centroid of B78310P8078A002-T2988_SW0001',#10299);
#10338=REPRESENTATION('centroid',(#10336),#10289);
#10339=PROPERTY_DEFINITION_REPRESENTATION(#10337,#10338);
#10340=SHAPE_DEFINITION_REPRESENTATION(#10299,#10290);
ENDSEC;
END-ISO-10303-21;
